# Blender 4.5.4 LTS
# www.blender.org
mtllib dental wires.mtl
o Archwire_Bottom
v -0.264621 4.885613 -0.098822
v -0.264955 4.885590 -0.098864
v -0.265257 4.885504 -0.098892
v -0.265497 4.885365 -0.098903
v -0.265653 4.885187 -0.098896
v -0.265708 4.884986 -0.098872
v -0.265771 4.880615 -0.098197
v -0.265721 4.880411 -0.098158
v -0.265570 4.880224 -0.098108
v -0.265334 4.880073 -0.098052
v -0.265035 4.879972 -0.097996
v -0.264703 4.879931 -0.097944
v -0.264369 4.879954 -0.097902
v -0.264067 4.880040 -0.097874
v -0.263827 4.880178 -0.097862
v -0.263671 4.880357 -0.097869
v -0.263616 4.880558 -0.097893
v -0.263553 4.884929 -0.098568
v -0.263603 4.885133 -0.098607
v -0.263753 4.885320 -0.098657
v -0.263990 4.885471 -0.098713
v -0.264289 4.885572 -0.098770
v -0.265592 4.880313 -0.066139
v -0.265926 4.880286 -0.066157
v -0.266228 4.880200 -0.066178
v -0.266468 4.880063 -0.066201
v -0.266623 4.879889 -0.066223
v -0.266677 4.879694 -0.066242
v -0.266710 4.875490 -0.066590
v -0.266659 4.875294 -0.066604
v -0.266507 4.875117 -0.066612
v -0.266269 4.874975 -0.066612
v -0.265969 4.874882 -0.066605
v -0.265635 4.874847 -0.066592
v -0.265301 4.874875 -0.066574
v -0.264999 4.874961 -0.066553
v -0.264759 4.875098 -0.066530
v -0.264604 4.875272 -0.066508
v -0.264549 4.875466 -0.066489
v -0.264516 4.879671 -0.066140
v -0.264568 4.879867 -0.066127
v -0.264720 4.880044 -0.066119
v -0.264958 4.880186 -0.066119
v -0.265258 4.880279 -0.066126
v -0.265565 4.874533 -0.035397
v -0.265900 4.874500 -0.035386
v -0.266201 4.874412 -0.035396
v -0.266442 4.874276 -0.035426
v -0.266596 4.874106 -0.035472
v -0.266651 4.873920 -0.035531
v -0.266686 4.869900 -0.036867
v -0.266635 4.869714 -0.036932
v -0.266483 4.869548 -0.036997
v -0.266245 4.869417 -0.037056
v -0.265945 4.869334 -0.037103
v -0.265611 4.869308 -0.037133
v -0.265277 4.869340 -0.037144
v -0.264975 4.869429 -0.037134
v -0.264735 4.869564 -0.037104
v -0.264580 4.869734 -0.037058
v -0.264525 4.869920 -0.036999
v -0.264490 4.873940 -0.035664
v -0.264542 4.874126 -0.035598
v -0.264694 4.874292 -0.035533
v -0.264931 4.874424 -0.035474
v -0.265232 4.874506 -0.035427
v -0.264500 4.868378 -0.006438
v -0.264832 4.868338 -0.006393
v -0.265134 4.868246 -0.006385
v -0.265374 4.868110 -0.006415
v -0.265529 4.867945 -0.006480
v -0.265585 4.867765 -0.006573
v -0.265654 4.863934 -0.008798
v -0.265604 4.863758 -0.008911
v -0.265455 4.863604 -0.009032
v -0.265219 4.863485 -0.009150
v -0.264921 4.863414 -0.009253
v -0.264589 4.863398 -0.009330
v -0.264256 4.863437 -0.009375
v -0.263955 4.863530 -0.009383
v -0.263715 4.863665 -0.009353
v -0.263559 4.863831 -0.009288
v -0.263503 4.864010 -0.009195
v -0.263435 4.867841 -0.006970
v -0.263484 4.868017 -0.006857
v -0.263634 4.868172 -0.006736
v -0.263869 4.868290 -0.006618
v -0.264168 4.868361 -0.006515
v -0.262356 4.861957 0.020906
v -0.262686 4.861907 0.020990
v -0.262985 4.861810 0.021022
v -0.263225 4.861672 0.020999
v -0.263381 4.861509 0.020923
v -0.263439 4.861336 0.020802
v -0.263567 4.857679 0.017833
v -0.263521 4.857513 0.017678
v -0.263375 4.857370 0.017506
v -0.263144 4.857265 0.017332
v -0.262850 4.857207 0.017173
v -0.262522 4.857203 0.017046
v -0.262193 4.857251 0.016962
v -0.261893 4.857349 0.016930
v -0.261654 4.857486 0.016953
v -0.261497 4.857649 0.017028
v -0.261439 4.857822 0.017149
v -0.261311 4.861480 0.020119
v -0.261358 4.861646 0.020273
v -0.261503 4.861788 0.020446
v -0.261735 4.861894 0.020620
v -0.262028 4.861952 0.020779
v -0.259102 4.855376 0.046809
v -0.259426 4.855317 0.046935
v -0.259722 4.855211 0.046997
v -0.259960 4.855070 0.046988
v -0.260116 4.854908 0.046910
v -0.260177 4.854740 0.046770
v -0.260376 4.851225 0.043237
v -0.260334 4.851068 0.043049
v -0.260194 4.850936 0.042832
v -0.259969 4.850843 0.042606
v -0.259682 4.850799 0.042393
v -0.259360 4.850807 0.042216
v -0.259036 4.850867 0.042090
v -0.258741 4.850972 0.042028
v -0.258503 4.851113 0.042037
v -0.258346 4.851275 0.042114
v -0.258286 4.851444 0.042254
v -0.258087 4.854959 0.045788
v -0.258129 4.855116 0.045976
v -0.258269 4.855247 0.046193
v -0.258493 4.855340 0.046419
v -0.258780 4.855384 0.046631
v -0.254706 4.848742 0.071458
v -0.255023 4.848670 0.071627
v -0.255312 4.848556 0.071723
v -0.255546 4.848409 0.071736
v -0.255702 4.848245 0.071664
v -0.255764 4.848079 0.071515
v -0.256028 4.844662 0.067616
v -0.255990 4.844511 0.067404
v -0.255857 4.844389 0.067149
v -0.255640 4.844309 0.066878
v -0.255362 4.844278 0.066616
v -0.255050 4.844300 0.066389
v -0.254733 4.844371 0.066219
v -0.254444 4.844486 0.066123
v -0.254210 4.844632 0.066110
v -0.254054 4.844796 0.066182
v -0.253992 4.844962 0.066332
v -0.253728 4.848379 0.070231
v -0.253765 4.848530 0.070443
v -0.253899 4.848651 0.070697
v -0.254115 4.848732 0.070968
v -0.254393 4.848763 0.071230
v -0.249140 4.842153 0.095049
v -0.249446 4.842070 0.095263
v -0.249727 4.841945 0.095396
v -0.249954 4.841791 0.095436
v -0.250107 4.841622 0.095378
v -0.250169 4.841457 0.095228
v -0.250472 4.838087 0.091163
v -0.250438 4.837939 0.090936
v -0.250311 4.837826 0.090654
v -0.250104 4.837756 0.090344
v -0.249836 4.837737 0.090037
v -0.249534 4.837771 0.089764
v -0.249228 4.837855 0.089550
v -0.248948 4.837980 0.089416
v -0.248720 4.838134 0.089377
v -0.248568 4.838302 0.089435
v -0.248505 4.838468 0.089585
v -0.248202 4.841838 0.093650
v -0.248236 4.841985 0.093877
v -0.248363 4.842099 0.094159
v -0.248571 4.842169 0.094468
v -0.248838 4.842187 0.094775
v -0.242373 4.835708 0.117789
v -0.242667 4.835612 0.118047
v -0.242936 4.835476 0.118219
v -0.243154 4.835313 0.118290
v -0.243300 4.835139 0.118253
v -0.243360 4.834971 0.118111
v -0.243658 4.831595 0.114065
v -0.243625 4.831450 0.113832
v -0.243504 4.831342 0.113531
v -0.243306 4.831281 0.113191
v -0.243049 4.831273 0.112846
v -0.242760 4.831319 0.112529
v -0.242467 4.831415 0.112272
v -0.242198 4.831551 0.112100
v -0.241980 4.831714 0.112028
v -0.241834 4.831888 0.112066
v -0.241774 4.832056 0.112208
v -0.241476 4.835431 0.116254
v -0.241508 4.835577 0.116487
v -0.241630 4.835685 0.116788
v -0.241828 4.835746 0.117128
v -0.242084 4.835754 0.117473
v -0.234374 4.829497 0.139893
v -0.234652 4.829390 0.140191
v -0.234907 4.829243 0.140404
v -0.235113 4.829070 0.140509
v -0.235250 4.828889 0.140498
v -0.235304 4.828717 0.140370
v -0.235537 4.825291 0.136505
v -0.235504 4.825145 0.136274
v -0.235386 4.825040 0.135962
v -0.235196 4.824985 0.135600
v -0.234951 4.824986 0.135223
v -0.234676 4.825043 0.134868
v -0.234398 4.825150 0.134570
v -0.234143 4.825297 0.134357
v -0.233937 4.825470 0.134252
v -0.233800 4.825651 0.134263
v -0.233746 4.825823 0.134390
v -0.233513 4.829249 0.138256
v -0.233546 4.829395 0.138487
v -0.233664 4.829501 0.138799
v -0.233854 4.829556 0.139161
v -0.234099 4.829554 0.139538
v -0.225104 4.823610 0.161577
v -0.225366 4.823493 0.161913
v -0.225604 4.823335 0.162165
v -0.225795 4.823153 0.162307
v -0.225919 4.822964 0.162325
v -0.225965 4.822787 0.162217
v -0.226065 4.819276 0.158664
v -0.226028 4.819128 0.158442
v -0.225912 4.819023 0.158127
v -0.225728 4.818973 0.157749
v -0.225494 4.818981 0.157346
v -0.225234 4.819046 0.156958
v -0.224972 4.819164 0.156621
v -0.224734 4.819322 0.156370
v -0.224543 4.819504 0.156228
v -0.224419 4.819693 0.156210
v -0.224373 4.819870 0.156317
v -0.224273 4.823381 0.159870
v -0.224310 4.823529 0.160092
v -0.224426 4.823634 0.160408
v -0.224610 4.823685 0.160785
v -0.224844 4.823677 0.161188
v -0.214524 4.818135 0.183060
v -0.214769 4.818008 0.183431
v -0.214988 4.817841 0.183720
v -0.215161 4.817650 0.183898
v -0.215270 4.817453 0.183948
v -0.215304 4.817269 0.183865
v -0.215202 4.813654 0.180723
v -0.215158 4.813502 0.180515
v -0.215041 4.813397 0.180202
v -0.214861 4.813349 0.179815
v -0.214638 4.813362 0.179393
v -0.214391 4.813436 0.178975
v -0.214146 4.813562 0.178604
v -0.213926 4.813729 0.178315
v -0.213753 4.813920 0.178137
v -0.213645 4.814117 0.178087
v -0.213611 4.814301 0.178170
v -0.213713 4.817916 0.181312
v -0.213756 4.818068 0.181520
v -0.213874 4.818173 0.181833
v -0.214053 4.818222 0.182220
v -0.214277 4.818208 0.182642
v -0.202554 4.813145 0.204619
v -0.202782 4.813011 0.205022
v -0.202982 4.812836 0.205345
v -0.203136 4.812636 0.205556
v -0.203229 4.812433 0.205636
v -0.203250 4.812244 0.205575
v -0.202932 4.808538 0.202822
v -0.202881 4.808383 0.202628
v -0.202762 4.808278 0.202318
v -0.202587 4.808231 0.201924
v -0.202373 4.808248 0.201483
v -0.202140 4.808328 0.201040
v -0.201913 4.808461 0.200637
v -0.201712 4.808637 0.200314
v -0.201558 4.808836 0.200102
v -0.201466 4.809040 0.200023
v -0.201444 4.809228 0.200083
v -0.201762 4.812934 0.202836
v -0.201814 4.813089 0.203031
v -0.201933 4.813195 0.203341
v -0.202108 4.813241 0.203735
v -0.202322 4.813224 0.204175
v -0.186584 4.807764 0.230104
v -0.186792 4.807623 0.230538
v -0.186973 4.807441 0.230892
v -0.187109 4.807236 0.231132
v -0.187186 4.807027 0.231235
v -0.187198 4.806835 0.231190
v -0.186727 4.803078 0.228679
v -0.186672 4.802921 0.228491
v -0.186555 4.802816 0.228179
v -0.186388 4.802772 0.227772
v -0.186187 4.802794 0.227310
v -0.185971 4.802879 0.226840
v -0.185763 4.803020 0.226406
v -0.185582 4.803201 0.226052
v -0.185447 4.803407 0.225811
v -0.185369 4.803616 0.225708
v -0.185357 4.803808 0.225753
v -0.185828 4.807565 0.228264
v -0.185884 4.807721 0.228452
v -0.186001 4.807827 0.228765
v -0.186168 4.807870 0.229172
v -0.186369 4.807848 0.229633
v -0.170516 4.803417 0.252184
v -0.170702 4.803271 0.252648
v -0.170861 4.803083 0.253032
v -0.170978 4.802873 0.253298
v -0.171041 4.802660 0.253420
v -0.171045 4.802465 0.253387
v -0.170472 4.798681 0.251016
v -0.170415 4.798524 0.250830
v -0.170303 4.798420 0.250510
v -0.170148 4.798379 0.250086
v -0.169965 4.798406 0.249601
v -0.169770 4.798497 0.249102
v -0.169584 4.798643 0.248638
v -0.169425 4.798831 0.248254
v -0.169308 4.799041 0.247988
v -0.169244 4.799254 0.247866
v -0.169241 4.799448 0.247900
v -0.169814 4.803233 0.250270
v -0.169871 4.803390 0.250456
v -0.169982 4.803493 0.250777
v -0.170138 4.803534 0.251200
v -0.170321 4.803508 0.251685
v -0.154282 4.800006 0.271038
v -0.154443 4.799855 0.271530
v -0.154579 4.799663 0.271941
v -0.154676 4.799448 0.272230
v -0.154725 4.799232 0.272370
v -0.154721 4.799036 0.272345
v -0.154061 4.795233 0.270074
v -0.154005 4.795076 0.269888
v -0.153901 4.794974 0.269559
v -0.153760 4.794937 0.269119
v -0.153596 4.794967 0.268611
v -0.153425 4.795063 0.268085
v -0.153263 4.795214 0.267593
v -0.153127 4.795407 0.267182
v -0.153030 4.795621 0.266892
v -0.152982 4.795837 0.266753
v -0.152986 4.796033 0.266778
v -0.153645 4.799836 0.269049
v -0.153702 4.799993 0.269235
v -0.153806 4.800095 0.269564
v -0.153947 4.800133 0.270004
v -0.154111 4.800102 0.270512
v -0.137786 4.797425 0.286883
v -0.137922 4.797269 0.287401
v -0.138033 4.797072 0.287835
v -0.138110 4.796854 0.288144
v -0.138145 4.796637 0.288297
v -0.138134 4.796440 0.288279
v -0.137414 4.792627 0.286065
v -0.137359 4.792471 0.285878
v -0.137264 4.792370 0.285540
v -0.137139 4.792335 0.285085
v -0.136997 4.792369 0.284556
v -0.136851 4.792469 0.284006
v -0.136716 4.792624 0.283488
v -0.136604 4.792820 0.283054
v -0.136527 4.793038 0.282745
v -0.136493 4.793257 0.282592
v -0.136504 4.793454 0.282610
v -0.137223 4.797266 0.284823
v -0.137279 4.797422 0.285011
v -0.137374 4.797523 0.285349
v -0.137498 4.797558 0.285804
v -0.137640 4.797524 0.286333
v -0.120934 4.795564 0.299936
v -0.121043 4.795405 0.300474
v -0.121131 4.795207 0.300927
v -0.121188 4.794986 0.301251
v -0.121209 4.794767 0.301414
v -0.121193 4.794569 0.301400
v -0.120447 4.790754 0.299207
v -0.120395 4.790598 0.299017
v -0.120311 4.790498 0.298671
v -0.120204 4.790465 0.298202
v -0.120085 4.790502 0.297655
v -0.119965 4.790604 0.297085
v -0.119856 4.790763 0.296547
v -0.119768 4.790962 0.296094
v -0.119711 4.791182 0.295770
v -0.119690 4.791401 0.295607
v -0.119706 4.791599 0.295621
v -0.120452 4.795414 0.297814
v -0.120504 4.795570 0.298003
v -0.120588 4.795670 0.298349
v -0.120695 4.795703 0.298819
v -0.120814 4.795667 0.299366
v -0.103632 4.794319 0.310408
v -0.103716 4.794158 0.310961
v -0.103780 4.793957 0.311428
v -0.103820 4.793736 0.311763
v -0.103830 4.793516 0.311932
v -0.103810 4.793318 0.311921
v -0.103077 4.789504 0.309720
v -0.103029 4.789348 0.309528
v -0.102958 4.789249 0.309174
v -0.102869 4.789217 0.308693
v -0.102774 4.789255 0.308132
v -0.102679 4.789360 0.307547
v -0.102595 4.789520 0.306993
v -0.102531 4.789721 0.306526
v -0.102491 4.789942 0.306192
v -0.102481 4.790163 0.306022
v -0.102501 4.790360 0.306034
v -0.103234 4.794175 0.308234
v -0.103282 4.794331 0.308426
v -0.103353 4.794429 0.308780
v -0.103441 4.794461 0.309261
v -0.103537 4.794423 0.309822
v -0.085789 4.793581 0.318509
v -0.085849 4.793420 0.319073
v -0.085893 4.793218 0.319550
v -0.085918 4.792996 0.319891
v -0.085919 4.792775 0.320065
v -0.085898 4.792578 0.320054
v -0.085218 4.788765 0.317829
v -0.085177 4.788610 0.317634
v -0.085118 4.788512 0.317274
v -0.085049 4.788481 0.316784
v -0.084975 4.788520 0.316213
v -0.084905 4.788626 0.315617
v -0.084845 4.788787 0.315053
v -0.084800 4.788989 0.314576
v -0.084776 4.789211 0.314235
v -0.084774 4.789432 0.314061
v -0.084796 4.789629 0.314072
v -0.085475 4.793441 0.316297
v -0.085517 4.793597 0.316492
v -0.085576 4.793695 0.316852
v -0.085645 4.793726 0.317341
v -0.085718 4.793687 0.317912
v -0.067316 4.793245 0.324451
v -0.067356 4.793083 0.325022
v -0.067383 4.792881 0.325504
v -0.067395 4.792659 0.325850
v -0.067391 4.792438 0.326025
v -0.067371 4.792240 0.326014
v -0.066783 4.788430 0.323759
v -0.066749 4.788275 0.323561
v -0.066704 4.788177 0.323197
v -0.066653 4.788146 0.322702
v -0.066600 4.788186 0.322124
v -0.066552 4.788292 0.321520
v -0.066512 4.788454 0.320949
v -0.066484 4.788656 0.320467
v -0.066472 4.788878 0.320122
v -0.066476 4.789099 0.319946
v -0.066497 4.789297 0.319958
v -0.067085 4.793107 0.322213
v -0.067119 4.793262 0.322410
v -0.067164 4.793360 0.322774
v -0.067215 4.793391 0.323270
v -0.067267 4.793351 0.323848
v -0.048126 4.793202 0.328447
v -0.048149 4.793041 0.329021
v -0.048163 4.792839 0.329506
v -0.048166 4.792616 0.329853
v -0.048159 4.792395 0.330030
v -0.048141 4.792198 0.330018
v -0.047680 4.788388 0.327736
v -0.047654 4.788232 0.327536
v -0.047623 4.788135 0.327169
v -0.047589 4.788104 0.326670
v -0.047556 4.788144 0.326088
v -0.047526 4.788249 0.325480
v -0.047503 4.788412 0.324906
v -0.047489 4.788614 0.324421
v -0.047486 4.788836 0.324074
v -0.047493 4.789057 0.323898
v -0.047511 4.789255 0.323910
v -0.047972 4.793065 0.326192
v -0.047998 4.793220 0.326391
v -0.048029 4.793318 0.326758
v -0.048063 4.793348 0.327257
v -0.048096 4.793308 0.327839
v -0.028133 4.793345 0.330710
v -0.028142 4.793183 0.331286
v -0.028146 4.792981 0.331771
v -0.028144 4.792759 0.332120
v -0.028136 4.792538 0.332296
v -0.028124 4.792340 0.332283
v -0.027818 4.788529 0.329983
v -0.027802 4.788374 0.329783
v -0.027784 4.788276 0.329414
v -0.027765 4.788246 0.328913
v -0.027748 4.788285 0.328329
v -0.027735 4.788391 0.327720
v -0.027726 4.788553 0.327144
v -0.027722 4.788755 0.326658
v -0.027724 4.788977 0.326310
v -0.027731 4.789198 0.326133
v -0.027744 4.789396 0.326146
v -0.028050 4.793207 0.328446
v -0.028066 4.793362 0.328647
v -0.028084 4.793460 0.329015
v -0.028103 4.793490 0.329516
v -0.028119 4.793451 0.330100
v -0.007251 4.793564 0.331456
v -0.007250 4.793402 0.332033
v -0.007247 4.793200 0.332519
v -0.007243 4.792978 0.332867
v -0.007237 4.792758 0.333043
v -0.007231 4.792560 0.333030
v -0.007103 4.788747 0.330723
v -0.007097 4.788591 0.330522
v -0.007092 4.788494 0.330153
v -0.007088 4.788463 0.329652
v -0.007085 4.788502 0.329067
v -0.007084 4.788608 0.328457
v -0.007085 4.788770 0.327881
v -0.007088 4.788972 0.327395
v -0.007092 4.789194 0.327046
v -0.007098 4.789415 0.326870
v -0.007104 4.789613 0.326883
v -0.007232 4.793425 0.329190
v -0.007238 4.793581 0.329391
v -0.007243 4.793679 0.329760
v -0.007247 4.793709 0.330262
v -0.007250 4.793670 0.330846
v 0.014611 4.793751 0.330905
v 0.014620 4.793589 0.331481
v 0.014626 4.793387 0.331967
v 0.014630 4.793165 0.332315
v 0.014631 4.792944 0.332491
v 0.014629 4.792746 0.332479
v 0.014556 4.788932 0.330176
v 0.014551 4.788777 0.329976
v 0.014544 4.788679 0.329607
v 0.014535 4.788648 0.329106
v 0.014525 4.788687 0.328521
v 0.014515 4.788793 0.327911
v 0.014507 4.788955 0.327335
v 0.014500 4.789156 0.326849
v 0.014496 4.789379 0.326501
v 0.014495 4.789600 0.326325
v 0.014497 4.789798 0.326337
v 0.014570 4.793612 0.328640
v 0.014575 4.793767 0.328841
v 0.014582 4.793865 0.329209
v 0.014591 4.793896 0.329710
v 0.014601 4.793857 0.330295
v 0.034074 4.793799 0.329378
v 0.034090 4.793638 0.329954
v 0.034101 4.793436 0.330440
v 0.034104 4.793214 0.330788
v 0.034101 4.792993 0.330965
v 0.034090 4.792795 0.330952
v 0.033797 4.788980 0.328668
v 0.033781 4.788825 0.328468
v 0.033760 4.788727 0.328100
v 0.033737 4.788696 0.327601
v 0.033714 4.788735 0.327017
v 0.033694 4.788841 0.326408
v 0.033677 4.789002 0.325833
v 0.033667 4.789204 0.325347
v 0.033663 4.789426 0.324999
v 0.033667 4.789648 0.324822
v 0.033678 4.789845 0.324834
v 0.033970 4.793660 0.327119
v 0.033987 4.793816 0.327318
v 0.034008 4.793914 0.327686
v 0.034030 4.793944 0.328186
v 0.034053 4.793905 0.328769
v 0.052597 4.793778 0.326696
v 0.052624 4.793616 0.327271
v 0.052641 4.793415 0.327755
v 0.052646 4.793192 0.328103
v 0.052639 4.792971 0.328280
v 0.052621 4.792773 0.328270
v 0.052121 4.788959 0.326016
v 0.052093 4.788803 0.325818
v 0.052058 4.788705 0.325452
v 0.052020 4.788674 0.324954
v 0.051982 4.788713 0.324374
v 0.051948 4.788819 0.323767
v 0.051921 4.788980 0.323193
v 0.051904 4.789183 0.322708
v 0.051898 4.789405 0.322360
v 0.051905 4.789626 0.322183
v 0.051924 4.789824 0.322194
v 0.052423 4.793638 0.324447
v 0.052451 4.793794 0.324645
v 0.052486 4.793892 0.325011
v 0.052525 4.793923 0.325509
v 0.052563 4.793884 0.326089
v 0.070254 4.793795 0.322688
v 0.070294 4.793633 0.323259
v 0.070321 4.793431 0.323741
v 0.070331 4.793209 0.324088
v 0.070324 4.792988 0.324265
v 0.070300 4.792790 0.324256
v 0.069626 4.788975 0.322042
v 0.069587 4.788819 0.321847
v 0.069538 4.788721 0.321484
v 0.069483 4.788690 0.320990
v 0.069428 4.788729 0.320414
v 0.069377 4.788835 0.319810
v 0.069336 4.788997 0.319240
v 0.069310 4.789198 0.318757
v 0.069299 4.789421 0.318410
v 0.069306 4.789641 0.318233
v 0.069331 4.789840 0.318243
v 0.070005 4.793654 0.320456
v 0.070043 4.793810 0.320652
v 0.070093 4.793908 0.321014
v 0.070148 4.793939 0.321508
v 0.070203 4.793900 0.322085
v 0.087125 4.793957 0.317183
v 0.087183 4.793796 0.317748
v 0.087223 4.793594 0.318226
v 0.087242 4.793372 0.318570
v 0.087238 4.793150 0.318746
v 0.087210 4.792953 0.318738
v 0.086402 4.789136 0.316569
v 0.086354 4.788980 0.316376
v 0.086291 4.788882 0.316018
v 0.086218 4.788851 0.315530
v 0.086144 4.788890 0.314960
v 0.086074 4.788995 0.314363
v 0.086016 4.789157 0.313797
v 0.085976 4.789359 0.313319
v 0.085957 4.789581 0.312975
v 0.085962 4.789802 0.312799
v 0.085989 4.789999 0.312808
v 0.086798 4.793816 0.314977
v 0.086845 4.793972 0.315169
v 0.086909 4.794070 0.315527
v 0.086981 4.794101 0.316015
v 0.087056 4.794062 0.316585
v 0.103295 4.794373 0.310013
v 0.103373 4.794212 0.310569
v 0.103430 4.794011 0.311040
v 0.103461 4.793789 0.311378
v 0.103462 4.793568 0.311552
v 0.103434 4.793370 0.311544
v 0.102538 4.789551 0.309414
v 0.102483 4.789395 0.309225
v 0.102407 4.789297 0.308873
v 0.102316 4.789265 0.308393
v 0.102221 4.789303 0.307831
v 0.102130 4.789408 0.307244
v 0.102052 4.789569 0.306688
v 0.101995 4.789770 0.306217
v 0.101964 4.789992 0.305878
v 0.101963 4.790213 0.305705
v 0.101991 4.790411 0.305713
v 0.102887 4.794230 0.307843
v 0.102942 4.794386 0.308032
v 0.103018 4.794485 0.308384
v 0.103109 4.794516 0.308864
v 0.103204 4.794477 0.309425
v 0.118847 4.795149 0.301014
v 0.118947 4.794989 0.301557
v 0.119024 4.794789 0.302016
v 0.119070 4.794568 0.302345
v 0.119081 4.794348 0.302514
v 0.119054 4.794150 0.302505
v 0.118122 4.790329 0.300396
v 0.118061 4.790173 0.300210
v 0.117973 4.790073 0.299865
v 0.117865 4.790041 0.299395
v 0.117748 4.790078 0.298846
v 0.117634 4.790182 0.298272
v 0.117534 4.790341 0.297729
v 0.117457 4.790542 0.297270
v 0.117411 4.790763 0.296940
v 0.117400 4.790983 0.296772
v 0.117426 4.791181 0.296781
v 0.118359 4.795002 0.298890
v 0.118419 4.795158 0.299076
v 0.118508 4.795257 0.299421
v 0.118616 4.795290 0.299891
v 0.118732 4.795252 0.300440
v 0.133867 4.796391 0.290021
v 0.133992 4.796234 0.290546
v 0.134091 4.796035 0.290988
v 0.134155 4.795815 0.291305
v 0.134177 4.795596 0.291465
v 0.134155 4.795399 0.291452
v 0.133238 4.791579 0.289332
v 0.133174 4.791423 0.289149
v 0.133076 4.791323 0.288811
v 0.132951 4.791288 0.288354
v 0.132813 4.791324 0.287821
v 0.132674 4.791426 0.287265
v 0.132549 4.791584 0.286740
v 0.132450 4.791781 0.286297
v 0.132386 4.792001 0.285980
v 0.132364 4.792221 0.285820
v 0.132386 4.792418 0.285833
v 0.133303 4.796237 0.287953
v 0.133366 4.796394 0.288137
v 0.133465 4.796494 0.288474
v 0.133590 4.796528 0.288931
v 0.133728 4.796493 0.289464
v 0.148445 4.798204 0.276869
v 0.148595 4.798050 0.277372
v 0.148717 4.797855 0.277793
v 0.148801 4.797638 0.278092
v 0.148837 4.797420 0.278240
v 0.148822 4.797224 0.278221
v 0.147968 4.793412 0.276044
v 0.147904 4.793255 0.275861
v 0.147796 4.793154 0.275531
v 0.147656 4.793118 0.275088
v 0.147497 4.793151 0.274574
v 0.147334 4.793250 0.274039
v 0.147184 4.793404 0.273537
v 0.147062 4.793600 0.273115
v 0.146978 4.793817 0.272816
v 0.146942 4.794034 0.272669
v 0.146957 4.794231 0.272688
v 0.147811 4.798042 0.274865
v 0.147875 4.798199 0.275048
v 0.147983 4.798300 0.275377
v 0.148123 4.798336 0.275821
v 0.148282 4.798303 0.276335
v 0.162673 4.800695 0.261392
v 0.162847 4.800545 0.261868
v 0.162993 4.800354 0.262263
v 0.163097 4.800140 0.262540
v 0.163149 4.799925 0.262671
v 0.163142 4.799730 0.262643
v 0.162391 4.795937 0.260354
v 0.162328 4.795780 0.260170
v 0.162214 4.795678 0.259847
v 0.162060 4.795640 0.259419
v 0.161882 4.795669 0.258925
v 0.161696 4.795763 0.258416
v 0.161522 4.795914 0.257940
v 0.161376 4.796105 0.257544
v 0.161272 4.796318 0.257267
v 0.161220 4.796533 0.257137
v 0.161227 4.796728 0.257165
v 0.161978 4.800522 0.259454
v 0.162041 4.800678 0.259638
v 0.162155 4.800781 0.259960
v 0.162309 4.800819 0.260389
v 0.162487 4.800789 0.260882
v 0.176644 4.803967 0.243416
v 0.176842 4.803823 0.243863
v 0.177011 4.803637 0.244229
v 0.177135 4.803428 0.244480
v 0.177202 4.803217 0.244591
v 0.177205 4.803024 0.244551
v 0.176586 4.799262 0.242092
v 0.176526 4.799106 0.241904
v 0.176407 4.799002 0.241588
v 0.176242 4.798961 0.241174
v 0.176047 4.798987 0.240702
v 0.175840 4.799077 0.240220
v 0.175643 4.799221 0.239773
v 0.175474 4.799407 0.239407
v 0.175349 4.799616 0.239156
v 0.175283 4.799827 0.239045
v 0.175279 4.800020 0.239086
v 0.175898 4.803782 0.241544
v 0.175959 4.803938 0.241732
v 0.176077 4.804042 0.242048
v 0.176242 4.804083 0.242462
v 0.176438 4.804057 0.242934
v 0.190455 4.808130 0.222766
v 0.190673 4.807992 0.223182
v 0.190863 4.807812 0.223517
v 0.191006 4.807609 0.223740
v 0.191088 4.807402 0.223828
v 0.191102 4.807212 0.223773
v 0.190632 4.803494 0.221091
v 0.190575 4.803340 0.220898
v 0.190454 4.803236 0.220586
v 0.190279 4.803192 0.220185
v 0.190069 4.803213 0.219736
v 0.189844 4.803297 0.219281
v 0.189626 4.803436 0.218865
v 0.189436 4.803615 0.218530
v 0.189293 4.803818 0.218307
v 0.189211 4.804025 0.218219
v 0.189198 4.804215 0.218274
v 0.189667 4.807932 0.220955
v 0.189724 4.808087 0.221149
v 0.189846 4.808191 0.221461
v 0.190020 4.808235 0.221861
v 0.190230 4.808214 0.222311
v 0.204246 4.813308 0.199179
v 0.204481 4.813176 0.199566
v 0.204687 4.813002 0.199874
v 0.204844 4.812804 0.200072
v 0.204937 4.812602 0.200142
v 0.204957 4.812414 0.200076
v 0.204568 4.808726 0.197257
v 0.204513 4.808572 0.197062
v 0.204387 4.808466 0.196756
v 0.204204 4.808419 0.196371
v 0.203982 4.808435 0.195943
v 0.203741 4.808514 0.195514
v 0.203506 4.808646 0.195127
v 0.203300 4.808820 0.194819
v 0.203143 4.809018 0.194620
v 0.203050 4.809220 0.194550
v 0.203030 4.809408 0.194616
v 0.203419 4.813096 0.197436
v 0.203475 4.813250 0.197631
v 0.203600 4.813356 0.197936
v 0.203783 4.813403 0.198322
v 0.204006 4.813386 0.198750
v 0.215541 4.818140 0.177484
v 0.215788 4.818013 0.177847
v 0.216005 4.817844 0.178134
v 0.216170 4.817649 0.178318
v 0.216267 4.817449 0.178380
v 0.216287 4.817261 0.178314
v 0.215848 4.813552 0.175591
v 0.215788 4.813396 0.175404
v 0.215655 4.813287 0.175114
v 0.215461 4.813235 0.174749
v 0.215225 4.813246 0.174346
v 0.214971 4.813319 0.173943
v 0.214724 4.813446 0.173580
v 0.214507 4.813615 0.173293
v 0.214342 4.813809 0.173109
v 0.214245 4.814011 0.173047
v 0.214226 4.814198 0.173113
v 0.214664 4.817907 0.175837
v 0.214724 4.818063 0.176024
v 0.214858 4.818172 0.176314
v 0.215052 4.818224 0.176678
v 0.215287 4.818213 0.177081
v 0.225510 4.822779 0.155880
v 0.225770 4.822657 0.156217
v 0.225996 4.822493 0.156483
v 0.226167 4.822301 0.156654
v 0.226266 4.822101 0.156711
v 0.226284 4.821912 0.156650
v 0.225755 4.818161 0.154122
v 0.225689 4.818002 0.153949
v 0.225546 4.817889 0.153680
v 0.225340 4.817832 0.153342
v 0.225091 4.817836 0.152967
v 0.224824 4.817903 0.152594
v 0.224564 4.818024 0.152257
v 0.224338 4.818189 0.151991
v 0.224167 4.818380 0.151820
v 0.224068 4.818580 0.151763
v 0.224050 4.818769 0.151824
v 0.224579 4.822520 0.154352
v 0.224645 4.822679 0.154525
v 0.224788 4.822793 0.154794
v 0.224994 4.822850 0.155132
v 0.225243 4.822845 0.155507
v 0.234194 4.827315 0.134295
v 0.234466 4.827200 0.134599
v 0.234703 4.827041 0.134839
v 0.234882 4.826854 0.134991
v 0.234985 4.826655 0.135039
v 0.235002 4.826467 0.134979
v 0.234419 4.822687 0.132588
v 0.234348 4.822526 0.132426
v 0.234196 4.822407 0.132178
v 0.233979 4.822344 0.131867
v 0.233717 4.822342 0.131526
v 0.233436 4.822402 0.131186
v 0.233164 4.822516 0.130881
v 0.232927 4.822675 0.130641
v 0.232748 4.822863 0.130489
v 0.232645 4.823061 0.130441
v 0.232629 4.823250 0.130501
v 0.233212 4.827030 0.132893
v 0.233282 4.827191 0.133055
v 0.233434 4.827309 0.133303
v 0.233651 4.827372 0.133613
v 0.233913 4.827374 0.133955
v 0.241680 4.831860 0.112567
v 0.241965 4.831753 0.112835
v 0.242213 4.831601 0.113043
v 0.242401 4.831419 0.113169
v 0.242508 4.831223 0.113203
v 0.242526 4.831035 0.113140
v 0.241925 4.827244 0.110802
v 0.241851 4.827081 0.110649
v 0.241693 4.826959 0.110420
v 0.241466 4.826890 0.110138
v 0.241192 4.826880 0.109831
v 0.240898 4.826932 0.109528
v 0.240613 4.827039 0.109260
v 0.240365 4.827191 0.109053
v 0.240178 4.827374 0.108926
v 0.240070 4.827569 0.108893
v 0.240052 4.827757 0.108956
v 0.240654 4.831548 0.111293
v 0.240728 4.831711 0.111447
v 0.240886 4.831833 0.111675
v 0.241113 4.831902 0.111957
v 0.241387 4.831912 0.112264
v 0.248061 4.836525 0.090534
v 0.248357 4.836427 0.090761
v 0.248616 4.836283 0.090932
v 0.248812 4.836107 0.091028
v 0.248926 4.835916 0.091041
v 0.248947 4.835730 0.090969
v 0.248359 4.831949 0.088584
v 0.248284 4.831785 0.088435
v 0.248121 4.831659 0.088223
v 0.247886 4.831584 0.087968
v 0.247602 4.831567 0.087696
v 0.247297 4.831610 0.087434
v 0.247000 4.831708 0.087206
v 0.246741 4.831853 0.087036
v 0.246545 4.832029 0.086939
v 0.246431 4.832220 0.086927
v 0.246411 4.832406 0.086998
v 0.246999 4.836187 0.089383
v 0.247074 4.836351 0.089532
v 0.247236 4.836477 0.089745
v 0.247471 4.836552 0.089999
v 0.247755 4.836568 0.090271
v 0.253430 4.841423 0.068027
v 0.253736 4.841333 0.068211
v 0.254005 4.841198 0.068341
v 0.254209 4.841030 0.068402
v 0.254329 4.840845 0.068389
v 0.254353 4.840662 0.068304
v 0.253804 4.836915 0.065759
v 0.253729 4.836751 0.065609
v 0.253563 4.836623 0.065409
v 0.253322 4.836543 0.065179
v 0.253030 4.836518 0.064941
v 0.252715 4.836553 0.064719
v 0.252408 4.836642 0.064534
v 0.252139 4.836777 0.064404
v 0.251935 4.836946 0.064343
v 0.251815 4.837131 0.064356
v 0.251791 4.837314 0.064442
v 0.252341 4.841060 0.066986
v 0.252416 4.841224 0.067136
v 0.252582 4.841352 0.067336
v 0.252822 4.841432 0.067566
v 0.253115 4.841456 0.067804
v 0.257882 4.846664 0.044868
v 0.258197 4.846584 0.045010
v 0.258474 4.846459 0.045097
v 0.258686 4.846299 0.045120
v 0.258812 4.846121 0.045077
v 0.258839 4.845942 0.044973
v 0.258342 4.842257 0.042158
v 0.258268 4.842094 0.042002
v 0.258101 4.841965 0.041809
v 0.257856 4.841880 0.041599
v 0.257558 4.841848 0.041392
v 0.257235 4.841874 0.041209
v 0.256920 4.841953 0.041067
v 0.256643 4.842079 0.040980
v 0.256432 4.842238 0.040956
v 0.256306 4.842417 0.040999
v 0.256279 4.842596 0.041104
v 0.256776 4.846281 0.043919
v 0.256850 4.846443 0.044075
v 0.257017 4.846573 0.044267
v 0.257262 4.846658 0.044477
v 0.257560 4.846689 0.044684
v 0.261515 4.852364 0.020873
v 0.261836 4.852294 0.020975
v 0.262119 4.852179 0.021020
v 0.262337 4.852028 0.021004
v 0.262468 4.851858 0.020928
v 0.262499 4.851684 0.020800
v 0.262057 4.848086 0.017620
v 0.261985 4.847927 0.017453
v 0.261817 4.847796 0.017262
v 0.261570 4.847708 0.017067
v 0.261268 4.847670 0.016886
v 0.260940 4.847687 0.016738
v 0.260619 4.847757 0.016636
v 0.260336 4.847873 0.016591
v 0.260118 4.848023 0.016607
v 0.259987 4.848193 0.016683
v 0.259957 4.848367 0.016810
v 0.260398 4.851964 0.019991
v 0.260470 4.852125 0.020158
v 0.260638 4.852255 0.020349
v 0.260885 4.852344 0.020544
v 0.261187 4.852381 0.020724
v 0.264421 4.858638 -0.004150
v 0.264746 4.858578 -0.004084
v 0.265034 4.858472 -0.004079
v 0.265257 4.858331 -0.004133
v 0.265391 4.858170 -0.004243
v 0.265425 4.858002 -0.004396
v 0.265035 4.854515 -0.008015
v 0.264965 4.854359 -0.008197
v 0.264798 4.854229 -0.008391
v 0.264550 4.854138 -0.008576
v 0.264245 4.854095 -0.008736
v 0.263914 4.854105 -0.008855
v 0.263588 4.854165 -0.008920
v 0.263300 4.854271 -0.008925
v 0.263078 4.854412 -0.008871
v 0.262943 4.854574 -0.008762
v 0.262909 4.854741 -0.008608
v 0.263299 4.858228 -0.004989
v 0.263370 4.858385 -0.004807
v 0.263537 4.858514 -0.004613
v 0.263785 4.858605 -0.004428
v 0.264090 4.858648 -0.004268
v 0.266693 4.865604 -0.030393
v 0.267021 4.865551 -0.030359
v 0.267312 4.865455 -0.030389
v 0.267538 4.865324 -0.030480
v 0.267675 4.865171 -0.030622
v 0.267712 4.865011 -0.030802
v 0.267364 4.861652 -0.034905
v 0.267296 4.861501 -0.035106
v 0.267129 4.861373 -0.035307
v 0.266881 4.861281 -0.035488
v 0.266575 4.861234 -0.035633
v 0.266241 4.861237 -0.035727
v 0.265913 4.861290 -0.035760
v 0.265622 4.861386 -0.035730
v 0.265396 4.861517 -0.035640
v 0.265259 4.861670 -0.035497
v 0.265222 4.861830 -0.035317
v 0.265570 4.865189 -0.031214
v 0.265638 4.865340 -0.031014
v 0.265805 4.865468 -0.030813
v 0.266053 4.865560 -0.030631
v 0.266359 4.865607 -0.030487
v 0.268421 4.873378 -0.058050
v 0.268751 4.873333 -0.058042
v 0.269044 4.873245 -0.058104
v 0.269271 4.873124 -0.058227
v 0.269411 4.872979 -0.058401
v 0.269449 4.872827 -0.058608
v 0.269134 4.869609 -0.063214
v 0.269066 4.869463 -0.063434
v 0.268900 4.869339 -0.063645
v 0.268652 4.869247 -0.063827
v 0.268345 4.869197 -0.063963
v 0.268011 4.869195 -0.064038
v 0.267681 4.869240 -0.064045
v 0.267388 4.869328 -0.063984
v 0.267160 4.869449 -0.063860
v 0.267021 4.869594 -0.063687
v 0.266983 4.869746 -0.063480
v 0.267298 4.872963 -0.058874
v 0.267365 4.873109 -0.058654
v 0.267531 4.873234 -0.058442
v 0.267779 4.873326 -0.058260
v 0.268086 4.873375 -0.058125
v 0.269693 4.882078 -0.087311
v 0.270024 4.882040 -0.087325
v 0.270318 4.881960 -0.087413
v 0.270547 4.881846 -0.087566
v 0.270688 4.881711 -0.087769
v 0.270727 4.881566 -0.088002
v 0.270434 4.878497 -0.093107
v 0.270368 4.878357 -0.093347
v 0.270202 4.878236 -0.093571
v 0.269954 4.878146 -0.093757
v 0.269647 4.878095 -0.093887
v 0.269312 4.878088 -0.093948
v 0.268981 4.878126 -0.093934
v 0.268687 4.878206 -0.093846
v 0.268458 4.878319 -0.093693
v 0.268317 4.878455 -0.093490
v 0.268278 4.878600 -0.093257
v 0.268571 4.881669 -0.088152
v 0.268637 4.881808 -0.087911
v 0.268803 4.881929 -0.087687
v 0.269051 4.882020 -0.087501
v 0.269358 4.882071 -0.087371
vn 0.0019 0.9871 0.1601
vn -0.1835 0.9712 0.1520
vn -0.3865 0.9121 0.1364
vn -0.6212 0.7763 0.1074
vn -0.8687 0.4923 0.0540
vn -0.9894 0.1450 -0.0059
vn -0.9917 -0.1186 -0.0487
vn -0.8787 -0.4663 -0.1017
vn -0.6327 -0.7612 -0.1422
vn -0.3963 -0.9043 -0.1584
vn -0.1916 -0.9679 -0.1626
vn -0.0047 -0.9871 -0.1602
vn 0.1822 -0.9714 -0.1521
vn 0.3870 -0.9119 -0.1364
vn 0.6240 -0.7741 -0.1070
vn 0.8730 -0.4849 -0.0527
vn 0.9903 -0.1388 0.0069
vn 0.9908 0.1255 0.0498
vn 0.8725 0.4776 0.1034
vn 0.6253 0.7672 0.1430
vn 0.3904 0.9069 0.1586
vn 0.1873 0.9687 0.1626
vn 0.0011 0.9850 0.1725
vn -0.1842 0.9686 0.1669
vn -0.3869 0.9092 0.1536
vn -0.6213 0.7733 0.1264
vn -0.8686 0.4900 0.0733
vn -0.9896 0.1436 0.0109
vn -0.9922 -0.1196 -0.0353
vn -0.8793 -0.4668 -0.0944
vn -0.6329 -0.7610 -0.1424
vn -0.3962 -0.9034 -0.1639
vn -0.1912 -0.9664 -0.1720
vn -0.0043 -0.9850 -0.1725
vn 0.1825 -0.9689 -0.1670
vn 0.3870 -0.9092 -0.1536
vn 0.6237 -0.7714 -0.1260
vn 0.8727 -0.4829 -0.0719
vn 0.9905 -0.1375 -0.0098
vn 0.9913 0.1264 0.0364
vn 0.8729 0.4782 0.0963
vn 0.6252 0.7672 0.1433
vn 0.3899 0.9061 0.1643
vn 0.1865 0.9673 0.1721
vn 0.0010 0.9805 0.1963
vn -0.1844 0.9631 0.1963
vn -0.3873 0.9026 0.1880
vn -0.6218 0.7656 0.1650
vn -0.8691 0.4817 0.1127
vn -0.9896 0.1362 0.0458
vn -0.9920 -0.1257 -0.0066
vn -0.8791 -0.4703 -0.0777
vn -0.6329 -0.7614 -0.1406
vn -0.3964 -0.9016 -0.1731
vn -0.1916 -0.9631 -0.1893
vn -0.0047 -0.9805 -0.1963
vn 0.1820 -0.9635 -0.1963
vn 0.3867 -0.9029 -0.1880
vn 0.6235 -0.7643 -0.1647
vn 0.8726 -0.4756 -0.1115
vn 0.9904 -0.1306 -0.0447
vn 0.9912 0.1321 0.0079
vn 0.8728 0.4814 0.0800
vn 0.6251 0.7675 0.1420
vn 0.3898 0.9044 0.1738
vn 0.1865 0.9640 0.1895
vn 0.0035 0.9759 0.2180
vn -0.1824 0.9573 0.2245
vn -0.3866 0.8951 0.2223
vn -0.6230 0.7550 0.2046
vn -0.8710 0.4664 0.1543
vn -0.9893 0.1194 0.0835
vn -0.9897 -0.1408 0.0253
vn -0.8755 -0.4798 -0.0571
vn -0.6315 -0.7636 -0.1345
vn -0.3975 -0.9001 -0.1785
vn -0.1941 -0.9596 -0.2035
vn -0.0077 -0.9760 -0.2178
vn 0.1794 -0.9578 -0.2245
vn 0.3851 -0.8957 -0.2224
vn 0.6238 -0.7544 -0.2045
vn 0.8738 -0.4615 -0.1533
vn 0.9900 -0.1145 -0.0824
vn 0.9889 0.1466 -0.0240
vn 0.8697 0.4900 0.0596
vn 0.6240 0.7694 0.1362
vn 0.3909 0.9028 0.1794
vn 0.1887 0.9606 0.2039
vn 0.0082 0.9716 0.2365
vn -0.1780 0.9516 0.2506
vn -0.3841 0.8872 0.2558
vn -0.6239 0.7422 0.2448
vn -0.8738 0.4444 0.1974
vn -0.9880 0.0927 0.1231
vn -0.9843 -0.1660 0.0595
vn -0.8673 -0.4966 -0.0332
vn -0.6270 -0.7691 -0.1242
vn -0.3978 -0.8998 -0.1794
vn -0.1977 -0.9567 -0.2137
vn -0.0128 -0.9716 -0.2361
vn 0.1744 -0.9523 -0.2504
vn 0.3818 -0.8881 -0.2558
vn 0.6236 -0.7424 -0.2448
vn 0.8756 -0.4411 -0.1968
vn 0.9885 -0.0889 -0.1222
vn 0.9836 0.1707 -0.0583
vn 0.8621 0.5054 0.0358
vn 0.6200 0.7744 0.1261
vn 0.3914 0.9023 0.1806
vn 0.1922 0.9577 0.2144
vn 0.0141 0.9679 0.2510
vn -0.1714 0.9465 0.2735
vn -0.3793 0.8795 0.2874
vn -0.6235 0.7281 0.2849
vn -0.8761 0.4170 0.2418
vn -0.9848 0.0571 0.1642
vn -0.9750 -0.2007 0.0953
vn -0.8534 -0.5212 -0.0070
vn -0.6175 -0.7788 -0.1101
vn -0.3955 -0.9015 -0.1758
vn -0.2006 -0.9548 -0.2193
vn -0.0188 -0.9680 -0.2503
vn 0.1673 -0.9473 -0.2731
vn 0.3761 -0.8809 -0.2874
vn 0.6220 -0.7293 -0.2850
vn 0.8769 -0.4156 -0.2416
vn 0.9850 -0.0545 -0.1635
vn 0.9744 0.2042 -0.0942
vn 0.8490 0.5282 0.0095
vn 0.6115 0.7833 0.1122
vn 0.3895 0.9038 0.1773
vn 0.1952 0.9557 0.2203
vn 0.0196 0.9653 0.2606
vn -0.1636 0.9423 0.2921
vn -0.3722 0.8727 0.3161
vn -0.6207 0.7140 0.3239
vn -0.8768 0.3859 0.2869
vn -0.9784 0.0144 0.2061
vn -0.9609 -0.2433 0.1318
vn -0.8331 -0.5528 0.0206
vn -0.6020 -0.7931 -0.0931
vn -0.3887 -0.9059 -0.1680
vn -0.2011 -0.9545 -0.2201
vn -0.0244 -0.9654 -0.2596
vn 0.1591 -0.9433 -0.2914
vn 0.3681 -0.8745 -0.3158
vn 0.6180 -0.7163 -0.3240
vn 0.8764 -0.3866 -0.2870
vn 0.9785 -0.0130 -0.2057
vn 0.9605 0.2456 -0.1311
vn 0.8297 0.5579 -0.0185
vn 0.5970 0.7966 0.0950
vn 0.3835 0.9078 0.1696
vn 0.1961 0.9553 0.2214
vn 0.0230 0.9640 0.2650
vn -0.1559 0.9393 0.3057
vn -0.3632 0.8672 0.3406
vn -0.6149 0.7012 0.3609
vn -0.8744 0.3536 0.3321
vn -0.9681 -0.0327 0.2484
vn -0.9416 -0.2914 0.1686
vn -0.8063 -0.5895 0.0487
vn -0.5800 -0.8113 -0.0739
vn -0.3763 -0.9131 -0.1567
vn -0.1975 -0.9561 -0.2164
vn -0.0276 -0.9642 -0.2639
vn 0.1511 -0.9404 -0.3047
vn 0.3584 -0.8695 -0.3400
vn 0.6110 -0.7046 -0.3608
vn 0.8730 -0.3566 -0.3326
vn 0.9681 0.0327 -0.2484
vn 0.9414 0.2924 -0.1682
vn 0.8040 0.5927 -0.0472
vn 0.5761 0.8139 0.0756
vn 0.3719 0.9147 0.1583
vn 0.1929 0.9567 0.2178
vn 0.0226 0.9641 0.2646
vn -0.1498 0.9376 0.3139
vn -0.3533 0.8635 0.3599
vn -0.6060 0.6908 0.3944
vn -0.8683 0.3227 0.3767
vn -0.9534 -0.0809 0.2908
vn -0.9172 -0.3415 0.2054
vn -0.7737 -0.6288 0.0771
vn -0.5517 -0.8324 -0.0534
vn -0.3578 -0.9228 -0.1427
vn -0.1886 -0.9596 -0.2088
vn -0.0270 -0.9643 -0.2633
vn 0.1450 -0.9387 -0.3126
vn 0.3480 -0.8660 -0.3589
vn 0.6010 -0.6954 -0.3940
vn 0.8659 -0.3281 -0.3775
vn 0.9533 0.0795 -0.2912
vn 0.9172 0.3413 -0.2054
vn 0.7725 0.6304 -0.0763
vn 0.5489 0.8341 0.0548
vn 0.3543 0.9240 0.1442
vn 0.1846 0.9601 0.2102
vn 0.0174 0.9655 0.2600
vn -0.1471 0.9370 0.3169
vn -0.3442 0.8614 0.3736
vn -0.5947 0.6836 0.4232
vn -0.8581 0.2956 0.4197
vn -0.9343 -0.1269 0.3330
vn -0.8882 -0.3906 0.2420
vn -0.7363 -0.6684 0.1053
vn -0.5179 -0.8548 -0.0322
vn -0.3334 -0.9342 -0.1268
vn -0.1738 -0.9647 -0.1981
vn -0.0213 -0.9658 -0.2585
vn 0.1424 -0.9382 -0.3153
vn 0.3386 -0.8642 -0.3722
vn 0.5888 -0.6891 -0.4224
vn 0.8549 -0.3036 -0.4207
vn 0.9344 0.1241 -0.3338
vn 0.8886 0.3892 -0.2425
vn 0.7362 0.6685 -0.1053
vn 0.5162 0.8558 0.0332
vn 0.3307 0.9350 0.1281
vn 0.1705 0.9650 0.1995
vn 0.0065 0.9677 0.2519
vn -0.1489 0.9373 0.3152
vn -0.3374 0.8605 0.3816
vn -0.5822 0.6796 0.4463
vn -0.8443 0.2747 0.4601
vn -0.9119 -0.1675 0.3747
vn -0.8560 -0.4356 0.2784
vn -0.6956 -0.7059 0.1335
vn -0.4799 -0.8772 -0.0106
vn -0.3037 -0.9464 -0.1098
vn -0.1533 -0.9707 -0.1852
vn -0.0099 -0.9681 -0.2504
vn 0.1445 -0.9385 -0.3135
vn 0.3318 -0.8635 -0.3798
vn 0.5757 -0.6859 -0.4450
vn 0.8405 -0.2849 -0.4610
vn 0.9122 0.1634 -0.3759
vn 0.8569 0.4333 -0.2794
vn 0.6965 0.7049 -0.1342
vn 0.4791 0.8777 0.0111
vn 0.3018 0.9469 0.1108
vn 0.1506 0.9708 0.1865
vn -0.0099 0.9704 0.2414
vn -0.1560 0.9379 0.3099
vn -0.3345 0.8604 0.3844
vn -0.5702 0.6783 0.4634
vn -0.8279 0.2607 0.4966
vn -0.8873 -0.2005 0.4153
vn -0.8221 -0.4745 0.3145
vn -0.6532 -0.7397 0.1616
vn -0.4392 -0.8983 0.0111
vn -0.2700 -0.9584 -0.0921
vn -0.1278 -0.9770 -0.1710
vn 0.0069 -0.9708 -0.2400
vn 0.1520 -0.9391 -0.3081
vn 0.3291 -0.8634 -0.3824
vn 0.5635 -0.6851 -0.4616
vn 0.8236 -0.2728 -0.4972
vn 0.8877 0.1953 -0.4169
vn 0.8234 0.4713 -0.3160
vn 0.6551 0.7378 -0.1631
vn 0.4391 0.8984 -0.0110
vn 0.2687 0.9587 0.0928
vn 0.1256 0.9770 0.1721
vn -0.0274 0.9724 0.2317
vn -0.1641 0.9382 0.3047
vn -0.3316 0.8607 0.3864
vn -0.5560 0.6795 0.4786
vn -0.8073 0.2542 0.5326
vn -0.8601 -0.2259 0.4573
vn -0.7870 -0.5068 0.3519
vn -0.6112 -0.7683 0.1903
vn -0.3990 -0.9164 0.0323
vn -0.2364 -0.9687 -0.0753
vn -0.1018 -0.9822 -0.1577
vn 0.0247 -0.9728 -0.2302
vn 0.1605 -0.9394 -0.3029
vn 0.3270 -0.8634 -0.3842
vn 0.5503 -0.6856 -0.4766
vn 0.8038 -0.2647 -0.5328
vn 0.8606 0.2217 -0.4585
vn 0.7880 0.5043 -0.3531
vn 0.6123 0.7672 -0.1911
vn 0.3984 0.9167 -0.0319
vn 0.2348 0.9690 0.0762
vn 0.0996 0.9823 0.1589
vn -0.0399 0.9734 0.2258
vn -0.1660 0.9382 0.3037
vn -0.3213 0.8616 0.3929
vn -0.5328 0.6833 0.4992
vn -0.7774 0.2522 0.5763
vn -0.8256 -0.2485 0.5066
vn -0.7461 -0.5368 0.3940
vn -0.5665 -0.7941 0.2202
vn -0.3595 -0.9317 0.0523
vn -0.2055 -0.9768 -0.0608
vn -0.0801 -0.9858 -0.1474
vn 0.0370 -0.9739 -0.2239
vn 0.1625 -0.9395 -0.3017
vn 0.3171 -0.8642 -0.3906
vn 0.5280 -0.6885 -0.4971
vn 0.7747 -0.2604 -0.5762
vn 0.8260 0.2458 -0.5073
vn 0.7466 0.5357 -0.3945
vn 0.5661 0.7945 -0.2198
vn 0.3578 0.9324 -0.0510
vn 0.2033 0.9771 0.0624
vn 0.0775 0.9858 0.1491
vn -0.0482 0.9737 0.2225
vn -0.1620 0.9382 0.3057
vn -0.3030 0.8636 0.4031
vn -0.4988 0.6896 0.5250
vn -0.7349 0.2536 0.6290
vn -0.7794 -0.2705 0.5651
vn -0.6947 -0.5675 0.4419
vn -0.5143 -0.8199 0.2515
vn -0.3167 -0.9458 0.0714
vn -0.1745 -0.9835 -0.0482
vn -0.0603 -0.9884 -0.1394
vn 0.0454 -0.9744 -0.2204
vn 0.1587 -0.9396 -0.3033
vn 0.2990 -0.8662 -0.4004
vn 0.4943 -0.6948 -0.5224
vn 0.7323 -0.2618 -0.6286
vn 0.7798 0.2680 -0.5658
vn 0.6951 0.5668 -0.4423
vn 0.5136 0.8206 -0.2507
vn 0.3149 0.9466 -0.0697
vn 0.1722 0.9838 0.0501
vn 0.0578 0.9883 0.1414
vn -0.0551 0.9739 0.2201
vn -0.1550 0.9385 0.3084
vn -0.2796 0.8665 0.4136
vn -0.4561 0.6985 0.5514
vn -0.6790 0.2604 0.6864
vn -0.7202 -0.2897 0.6304
vn -0.6320 -0.5971 0.4940
vn -0.4544 -0.8445 0.2836
vn -0.2701 -0.9586 0.0897
vn -0.1418 -0.9892 -0.0367
vn -0.0406 -0.9903 -0.1326
vn 0.0525 -0.9746 -0.2178
vn 0.1521 -0.9399 -0.3058
vn 0.2760 -0.8690 -0.4107
vn 0.4520 -0.7035 -0.5484
vn 0.6767 -0.2683 -0.6856
vn 0.7205 0.2876 -0.6310
vn 0.6322 0.5967 -0.4943
vn 0.4533 0.8454 -0.2824
vn 0.2681 0.9594 -0.0877
vn 0.1396 0.9894 0.0388
vn 0.0382 0.9901 0.1348
vn -0.0598 0.9740 0.2187
vn -0.1448 0.9391 0.3116
vn -0.2513 0.8702 0.4239
vn -0.4049 0.7096 0.5767
vn -0.6087 0.2727 0.7450
vn -0.6462 -0.3049 0.6996
vn -0.5573 -0.6239 0.5479
vn -0.3877 -0.8664 0.3148
vn -0.2210 -0.9694 0.1064
vn -0.1089 -0.9937 -0.0269
vn -0.0218 -0.9916 -0.1272
vn 0.0576 -0.9746 -0.2163
vn 0.1424 -0.9404 -0.3089
vn 0.2483 -0.8725 -0.4209
vn 0.4015 -0.7141 -0.5735
vn 0.6068 -0.2798 -0.7439
vn 0.6464 0.3032 -0.7001
vn 0.5573 0.6239 -0.5479
vn 0.3864 0.8676 -0.3130
vn 0.2191 0.9701 -0.1040
vn 0.1069 0.9938 0.0292
vn 0.0197 0.9914 0.1295
vn -0.0617 0.9739 0.2182
vn -0.1314 0.9400 0.3149
vn -0.2188 0.8744 0.4331
vn -0.3469 0.7217 0.5990
vn -0.5249 0.2894 0.8005
vn -0.5575 -0.3149 0.7681
vn -0.4718 -0.6462 0.5999
vn -0.3166 -0.8844 0.3430
vn -0.1718 -0.9777 0.1204
vn -0.0775 -0.9968 -0.0191
vn -0.0053 -0.9924 -0.1233
vn 0.0600 -0.9746 -0.2158
vn 0.1295 -0.9411 -0.3122
vn 0.2166 -0.8764 -0.4302
vn 0.3444 -0.7255 -0.5959
vn 0.5235 -0.2952 -0.7992
vn 0.5577 0.3139 -0.7684
vn 0.4716 0.6466 -0.5996
vn 0.3152 0.8858 -0.3408
vn 0.1700 0.9784 -0.1178
vn 0.0758 0.9969 0.0216
vn 0.0036 0.9921 0.1257
vn -0.0604 0.9740 0.2184
vn -0.1150 0.9411 0.3179
vn -0.1834 0.8787 0.4407
vn -0.2849 0.7336 0.6170
vn -0.4310 0.3082 0.8480
vn -0.4570 -0.3194 0.8301
vn -0.3790 -0.6626 0.6460
vn -0.2446 -0.8977 0.3666
vn -0.1250 -0.9834 0.1313
vn -0.0493 -0.9987 -0.0135
vn 0.0079 -0.9926 -0.1209
vn 0.0592 -0.9746 -0.2160
vn 0.1136 -0.9421 -0.3155
vn 0.1819 -0.8804 -0.4380
vn 0.2832 -0.7366 -0.6142
vn 0.4302 -0.3125 -0.8469
vn 0.4570 0.3193 -0.8302
vn 0.3787 0.6635 -0.6452
vn 0.2432 0.8992 -0.3638
vn 0.1235 0.9840 -0.1285
vn 0.0479 0.9987 0.0160
vn -0.0091 0.9923 0.1232
vn -0.0559 0.9742 0.2189
vn -0.0962 0.9424 0.3205
vn -0.1467 0.8827 0.4464
vn -0.2220 0.7440 0.6302
vn -0.3330 0.3266 0.8846
vn -0.3505 -0.3192 0.8805
vn -0.2845 -0.6730 0.6828
vn -0.1758 -0.9062 0.3845
vn -0.0831 -0.9868 0.1390
vn -0.0258 -0.9996 -0.0099
vn 0.0169 -0.9927 -0.1197
vn 0.0550 -0.9747 -0.2167
vn 0.0953 -0.9432 -0.3183
vn 0.1458 -0.8840 -0.4441
vn 0.2211 -0.7463 -0.6279
vn 0.3326 -0.3291 -0.8838
vn 0.3504 0.3198 -0.8803
vn 0.2840 0.6743 -0.6817
vn 0.1746 0.9078 -0.3813
vn 0.0820 0.9873 -0.1361
vn 0.0249 0.9996 0.0124
vn -0.0178 0.9924 0.1219
vn -0.0482 0.9744 0.2195
vn -0.0757 0.9436 0.3223
vn -0.1102 0.8861 0.4503
vn -0.1614 0.7524 0.6387
vn -0.2372 0.3421 0.9092
vn -0.2458 -0.3159 0.9164
vn -0.1945 -0.6779 0.7089
vn -0.1142 -0.9108 0.3966
vn -0.0481 -0.9884 0.1438
vn -0.0080 -0.9999 -0.0080
vn 0.0215 -0.9926 -0.1194
vn 0.0477 -0.9749 -0.2176
vn 0.0752 -0.9442 -0.3205
vn 0.1097 -0.8871 -0.4484
vn 0.1609 -0.7539 -0.6370
vn 0.2371 -0.3430 -0.9089
vn 0.2456 0.3174 -0.9159
vn 0.1941 0.6796 -0.7074
vn 0.1133 0.9125 -0.3931
vn 0.0474 0.9889 -0.1409
vn 0.0075 0.9999 0.0103
vn -0.0220 0.9924 0.1213
vn -0.0377 0.9748 0.2200
vn -0.0543 0.9447 0.3236
vn -0.0748 0.8886 0.4524
vn -0.1052 0.7584 0.6433
vn -0.1491 0.3537 0.9234
vn -0.1499 -0.3113 0.9384
vn -0.1147 -0.6792 0.7249
vn -0.0626 -0.9127 0.4038
vn -0.0210 -0.9890 0.1463
vn 0.0036 -1.0000 -0.0072
vn 0.0216 -0.9926 -0.1195
vn 0.0375 -0.9751 -0.2185
vn 0.0541 -0.9452 -0.3221
vn 0.0746 -0.8894 -0.4511
vn 0.1050 -0.7592 -0.6423
vn 0.1491 -0.3530 -0.9237
vn 0.1497 0.3136 -0.9377
vn 0.1144 0.6812 -0.7231
vn 0.0620 0.9144 -0.4000
vn 0.0206 0.9894 -0.1436
vn -0.0040 0.9999 0.0092
vn -0.0219 0.9924 0.1212
vn -0.0250 0.9751 0.2203
vn -0.0325 0.9455 0.3241
vn -0.0416 0.8903 0.4534
vn -0.0547 0.7621 0.6452
vn -0.0724 0.3611 0.9297
vn -0.0679 -0.3073 0.9492
vn -0.0485 -0.6786 0.7329
vn -0.0222 -0.9131 0.4072
vn -0.0022 -0.9891 0.1473
vn 0.0093 -0.9999 -0.0070
vn 0.0177 -0.9926 -0.1198
vn 0.0249 -0.9754 -0.2191
vn 0.0324 -0.9458 -0.3231
vn 0.0415 -0.8908 -0.4525
vn 0.0547 -0.7623 -0.6449
vn 0.0724 -0.3589 -0.9306
vn 0.0678 0.3102 -0.9482
vn 0.0484 0.6809 -0.7308
vn 0.0220 0.9148 -0.4034
vn 0.0021 0.9895 -0.1448
vn -0.0095 0.9999 0.0089
vn -0.0178 0.9925 0.1212
vn -0.0104 0.9754 0.2204
vn -0.0107 0.9459 0.3242
vn -0.0109 0.8912 0.4535
vn -0.0107 0.7638 0.6454
vn -0.0084 0.3648 0.9310
vn -0.0021 -0.3046 0.9525
vn 0.0026 -0.6775 0.7355
vn 0.0066 -0.9129 0.4082
vn 0.0087 -0.9890 0.1475
vn 0.0096 -0.9999 -0.0072
vn 0.0101 -0.9927 -0.1200
vn 0.0104 -0.9756 -0.2194
vn 0.0107 -0.9462 -0.3235
vn 0.0109 -0.8914 -0.4530
vn 0.0106 -0.7636 -0.6456
vn 0.0083 -0.3613 -0.9324
vn 0.0020 0.3081 -0.9513
vn -0.0026 0.6800 -0.7332
vn -0.0066 0.9145 -0.4045
vn -0.0087 0.9894 -0.1452
vn -0.0096 0.9999 0.0087
vn -0.0101 0.9926 0.1212
vn 0.0060 0.9754 0.2202
vn 0.0116 0.9460 0.3239
vn 0.0185 0.8913 0.4530
vn 0.0292 0.7640 0.6445
vn 0.0462 0.3656 0.9296
vn 0.0510 -0.3034 0.9515
vn 0.0418 -0.6767 0.7351
vn 0.0262 -0.9125 0.4082
vn 0.0131 -0.9890 0.1475
vn 0.0052 -1.0000 -0.0072
vn -0.0007 -0.9928 -0.1200
vn -0.0060 -0.9756 -0.2194
vn -0.0115 -0.9462 -0.3234
vn -0.0185 -0.8914 -0.4529
vn -0.0292 -0.7634 -0.6453
vn -0.0463 -0.3610 -0.9314
vn -0.0509 0.3075 -0.9502
vn -0.0417 0.6794 -0.7326
vn -0.0260 0.9143 -0.4042
vn -0.0130 0.9893 -0.1451
vn -0.0051 0.9999 0.0087
vn 0.0008 0.9926 0.1211
vn 0.0239 0.9752 0.2198
vn 0.0354 0.9456 0.3234
vn 0.0499 0.8905 0.4523
vn 0.0712 0.7624 0.6432
vn 0.1031 0.3629 0.9261
vn 0.1058 -0.3041 0.9467
vn 0.0821 -0.6763 0.7321
vn 0.0460 -0.9121 0.4073
vn 0.0171 -0.9889 0.1475
vn -0.0001 -1.0000 -0.0069
vn -0.0127 -0.9927 -0.1196
vn -0.0238 -0.9755 -0.2188
vn -0.0354 -0.9459 -0.3227
vn -0.0498 -0.8907 -0.4519
vn -0.0713 -0.7620 -0.6437
vn -0.1032 -0.3587 -0.9277
vn -0.1056 0.3083 -0.9454
vn -0.0818 0.6791 -0.7295
vn -0.0456 0.9141 -0.4030
vn -0.0168 0.9893 -0.1448
vn 0.0003 1.0000 0.0086
vn 0.0128 0.9926 0.1209
vn 0.0408 0.9748 0.2192
vn 0.0600 0.9447 0.3225
vn 0.0839 0.8886 0.4509
vn 0.1191 0.7585 0.6406
vn 0.1707 0.3560 0.9188
vn 0.1738 -0.3070 0.9357
vn 0.1345 -0.6760 0.7245
vn 0.0750 -0.9115 0.4044
vn 0.0271 -0.9888 0.1468
vn -0.0014 -1.0000 -0.0067
vn -0.0222 -0.9926 -0.1190
vn -0.0406 -0.9751 -0.2179
vn -0.0598 -0.9451 -0.3214
vn -0.0837 -0.8891 -0.4501
vn -0.1191 -0.7587 -0.6405
vn -0.1709 -0.3532 -0.9198
vn -0.1736 0.3105 -0.9346
vn -0.1341 0.6786 -0.7222
vn -0.0742 0.9134 -0.4003
vn -0.0266 0.9892 -0.1441
vn 0.0017 1.0000 0.0087
vn 0.0225 0.9925 0.1205
vn 0.0552 0.9743 0.2183
vn 0.0838 0.9434 0.3210
vn 0.1193 0.8858 0.4485
vn 0.1718 0.7524 0.6359
vn 0.2485 0.3445 0.9053
vn 0.2547 -0.3117 0.9154
vn 0.1998 -0.6752 0.7101
vn 0.1149 -0.9100 0.3983
vn 0.0453 -0.9884 0.1450
vn 0.0033 -1.0000 -0.0070
vn -0.0275 -0.9926 -0.1185
vn -0.0548 -0.9747 -0.2167
vn -0.0834 -0.9439 -0.3195
vn -0.1190 -0.8865 -0.4472
vn -0.1716 -0.7532 -0.6351
vn -0.2485 -0.3434 -0.9057
vn -0.2544 0.3142 -0.9146
vn -0.1993 0.6774 -0.7081
vn -0.1138 0.9119 -0.3944
vn -0.0445 0.9888 -0.1422
vn -0.0027 1.0000 0.0091
vn 0.0280 0.9924 0.1202
vn 0.0664 0.9738 0.2173
vn 0.1060 0.9418 0.3189
vn 0.1555 0.8820 0.4448
vn 0.2285 0.7437 0.6283
vn 0.3339 0.3283 0.8836
vn 0.3452 -0.3173 0.8833
vn 0.2759 -0.6725 0.6867
vn 0.1650 -0.9069 0.3877
vn 0.0716 -0.9874 0.1411
vn 0.0144 -0.9999 -0.0083
vn -0.0280 -0.9926 -0.1183
vn -0.0657 -0.9743 -0.2155
vn -0.1053 -0.9425 -0.3171
vn -0.1547 -0.8831 -0.4430
vn -0.2278 -0.7452 -0.6267
vn -0.3338 -0.3291 -0.8834
vn -0.3450 0.3188 -0.8828
vn -0.2753 0.6743 -0.6852
vn -0.1637 0.9086 -0.3842
vn -0.0706 0.9879 -0.1383
vn -0.0136 0.9999 0.0105
vn 0.0287 0.9923 0.1203
vn 0.0738 0.9735 0.2164
vn 0.1260 0.9402 0.3163
vn 0.1913 0.8776 0.4396
vn 0.2873 0.7327 0.6170
vn 0.4232 0.3083 0.8520
vn 0.4400 -0.3219 0.8383
vn 0.3586 -0.6666 0.6535
vn 0.2237 -0.9010 0.3717
vn 0.1058 -0.9852 0.1346
vn 0.0321 -0.9994 -0.0110
vn -0.0233 -0.9926 -0.1189
vn -0.0727 -0.9740 -0.2144
vn -0.1249 -0.9411 -0.3142
vn -0.1901 -0.8790 -0.4373
vn -0.2860 -0.7351 -0.6147
vn -0.4227 -0.3110 -0.8512
vn -0.4399 0.3223 -0.8382
vn -0.3582 0.6678 -0.6525
vn -0.2222 0.9026 -0.3687
vn -0.1045 0.9857 -0.1319
vn -0.0309 0.9994 0.0133
vn 0.0243 0.9924 0.1210
vn 0.0770 0.9734 0.2160
vn 0.1430 0.9388 0.3134
vn 0.2255 0.8728 0.4329
vn 0.3459 0.7201 0.6015
vn 0.5112 0.2865 0.8103
vn 0.5329 -0.3236 0.7818
vn 0.4431 -0.6560 0.6110
vn 0.2879 -0.8914 0.3500
vn 0.1466 -0.9813 0.1249
vn 0.0557 -0.9983 -0.0157
vn -0.0133 -0.9926 -0.1206
vn -0.0755 -0.9740 -0.2137
vn -0.1414 -0.9398 -0.3110
vn -0.2237 -0.8746 -0.4302
vn -0.3439 -0.7234 -0.5987
vn -0.5102 -0.2914 -0.8092
vn -0.5330 0.3230 -0.7821
vn -0.4428 0.6566 -0.6105
vn -0.2864 0.8928 -0.3476
vn -0.1450 0.9818 -0.1224
vn -0.0542 0.9984 0.0180
vn 0.0148 0.9923 0.1228
vn 0.0760 0.9734 0.2163
vn 0.1564 0.9377 0.3104
vn 0.2569 0.8681 0.4248
vn 0.4018 0.7069 0.5821
vn 0.5927 0.2658 0.7603
vn 0.6183 -0.3206 0.7176
vn 0.5241 -0.6402 0.5617
vn 0.3542 -0.8775 0.3232
vn 0.1919 -0.9750 0.1119
vn 0.0843 -0.9962 -0.0226
vn 0.0014 -0.9923 -0.1239
vn -0.0740 -0.9740 -0.2140
vn -0.1542 -0.9389 -0.3079
vn -0.2543 -0.8702 -0.4219
vn -0.3988 -0.7111 -0.5790
vn -0.5911 -0.2724 -0.7592
vn -0.6185 0.3190 -0.7181
vn -0.5241 0.6402 -0.5617
vn -0.3529 0.8786 -0.3216
vn -0.1902 0.9756 -0.1097
vn -0.0825 0.9963 0.0249
vn 0.0005 0.9920 0.1261
vn 0.0710 0.9734 0.2177
vn 0.1658 0.9369 0.3077
vn 0.2841 0.8639 0.4159
vn 0.4521 0.6945 0.5596
vn 0.6635 0.2487 0.7056
vn 0.6925 -0.3120 0.6505
vn 0.5978 -0.6193 0.5090
vn 0.4190 -0.8595 0.2928
vn 0.2394 -0.9662 0.0960
vn 0.1164 -0.9927 -0.0320
vn 0.0198 -0.9914 -0.1290
vn -0.0686 -0.9741 -0.2154
vn -0.1631 -0.9382 -0.3052
vn -0.2808 -0.8664 -0.4129
vn -0.4483 -0.6995 -0.5565
vn -0.6614 -0.2568 -0.7047
vn -0.6928 0.3097 -0.6512
vn -0.5981 0.6187 -0.5094
vn -0.4181 0.8603 -0.2918
vn -0.2376 0.9668 -0.0941
vn -0.1144 0.9929 0.0340
vn -0.0177 0.9912 0.1311
vn 0.0627 0.9734 0.2204
vn 0.1713 0.9365 0.3058
vn 0.3064 0.8606 0.4068
vn 0.4951 0.6841 0.5356
vn 0.7218 0.2373 0.6501
vn 0.7541 -0.2980 0.5853
vn 0.6622 -0.5941 0.4567
vn 0.4796 -0.8379 0.2607
vn 0.2867 -0.9549 0.0777
vn 0.1500 -0.9877 -0.0434
vn 0.0409 -0.9899 -0.1359
vn -0.0600 -0.9740 -0.2183
vn -0.1682 -0.9379 -0.3034
vn -0.3025 -0.8633 -0.4039
vn -0.4905 -0.6897 -0.5327
vn -0.7193 -0.2464 -0.6496
vn -0.7546 0.2951 -0.5862
vn -0.6627 0.5930 -0.4573
vn -0.4791 0.8383 -0.2602
vn -0.2851 0.9555 -0.0762
vn -0.1479 0.9880 0.0452
vn -0.0385 0.9897 0.1378
vn 0.0520 0.9731 0.2246
vn 0.1733 0.9365 0.3049
vn 0.3235 0.8584 0.3982
vn 0.5297 0.6765 0.5117
vn 0.7674 0.2323 0.5976
vn 0.8037 -0.2793 0.5254
vn 0.7166 -0.5660 0.4076
vn 0.5344 -0.8138 0.2286
vn 0.3319 -0.9415 0.0581
vn 0.1835 -0.9814 -0.0565
vn 0.0631 -0.9875 -0.1444
vn -0.0491 -0.9737 -0.2226
vn -0.1698 -0.9378 -0.3027
vn -0.3192 -0.8612 -0.3956
vn -0.5246 -0.6823 -0.5092
vn -0.7646 -0.2419 -0.5974
vn -0.8042 0.2760 -0.5264
vn -0.7173 0.5645 -0.4083
vn -0.5343 0.8138 -0.2285
vn -0.3304 0.9421 -0.0570
vn -0.1815 0.9817 0.0580
vn -0.0607 0.9874 0.1461
vn 0.0399 0.9724 0.2300
vn 0.1725 0.9365 0.3053
vn 0.3358 0.8571 0.3907
vn 0.5562 0.6717 0.4894
vn 0.8016 0.2333 0.5504
vn 0.8428 -0.2572 0.4728
vn 0.7619 -0.5362 0.3633
vn 0.5826 -0.7883 0.1981
vn 0.3735 -0.9268 0.0381
vn 0.2156 -0.9739 -0.0706
vn 0.0853 -0.9843 -0.1542
vn -0.0370 -0.9729 -0.2283
vn -0.1689 -0.9378 -0.3033
vn -0.3313 -0.8598 -0.3885
vn -0.5509 -0.6775 -0.4873
vn -0.7987 -0.2429 -0.5506
vn -0.8433 0.2537 -0.4738
vn -0.7627 0.5344 -0.3642
vn -0.5830 0.7879 -0.1983
vn -0.3724 0.9273 -0.0373
vn -0.2137 0.9743 0.0718
vn -0.0830 0.9843 0.1557
vn 0.0331 0.9719 0.2332
vn 0.1745 0.9367 0.3035
vn 0.3477 0.8566 0.3813
vn 0.5771 0.6702 0.4667
vn 0.8262 0.2410 0.5092
vn 0.8723 -0.2334 0.4297
vn 0.7970 -0.5076 0.3275
vn 0.6208 -0.7645 0.1735
vn 0.4059 -0.9137 0.0219
vn 0.2393 -0.9675 -0.0819
vn 0.1005 -0.9817 -0.1617
vn -0.0306 -0.9723 -0.2319
vn -0.1718 -0.9377 -0.3022
vn -0.3446 -0.8584 -0.3800
vn -0.5741 -0.6734 -0.4657
vn -0.8250 -0.2448 -0.5094
vn -0.8724 0.2327 -0.4299
vn -0.7969 0.5077 -0.3274
vn -0.6196 0.7657 -0.1725
vn -0.4039 0.9146 -0.0206
vn -0.2372 0.9679 0.0832
vn -0.0982 0.9817 0.1630
vn 0.0371 0.9723 0.2307
vn 0.1856 0.9370 0.2958
vn 0.3654 0.8558 0.3662
vn 0.5992 0.6689 0.4400
vn 0.8468 0.2495 0.4697
vn 0.8950 -0.2118 0.3925
vn 0.8232 -0.4834 0.2979
vn 0.6479 -0.7459 0.1546
vn 0.4259 -0.9047 0.0110
vn 0.2509 -0.9640 -0.0878
vn 0.1040 -0.9810 -0.1635
vn -0.0346 -0.9727 -0.2296
vn -0.1832 -0.9378 -0.2948
vn -0.3633 -0.8570 -0.3655
vn -0.5979 -0.6702 -0.4397
vn -0.8471 -0.2488 -0.4697
vn -0.8948 0.2135 -0.3920
vn -0.8223 0.4854 -0.2970
vn -0.6449 0.7489 -0.1524
vn -0.4227 0.9062 -0.0091
vn -0.2479 0.9646 0.0893
vn -0.1014 0.9811 0.1648
vn 0.0446 0.9731 0.2259
vn 0.2001 0.9373 0.2853
vn 0.3861 0.8544 0.3479
vn 0.6229 0.6662 0.4100
vn 0.8670 0.2552 0.4280
vn 0.9153 -0.1925 0.3537
vn 0.8462 -0.4613 0.2668
vn 0.6709 -0.7292 0.1344
vn 0.4422 -0.8969 0.0002
vn 0.2588 -0.9615 -0.0926
vn 0.1041 -0.9810 -0.1634
vn -0.0417 -0.9735 -0.2247
vn -0.1971 -0.9383 -0.2842
vn -0.3833 -0.8560 -0.3470
vn -0.6209 -0.6683 -0.4096
vn -0.8668 -0.2558 -0.4280
vn -0.9152 0.1936 -0.3535
vn -0.8455 0.4629 -0.2662
vn -0.6681 0.7321 -0.1326
vn -0.4389 0.8985 0.0016
vn -0.2555 0.9622 0.0942
vn -0.1011 0.9811 0.1648
vn 0.0493 0.9737 0.2225
vn 0.2118 0.9377 0.2756
vn 0.4043 0.8532 0.3296
vn 0.6444 0.6639 0.3794
vn 0.8854 0.2607 0.3847
vn 0.9342 -0.1732 0.3119
vn 0.8684 -0.4384 0.2318
vn 0.6948 -0.7107 0.1100
vn 0.4608 -0.8874 -0.0143
vn 0.2696 -0.9577 -0.1003
vn 0.1072 -0.9804 -0.1656
vn -0.0459 -0.9741 -0.2213
vn -0.2083 -0.9388 -0.2745
vn -0.4008 -0.8552 -0.3287
vn -0.6416 -0.6669 -0.3790
vn -0.8847 -0.2629 -0.3849
vn -0.9342 0.1736 -0.3118
vn -0.8679 0.4395 -0.2314
vn -0.6924 0.7133 -0.1085
vn -0.4575 0.8891 0.0159
vn -0.2661 0.9586 0.1018
vn -0.1038 0.9805 0.1669
vn 0.0510 0.9739 0.2211
vn 0.2205 0.9381 0.2672
vn 0.4191 0.8526 0.3121
vn 0.6626 0.6626 0.3492
vn 0.9011 0.2672 0.3414
vn 0.9509 -0.1538 0.2686
vn 0.8889 -0.4150 0.1940
vn 0.7182 -0.6910 0.0819
vn 0.4807 -0.8763 -0.0323
vn 0.2825 -0.9528 -0.1112
vn 0.1129 -0.9789 -0.1703
vn -0.0472 -0.9744 -0.2200
vn -0.2164 -0.9393 -0.2662
vn -0.4149 -0.8549 -0.3113
vn -0.6589 -0.6664 -0.3488
vn -0.8999 -0.2709 -0.3418
vn -0.9509 0.1533 -0.2687
vn -0.8887 0.4155 -0.1938
vn -0.7164 0.6930 -0.0809
vn -0.4776 0.8780 0.0336
vn -0.2790 0.9537 0.1124
vn -0.1093 0.9791 0.1715
vn 0.0500 0.9737 0.2223
vn 0.2258 0.9385 0.2610
vn 0.4301 0.8527 0.2965
vn 0.6765 0.6630 0.3207
vn 0.9133 0.2754 0.2999
vn 0.9650 -0.1336 0.2257
vn 0.9072 -0.3911 0.1552
vn 0.7403 -0.6703 0.0513
vn 0.5006 -0.8640 -0.0535
vn 0.2966 -0.9468 -0.1251
vn 0.1205 -0.9766 -0.1779
vn -0.0460 -0.9741 -0.2213
vn -0.2213 -0.9399 -0.2602
vn -0.4253 -0.8553 -0.2958
vn -0.6721 -0.6675 -0.3205
vn -0.9116 -0.2805 -0.3006
vn -0.9651 0.1323 -0.2260
vn -0.9072 0.3909 -0.1552
vn -0.7391 0.6716 -0.0507
vn -0.4979 0.8655 0.0546
vn -0.2932 0.9477 0.1262
vn -0.1168 0.9769 0.1790
vn 0.0470 0.9730 0.2261
vn 0.2282 0.9389 0.2575
vn 0.4372 0.8535 0.2835
vn 0.6858 0.6652 0.2952
vn 0.9218 0.2859 0.2618
vn 0.9763 -0.1124 0.1851
vn 0.9229 -0.3667 0.1172
vn 0.7605 -0.6490 0.0195
vn 0.5197 -0.8509 -0.0771
vn 0.3108 -0.9398 -0.1418
vn 0.1292 -0.9736 -0.1884
vn -0.0429 -0.9733 -0.2253
vn -0.2236 -0.9402 -0.2568
vn -0.4321 -0.8563 -0.2831
vn -0.6809 -0.6702 -0.2953
vn -0.9196 -0.2922 -0.2627
vn -0.9764 0.1103 -0.1856
vn -0.9233 0.3658 -0.1174
vn -0.7601 0.6495 -0.0193
vn -0.5175 0.8521 0.0778
vn -0.3077 0.9407 0.1426
vn -0.1255 0.9739 0.1892
vn 0.0428 0.9716 0.2327
vn 0.2284 0.9390 0.2571
vn 0.4410 0.8547 0.2740
vn 0.6910 0.6690 0.2738
vn 0.9266 0.2987 0.2284
vn 0.9849 -0.0898 0.1482
vn 0.9363 -0.3416 0.0815
vn 0.7786 -0.6273 -0.0118
vn 0.5373 -0.8372 -0.1020
vn 0.3243 -0.9322 -0.1606
vn 0.1379 -0.9698 -0.2013
vn -0.0388 -0.9719 -0.2321
vn -0.2238 -0.9403 -0.2566
vn -0.4357 -0.8575 -0.2737
vn -0.6858 -0.6742 -0.2741
vn -0.9240 -0.3057 -0.2296
vn -0.9850 0.0871 -0.1489
vn -0.9368 0.3400 -0.0820
vn -0.7789 0.6270 0.0117
vn -0.5359 0.8381 0.1024
vn -0.3217 0.9330 0.1612
vn -0.1346 0.9701 0.2019
vn 0.0382 0.9696 0.2418
vn 0.2273 0.9386 0.2596
vn 0.4424 0.8558 0.2681
vn 0.6929 0.6737 0.2571
vn 0.9283 0.3130 0.2006
vn 0.9910 -0.0664 0.1163
vn 0.9475 -0.3160 0.0496
vn 0.7948 -0.6055 -0.0416
vn 0.5533 -0.8232 -0.1270
vn 0.3367 -0.9241 -0.1806
vn 0.1461 -0.9654 -0.2162
vn -0.0345 -0.9698 -0.2414
vn -0.2229 -0.9397 -0.2593
vn -0.4372 -0.8585 -0.2681
vn -0.6876 -0.6788 -0.2577
vn -0.9255 -0.3205 -0.2020
vn -0.9911 0.0632 -0.1171
vn -0.9481 0.3139 -0.0501
vn -0.7957 0.6043 0.0412
vn -0.5526 0.8237 0.1272
vn -0.3347 0.9248 0.1810
vn -0.1432 0.9657 0.2166
vn 0.0339 0.9669 0.2530
vn 0.2258 0.9375 0.2648
vn 0.4424 0.8565 0.2659
vn 0.6926 0.6783 0.2453
vn 0.9277 0.3277 0.1786
vn 0.9950 -0.0428 0.0898
vn 0.9566 -0.2905 0.0220
vn 0.8091 -0.5837 -0.0686
vn 0.5677 -0.8092 -0.1513
vn 0.3477 -0.9158 -0.2011
vn 0.1533 -0.9605 -0.2323
vn -0.0307 -0.9671 -0.2527
vn -0.2218 -0.9385 -0.2647
vn -0.4376 -0.8589 -0.2660
vn -0.6874 -0.6833 -0.2461
vn -0.9247 -0.3352 -0.1803
vn -0.9951 0.0394 -0.0907
vn -0.9574 0.2880 -0.0227
vn -0.8105 0.5817 0.0680
vn -0.5676 0.8093 0.1513
vn -0.3463 0.9162 0.2013
vn -0.1510 0.9608 0.2326
vn 0.0303 0.9636 0.2655
vn 0.2246 0.9356 0.2724
vn 0.4422 0.8563 0.2669
vn 0.6914 0.6822 0.2379
vn 0.9257 0.3415 0.1624
vn 0.9974 -0.0203 0.0688
vn 0.9640 -0.2658 -0.0007
vn 0.8218 -0.5623 -0.0923
vn 0.5807 -0.7953 -0.1740
vn 0.3575 -0.9073 -0.2212
vn 0.1595 -0.9553 -0.2491
vn -0.0277 -0.9637 -0.2654
vn -0.2211 -0.9364 -0.2724
vn -0.4378 -0.8584 -0.2672
vn -0.6866 -0.6867 -0.2388
vn -0.9227 -0.3488 -0.1641
vn -0.9974 0.0168 -0.0698
vn -0.9648 0.2630 -0.0001
vn -0.8236 0.5597 0.0915
vn -0.5812 0.7950 0.1739
vn -0.3567 0.9076 0.2214
vn -0.1577 0.9555 0.2493
vn 0.0277 0.9599 0.2790
vn 0.2241 0.9330 0.2817
vn 0.4425 0.8550 0.2707
vn 0.6903 0.6845 0.2345
vn 0.9232 0.3532 0.1511
vn 0.9986 0.0001 0.0530
vn 0.9699 -0.2428 -0.0187
vn 0.8330 -0.5418 -0.1125
vn 0.5925 -0.7817 -0.1946
vn 0.3663 -0.8989 -0.2405
vn 0.1647 -0.9498 -0.2659
vn -0.0256 -0.9600 -0.2789
vn -0.2211 -0.9337 -0.2817
vn -0.4386 -0.8569 -0.2710
vn -0.6859 -0.6886 -0.2355
vn -0.9203 -0.3600 -0.1529
vn -0.9985 -0.0036 -0.0540
vn -0.9706 0.2399 0.0179
vn -0.8351 0.5387 0.1115
vn -0.5935 0.7810 0.1944
vn -0.3660 0.8990 0.2405
vn -0.1635 0.9500 0.2660
vn 0.0265 0.9579 0.2860
vn 0.2240 0.9315 0.2867
vn 0.4427 0.8540 0.2732
vn 0.6898 0.6852 0.2337
vn 0.9219 0.3585 0.1467
vn 0.9989 0.0096 0.0463
vn 0.9724 -0.2318 -0.0266
vn 0.8382 -0.5317 -0.1216
vn 0.5980 -0.7750 -0.2044
vn 0.3704 -0.8946 -0.2499
vn 0.1671 -0.9470 -0.2743
vn -0.0247 -0.9579 -0.2859
vn -0.2214 -0.9321 -0.2868
vn -0.4392 -0.8557 -0.2735
vn -0.6858 -0.6890 -0.2347
vn -0.9191 -0.3649 -0.1485
vn -0.9988 -0.0130 -0.0473
vn -0.9731 0.2290 0.0258
vn -0.8403 0.5285 0.1206
vn -0.5993 0.7741 0.2041
vn -0.3704 0.8946 0.2499
vn -0.1661 0.9472 0.2744
vt 0.000000 1.000000
vt 0.020833 1.000000
vt 0.020833 0.954545
vt 0.000000 0.954545
vt 0.000000 0.045455
vt 0.020833 0.045455
vt 0.020833 0.000000
vt 0.000000 0.000000
vt 0.000000 0.090909
vt 0.020833 0.090909
vt 0.000000 0.136364
vt 0.020833 0.136364
vt 0.000000 0.181818
vt 0.020833 0.181818
vt 0.000000 0.227273
vt 0.020833 0.227273
vt 0.000000 0.272727
vt 0.020833 0.272727
vt 0.000000 0.318182
vt 0.020833 0.318182
vt 0.000000 0.363636
vt 0.020833 0.363636
vt 0.000000 0.409091
vt 0.020833 0.409091
vt 0.000000 0.454545
vt 0.020833 0.454545
vt 0.000000 0.500000
vt 0.020833 0.500000
vt 0.000000 0.545455
vt 0.020833 0.545455
vt 0.000000 0.590909
vt 0.020833 0.590909
vt 0.000000 0.636364
vt 0.020833 0.636364
vt 0.000000 0.681818
vt 0.020833 0.681818
vt 0.000000 0.727273
vt 0.020833 0.727273
vt 0.000000 0.772727
vt 0.020833 0.772727
vt 0.000000 0.818182
vt 0.020833 0.818182
vt 0.000000 0.863636
vt 0.020833 0.863636
vt 0.000000 0.909091
vt 0.020833 0.909091
vt 0.041667 1.000000
vt 0.041667 0.954545
vt 0.041667 0.045455
vt 0.041667 0.000000
vt 0.041667 0.090909
vt 0.041667 0.136364
vt 0.041667 0.181818
vt 0.041667 0.227273
vt 0.041667 0.272727
vt 0.041667 0.318182
vt 0.041667 0.363636
vt 0.041667 0.409091
vt 0.041667 0.454545
vt 0.041667 0.500000
vt 0.041667 0.545455
vt 0.041667 0.590909
vt 0.041667 0.636364
vt 0.041667 0.681818
vt 0.041667 0.727273
vt 0.041667 0.772727
vt 0.041667 0.818182
vt 0.041667 0.863636
vt 0.041667 0.909091
vt 0.062500 1.000000
vt 0.062500 0.954545
vt 0.062500 0.045455
vt 0.062500 0.000000
vt 0.062500 0.090909
vt 0.062500 0.136364
vt 0.062500 0.181818
vt 0.062500 0.227273
vt 0.062500 0.272727
vt 0.062500 0.318182
vt 0.062500 0.363636
vt 0.062500 0.409091
vt 0.062500 0.454545
vt 0.062500 0.500000
vt 0.062500 0.545455
vt 0.062500 0.590909
vt 0.062500 0.636364
vt 0.062500 0.681818
vt 0.062500 0.727273
vt 0.062500 0.772727
vt 0.062500 0.818182
vt 0.062500 0.863636
vt 0.062500 0.909091
vt 0.083333 1.000000
vt 0.083333 0.954545
vt 0.083333 0.045455
vt 0.083333 0.000000
vt 0.083333 0.090909
vt 0.083333 0.136364
vt 0.083333 0.181818
vt 0.083333 0.227273
vt 0.083333 0.272727
vt 0.083333 0.318182
vt 0.083333 0.363636
vt 0.083333 0.409091
vt 0.083333 0.454545
vt 0.083333 0.500000
vt 0.083333 0.545455
vt 0.083333 0.590909
vt 0.083333 0.636364
vt 0.083333 0.681818
vt 0.083333 0.727273
vt 0.083333 0.772727
vt 0.083333 0.818182
vt 0.083333 0.863636
vt 0.083333 0.909091
vt 0.104167 1.000000
vt 0.104167 0.954545
vt 0.104167 0.045455
vt 0.104167 0.000000
vt 0.104167 0.090909
vt 0.104167 0.136364
vt 0.104167 0.181818
vt 0.104167 0.227273
vt 0.104167 0.272727
vt 0.104167 0.318182
vt 0.104167 0.363636
vt 0.104167 0.409091
vt 0.104167 0.454545
vt 0.104167 0.500000
vt 0.104167 0.545455
vt 0.104167 0.590909
vt 0.104167 0.636364
vt 0.104167 0.681818
vt 0.104167 0.727273
vt 0.104167 0.772727
vt 0.104167 0.818182
vt 0.104167 0.863636
vt 0.104167 0.909091
vt 0.125000 1.000000
vt 0.125000 0.954545
vt 0.125000 0.045455
vt 0.125000 0.000000
vt 0.125000 0.090909
vt 0.125000 0.136364
vt 0.125000 0.181818
vt 0.125000 0.227273
vt 0.125000 0.272727
vt 0.125000 0.318182
vt 0.125000 0.363636
vt 0.125000 0.409091
vt 0.125000 0.454545
vt 0.125000 0.500000
vt 0.125000 0.545455
vt 0.125000 0.590909
vt 0.125000 0.636364
vt 0.125000 0.681818
vt 0.125000 0.727273
vt 0.125000 0.772727
vt 0.125000 0.818182
vt 0.125000 0.863636
vt 0.125000 0.909091
vt 0.145833 1.000000
vt 0.145833 0.954545
vt 0.145833 0.045455
vt 0.145833 0.000000
vt 0.145833 0.090909
vt 0.145833 0.136364
vt 0.145833 0.181818
vt 0.145833 0.227273
vt 0.145833 0.272727
vt 0.145833 0.318182
vt 0.145833 0.363636
vt 0.145833 0.409091
vt 0.145833 0.454545
vt 0.145833 0.500000
vt 0.145833 0.545455
vt 0.145833 0.590909
vt 0.145833 0.636364
vt 0.145833 0.681818
vt 0.145833 0.727273
vt 0.145833 0.772727
vt 0.145833 0.818182
vt 0.145833 0.863636
vt 0.145833 0.909091
vt 0.166667 1.000000
vt 0.166667 0.954545
vt 0.166667 0.045455
vt 0.166667 0.000000
vt 0.166667 0.090909
vt 0.166667 0.136364
vt 0.166667 0.181818
vt 0.166667 0.227273
vt 0.166667 0.272727
vt 0.166667 0.318182
vt 0.166667 0.363636
vt 0.166667 0.409091
vt 0.166667 0.454545
vt 0.166667 0.500000
vt 0.166667 0.545455
vt 0.166667 0.590909
vt 0.166667 0.636364
vt 0.166667 0.681818
vt 0.166667 0.727273
vt 0.166667 0.772727
vt 0.166667 0.818182
vt 0.166667 0.863636
vt 0.166667 0.909091
vt 0.187500 1.000000
vt 0.187500 0.954545
vt 0.187500 0.045455
vt 0.187500 0.000000
vt 0.187500 0.090909
vt 0.187500 0.136364
vt 0.187500 0.181818
vt 0.187500 0.227273
vt 0.187500 0.272727
vt 0.187500 0.318182
vt 0.187500 0.363636
vt 0.187500 0.409091
vt 0.187500 0.454545
vt 0.187500 0.500000
vt 0.187500 0.545455
vt 0.187500 0.590909
vt 0.187500 0.636364
vt 0.187500 0.681818
vt 0.187500 0.727273
vt 0.187500 0.772727
vt 0.187500 0.818182
vt 0.187500 0.863636
vt 0.187500 0.909091
vt 0.208333 1.000000
vt 0.208333 0.954545
vt 0.208333 0.045455
vt 0.208333 0.000000
vt 0.208333 0.090909
vt 0.208333 0.136364
vt 0.208333 0.181818
vt 0.208333 0.227273
vt 0.208333 0.272727
vt 0.208333 0.318182
vt 0.208333 0.363636
vt 0.208333 0.409091
vt 0.208333 0.454545
vt 0.208333 0.500000
vt 0.208333 0.545455
vt 0.208333 0.590909
vt 0.208333 0.636364
vt 0.208333 0.681818
vt 0.208333 0.727273
vt 0.208333 0.772727
vt 0.208333 0.818182
vt 0.208333 0.863636
vt 0.208333 0.909091
vt 0.229167 1.000000
vt 0.229167 0.954545
vt 0.229167 0.045455
vt 0.229167 0.000000
vt 0.229167 0.090909
vt 0.229167 0.136364
vt 0.229167 0.181818
vt 0.229167 0.227273
vt 0.229167 0.272727
vt 0.229167 0.318182
vt 0.229167 0.363636
vt 0.229167 0.409091
vt 0.229167 0.454545
vt 0.229167 0.500000
vt 0.229167 0.545455
vt 0.229167 0.590909
vt 0.229167 0.636364
vt 0.229167 0.681818
vt 0.229167 0.727273
vt 0.229167 0.772727
vt 0.229167 0.818182
vt 0.229167 0.863636
vt 0.229167 0.909091
vt 0.250000 1.000000
vt 0.250000 0.954545
vt 0.250000 0.045455
vt 0.250000 0.000000
vt 0.250000 0.090909
vt 0.250000 0.136364
vt 0.250000 0.181818
vt 0.250000 0.227273
vt 0.250000 0.272727
vt 0.250000 0.318182
vt 0.250000 0.363636
vt 0.250000 0.409091
vt 0.250000 0.454545
vt 0.250000 0.500000
vt 0.250000 0.545455
vt 0.250000 0.590909
vt 0.250000 0.636364
vt 0.250000 0.681818
vt 0.250000 0.727273
vt 0.250000 0.772727
vt 0.250000 0.818182
vt 0.250000 0.863636
vt 0.250000 0.909091
vt 0.270833 1.000000
vt 0.270833 0.954545
vt 0.270833 0.045455
vt 0.270833 0.000000
vt 0.270833 0.090909
vt 0.270833 0.136364
vt 0.270833 0.181818
vt 0.270833 0.227273
vt 0.270833 0.272727
vt 0.270833 0.318182
vt 0.270833 0.363636
vt 0.270833 0.409091
vt 0.270833 0.454545
vt 0.270833 0.500000
vt 0.270833 0.545455
vt 0.270833 0.590909
vt 0.270833 0.636364
vt 0.270833 0.681818
vt 0.270833 0.727273
vt 0.270833 0.772727
vt 0.270833 0.818182
vt 0.270833 0.863636
vt 0.270833 0.909091
vt 0.291667 1.000000
vt 0.291667 0.954545
vt 0.291667 0.045455
vt 0.291667 0.000000
vt 0.291667 0.090909
vt 0.291667 0.136364
vt 0.291667 0.181818
vt 0.291667 0.227273
vt 0.291667 0.272727
vt 0.291667 0.318182
vt 0.291667 0.363636
vt 0.291667 0.409091
vt 0.291667 0.454545
vt 0.291667 0.500000
vt 0.291667 0.545455
vt 0.291667 0.590909
vt 0.291667 0.636364
vt 0.291667 0.681818
vt 0.291667 0.727273
vt 0.291667 0.772727
vt 0.291667 0.818182
vt 0.291667 0.863636
vt 0.291667 0.909091
vt 0.312500 1.000000
vt 0.312500 0.954545
vt 0.312500 0.045455
vt 0.312500 0.000000
vt 0.312500 0.090909
vt 0.312500 0.136364
vt 0.312500 0.181818
vt 0.312500 0.227273
vt 0.312500 0.272727
vt 0.312500 0.318182
vt 0.312500 0.363636
vt 0.312500 0.409091
vt 0.312500 0.454545
vt 0.312500 0.500000
vt 0.312500 0.545455
vt 0.312500 0.590909
vt 0.312500 0.636364
vt 0.312500 0.681818
vt 0.312500 0.727273
vt 0.312500 0.772727
vt 0.312500 0.818182
vt 0.312500 0.863636
vt 0.312500 0.909091
vt 0.333333 1.000000
vt 0.333333 0.954545
vt 0.333333 0.045455
vt 0.333333 0.000000
vt 0.333333 0.090909
vt 0.333333 0.136364
vt 0.333333 0.181818
vt 0.333333 0.227273
vt 0.333333 0.272727
vt 0.333333 0.318182
vt 0.333333 0.363636
vt 0.333333 0.409091
vt 0.333333 0.454545
vt 0.333333 0.500000
vt 0.333333 0.545455
vt 0.333333 0.590909
vt 0.333333 0.636364
vt 0.333333 0.681818
vt 0.333333 0.727273
vt 0.333333 0.772727
vt 0.333333 0.818182
vt 0.333333 0.863636
vt 0.333333 0.909091
vt 0.354167 1.000000
vt 0.354167 0.954545
vt 0.354167 0.045455
vt 0.354167 0.000000
vt 0.354167 0.090909
vt 0.354167 0.136364
vt 0.354167 0.181818
vt 0.354167 0.227273
vt 0.354167 0.272727
vt 0.354167 0.318182
vt 0.354167 0.363636
vt 0.354167 0.409091
vt 0.354167 0.454545
vt 0.354167 0.500000
vt 0.354167 0.545455
vt 0.354167 0.590909
vt 0.354167 0.636364
vt 0.354167 0.681818
vt 0.354167 0.727273
vt 0.354167 0.772727
vt 0.354167 0.818182
vt 0.354167 0.863636
vt 0.354167 0.909091
vt 0.375000 1.000000
vt 0.375000 0.954545
vt 0.375000 0.045455
vt 0.375000 0.000000
vt 0.375000 0.090909
vt 0.375000 0.136364
vt 0.375000 0.181818
vt 0.375000 0.227273
vt 0.375000 0.272727
vt 0.375000 0.318182
vt 0.375000 0.363636
vt 0.375000 0.409091
vt 0.375000 0.454545
vt 0.375000 0.500000
vt 0.375000 0.545455
vt 0.375000 0.590909
vt 0.375000 0.636364
vt 0.375000 0.681818
vt 0.375000 0.727273
vt 0.375000 0.772727
vt 0.375000 0.818182
vt 0.375000 0.863636
vt 0.375000 0.909091
vt 0.395833 1.000000
vt 0.395833 0.954545
vt 0.395833 0.045455
vt 0.395833 0.000000
vt 0.395833 0.090909
vt 0.395833 0.136364
vt 0.395833 0.181818
vt 0.395833 0.227273
vt 0.395833 0.272727
vt 0.395833 0.318182
vt 0.395833 0.363636
vt 0.395833 0.409091
vt 0.395833 0.454545
vt 0.395833 0.500000
vt 0.395833 0.545455
vt 0.395833 0.590909
vt 0.395833 0.636364
vt 0.395833 0.681818
vt 0.395833 0.727273
vt 0.395833 0.772727
vt 0.395833 0.818182
vt 0.395833 0.863636
vt 0.395833 0.909091
vt 0.416667 1.000000
vt 0.416667 0.954545
vt 0.416667 0.045455
vt 0.416667 0.000000
vt 0.416667 0.090909
vt 0.416667 0.136364
vt 0.416667 0.181818
vt 0.416667 0.227273
vt 0.416667 0.272727
vt 0.416667 0.318182
vt 0.416667 0.363636
vt 0.416667 0.409091
vt 0.416667 0.454545
vt 0.416667 0.500000
vt 0.416667 0.545455
vt 0.416667 0.590909
vt 0.416667 0.636364
vt 0.416667 0.681818
vt 0.416667 0.727273
vt 0.416667 0.772727
vt 0.416667 0.818182
vt 0.416667 0.863636
vt 0.416667 0.909091
vt 0.437500 1.000000
vt 0.437500 0.954545
vt 0.437500 0.045455
vt 0.437500 0.000000
vt 0.437500 0.090909
vt 0.437500 0.136364
vt 0.437500 0.181818
vt 0.437500 0.227273
vt 0.437500 0.272727
vt 0.437500 0.318182
vt 0.437500 0.363636
vt 0.437500 0.409091
vt 0.437500 0.454545
vt 0.437500 0.500000
vt 0.437500 0.545455
vt 0.437500 0.590909
vt 0.437500 0.636364
vt 0.437500 0.681818
vt 0.437500 0.727273
vt 0.437500 0.772727
vt 0.437500 0.818182
vt 0.437500 0.863636
vt 0.437500 0.909091
vt 0.458333 1.000000
vt 0.458333 0.954545
vt 0.458333 0.045455
vt 0.458333 0.000000
vt 0.458333 0.090909
vt 0.458333 0.136364
vt 0.458333 0.181818
vt 0.458333 0.227273
vt 0.458333 0.272727
vt 0.458333 0.318182
vt 0.458333 0.363636
vt 0.458333 0.409091
vt 0.458333 0.454545
vt 0.458333 0.500000
vt 0.458333 0.545455
vt 0.458333 0.590909
vt 0.458333 0.636364
vt 0.458333 0.681818
vt 0.458333 0.727273
vt 0.458333 0.772727
vt 0.458333 0.818182
vt 0.458333 0.863636
vt 0.458333 0.909091
vt 0.479167 1.000000
vt 0.479167 0.954545
vt 0.479167 0.045455
vt 0.479167 0.000000
vt 0.479167 0.090909
vt 0.479167 0.136364
vt 0.479167 0.181818
vt 0.479167 0.227273
vt 0.479167 0.272727
vt 0.479167 0.318182
vt 0.479167 0.363636
vt 0.479167 0.409091
vt 0.479167 0.454545
vt 0.479167 0.500000
vt 0.479167 0.545455
vt 0.479167 0.590909
vt 0.479167 0.636364
vt 0.479167 0.681818
vt 0.479167 0.727273
vt 0.479167 0.772727
vt 0.479167 0.818182
vt 0.479167 0.863636
vt 0.479167 0.909091
vt 0.500000 1.000000
vt 0.500000 0.954545
vt 0.500000 0.045455
vt 0.500000 0.000000
vt 0.500000 0.090909
vt 0.500000 0.136364
vt 0.500000 0.181818
vt 0.500000 0.227273
vt 0.500000 0.272727
vt 0.500000 0.318182
vt 0.500000 0.363636
vt 0.500000 0.409091
vt 0.500000 0.454545
vt 0.500000 0.500000
vt 0.500000 0.545455
vt 0.500000 0.590909
vt 0.500000 0.636364
vt 0.500000 0.681818
vt 0.500000 0.727273
vt 0.500000 0.772727
vt 0.500000 0.818182
vt 0.500000 0.863636
vt 0.500000 0.909091
vt 0.520833 1.000000
vt 0.520833 0.954545
vt 0.520833 0.045455
vt 0.520833 0.000000
vt 0.520833 0.090909
vt 0.520833 0.136364
vt 0.520833 0.181818
vt 0.520833 0.227273
vt 0.520833 0.272727
vt 0.520833 0.318182
vt 0.520833 0.363636
vt 0.520833 0.409091
vt 0.520833 0.454545
vt 0.520833 0.500000
vt 0.520833 0.545455
vt 0.520833 0.590909
vt 0.520833 0.636364
vt 0.520833 0.681818
vt 0.520833 0.727273
vt 0.520833 0.772727
vt 0.520833 0.818182
vt 0.520833 0.863636
vt 0.520833 0.909091
vt 0.541667 1.000000
vt 0.541667 0.954545
vt 0.541667 0.045455
vt 0.541667 0.000000
vt 0.541667 0.090909
vt 0.541667 0.136364
vt 0.541667 0.181818
vt 0.541667 0.227273
vt 0.541667 0.272727
vt 0.541667 0.318182
vt 0.541667 0.363636
vt 0.541667 0.409091
vt 0.541667 0.454545
vt 0.541667 0.500000
vt 0.541667 0.545455
vt 0.541667 0.590909
vt 0.541667 0.636364
vt 0.541667 0.681818
vt 0.541667 0.727273
vt 0.541667 0.772727
vt 0.541667 0.818182
vt 0.541667 0.863636
vt 0.541667 0.909091
vt 0.562500 1.000000
vt 0.562500 0.954545
vt 0.562500 0.045455
vt 0.562500 0.000000
vt 0.562500 0.090909
vt 0.562500 0.136364
vt 0.562500 0.181818
vt 0.562500 0.227273
vt 0.562500 0.272727
vt 0.562500 0.318182
vt 0.562500 0.363636
vt 0.562500 0.409091
vt 0.562500 0.454545
vt 0.562500 0.500000
vt 0.562500 0.545455
vt 0.562500 0.590909
vt 0.562500 0.636364
vt 0.562500 0.681818
vt 0.562500 0.727273
vt 0.562500 0.772727
vt 0.562500 0.818182
vt 0.562500 0.863636
vt 0.562500 0.909091
vt 0.583333 1.000000
vt 0.583333 0.954545
vt 0.583333 0.045455
vt 0.583333 0.000000
vt 0.583333 0.090909
vt 0.583333 0.136364
vt 0.583333 0.181818
vt 0.583333 0.227273
vt 0.583333 0.272727
vt 0.583333 0.318182
vt 0.583333 0.363636
vt 0.583333 0.409091
vt 0.583333 0.454545
vt 0.583333 0.500000
vt 0.583333 0.545455
vt 0.583333 0.590909
vt 0.583333 0.636364
vt 0.583333 0.681818
vt 0.583333 0.727273
vt 0.583333 0.772727
vt 0.583333 0.818182
vt 0.583333 0.863636
vt 0.583333 0.909091
vt 0.604167 1.000000
vt 0.604167 0.954545
vt 0.604167 0.045455
vt 0.604167 0.000000
vt 0.604167 0.090909
vt 0.604167 0.136364
vt 0.604167 0.181818
vt 0.604167 0.227273
vt 0.604167 0.272727
vt 0.604167 0.318182
vt 0.604167 0.363636
vt 0.604167 0.409091
vt 0.604167 0.454545
vt 0.604167 0.500000
vt 0.604167 0.545455
vt 0.604167 0.590909
vt 0.604167 0.636364
vt 0.604167 0.681818
vt 0.604167 0.727273
vt 0.604167 0.772727
vt 0.604167 0.818182
vt 0.604167 0.863636
vt 0.604167 0.909091
vt 0.625000 1.000000
vt 0.625000 0.954545
vt 0.625000 0.045455
vt 0.625000 0.000000
vt 0.625000 0.090909
vt 0.625000 0.136364
vt 0.625000 0.181818
vt 0.625000 0.227273
vt 0.625000 0.272727
vt 0.625000 0.318182
vt 0.625000 0.363636
vt 0.625000 0.409091
vt 0.625000 0.454545
vt 0.625000 0.500000
vt 0.625000 0.545455
vt 0.625000 0.590909
vt 0.625000 0.636364
vt 0.625000 0.681818
vt 0.625000 0.727273
vt 0.625000 0.772727
vt 0.625000 0.818182
vt 0.625000 0.863636
vt 0.625000 0.909091
vt 0.645833 1.000000
vt 0.645833 0.954545
vt 0.645833 0.045455
vt 0.645833 0.000000
vt 0.645833 0.090909
vt 0.645833 0.136364
vt 0.645833 0.181818
vt 0.645833 0.227273
vt 0.645833 0.272727
vt 0.645833 0.318182
vt 0.645833 0.363636
vt 0.645833 0.409091
vt 0.645833 0.454545
vt 0.645833 0.500000
vt 0.645833 0.545455
vt 0.645833 0.590909
vt 0.645833 0.636364
vt 0.645833 0.681818
vt 0.645833 0.727273
vt 0.645833 0.772727
vt 0.645833 0.818182
vt 0.645833 0.863636
vt 0.645833 0.909091
vt 0.666667 1.000000
vt 0.666667 0.954545
vt 0.666667 0.045455
vt 0.666667 0.000000
vt 0.666667 0.090909
vt 0.666667 0.136364
vt 0.666667 0.181818
vt 0.666667 0.227273
vt 0.666667 0.272727
vt 0.666667 0.318182
vt 0.666667 0.363636
vt 0.666667 0.409091
vt 0.666667 0.454545
vt 0.666667 0.500000
vt 0.666667 0.545455
vt 0.666667 0.590909
vt 0.666667 0.636364
vt 0.666667 0.681818
vt 0.666667 0.727273
vt 0.666667 0.772727
vt 0.666667 0.818182
vt 0.666667 0.863636
vt 0.666667 0.909091
vt 0.687500 1.000000
vt 0.687500 0.954545
vt 0.687500 0.045455
vt 0.687500 0.000000
vt 0.687500 0.090909
vt 0.687500 0.136364
vt 0.687500 0.181818
vt 0.687500 0.227273
vt 0.687500 0.272727
vt 0.687500 0.318182
vt 0.687500 0.363636
vt 0.687500 0.409091
vt 0.687500 0.454545
vt 0.687500 0.500000
vt 0.687500 0.545455
vt 0.687500 0.590909
vt 0.687500 0.636364
vt 0.687500 0.681818
vt 0.687500 0.727273
vt 0.687500 0.772727
vt 0.687500 0.818182
vt 0.687500 0.863636
vt 0.687500 0.909091
vt 0.708333 1.000000
vt 0.708333 0.954545
vt 0.708333 0.045455
vt 0.708333 0.000000
vt 0.708333 0.090909
vt 0.708333 0.136364
vt 0.708333 0.181818
vt 0.708333 0.227273
vt 0.708333 0.272727
vt 0.708333 0.318182
vt 0.708333 0.363636
vt 0.708333 0.409091
vt 0.708333 0.454545
vt 0.708333 0.500000
vt 0.708333 0.545455
vt 0.708333 0.590909
vt 0.708333 0.636364
vt 0.708333 0.681818
vt 0.708333 0.727273
vt 0.708333 0.772727
vt 0.708333 0.818182
vt 0.708333 0.863636
vt 0.708333 0.909091
vt 0.729167 1.000000
vt 0.729167 0.954545
vt 0.729167 0.045455
vt 0.729167 0.000000
vt 0.729167 0.090909
vt 0.729167 0.136364
vt 0.729167 0.181818
vt 0.729167 0.227273
vt 0.729167 0.272727
vt 0.729167 0.318182
vt 0.729167 0.363636
vt 0.729167 0.409091
vt 0.729167 0.454545
vt 0.729167 0.500000
vt 0.729167 0.545455
vt 0.729167 0.590909
vt 0.729167 0.636364
vt 0.729167 0.681818
vt 0.729167 0.727273
vt 0.729167 0.772727
vt 0.729167 0.818182
vt 0.729167 0.863636
vt 0.729167 0.909091
vt 0.750000 1.000000
vt 0.750000 0.954545
vt 0.750000 0.045455
vt 0.750000 0.000000
vt 0.750000 0.090909
vt 0.750000 0.136364
vt 0.750000 0.181818
vt 0.750000 0.227273
vt 0.750000 0.272727
vt 0.750000 0.318182
vt 0.750000 0.363636
vt 0.750000 0.409091
vt 0.750000 0.454545
vt 0.750000 0.500000
vt 0.750000 0.545455
vt 0.750000 0.590909
vt 0.750000 0.636364
vt 0.750000 0.681818
vt 0.750000 0.727273
vt 0.750000 0.772727
vt 0.750000 0.818182
vt 0.750000 0.863636
vt 0.750000 0.909091
vt 0.770833 1.000000
vt 0.770833 0.954545
vt 0.770833 0.045455
vt 0.770833 0.000000
vt 0.770833 0.090909
vt 0.770833 0.136364
vt 0.770833 0.181818
vt 0.770833 0.227273
vt 0.770833 0.272727
vt 0.770833 0.318182
vt 0.770833 0.363636
vt 0.770833 0.409091
vt 0.770833 0.454545
vt 0.770833 0.500000
vt 0.770833 0.545455
vt 0.770833 0.590909
vt 0.770833 0.636364
vt 0.770833 0.681818
vt 0.770833 0.727273
vt 0.770833 0.772727
vt 0.770833 0.818182
vt 0.770833 0.863636
vt 0.770833 0.909091
vt 0.791667 1.000000
vt 0.791667 0.954545
vt 0.791667 0.045455
vt 0.791667 0.000000
vt 0.791667 0.090909
vt 0.791667 0.136364
vt 0.791667 0.181818
vt 0.791667 0.227273
vt 0.791667 0.272727
vt 0.791667 0.318182
vt 0.791667 0.363636
vt 0.791667 0.409091
vt 0.791667 0.454545
vt 0.791667 0.500000
vt 0.791667 0.545455
vt 0.791667 0.590909
vt 0.791667 0.636364
vt 0.791667 0.681818
vt 0.791667 0.727273
vt 0.791667 0.772727
vt 0.791667 0.818182
vt 0.791667 0.863636
vt 0.791667 0.909091
vt 0.812500 1.000000
vt 0.812500 0.954545
vt 0.812500 0.045455
vt 0.812500 0.000000
vt 0.812500 0.090909
vt 0.812500 0.136364
vt 0.812500 0.181818
vt 0.812500 0.227273
vt 0.812500 0.272727
vt 0.812500 0.318182
vt 0.812500 0.363636
vt 0.812500 0.409091
vt 0.812500 0.454545
vt 0.812500 0.500000
vt 0.812500 0.545455
vt 0.812500 0.590909
vt 0.812500 0.636364
vt 0.812500 0.681818
vt 0.812500 0.727273
vt 0.812500 0.772727
vt 0.812500 0.818182
vt 0.812500 0.863636
vt 0.812500 0.909091
vt 0.833333 1.000000
vt 0.833333 0.954545
vt 0.833333 0.045455
vt 0.833333 0.000000
vt 0.833333 0.090909
vt 0.833333 0.136364
vt 0.833333 0.181818
vt 0.833333 0.227273
vt 0.833333 0.272727
vt 0.833333 0.318182
vt 0.833333 0.363636
vt 0.833333 0.409091
vt 0.833333 0.454545
vt 0.833333 0.500000
vt 0.833333 0.545455
vt 0.833333 0.590909
vt 0.833333 0.636364
vt 0.833333 0.681818
vt 0.833333 0.727273
vt 0.833333 0.772727
vt 0.833333 0.818182
vt 0.833333 0.863636
vt 0.833333 0.909091
vt 0.854167 1.000000
vt 0.854167 0.954545
vt 0.854167 0.045455
vt 0.854167 0.000000
vt 0.854167 0.090909
vt 0.854167 0.136364
vt 0.854167 0.181818
vt 0.854167 0.227273
vt 0.854167 0.272727
vt 0.854167 0.318182
vt 0.854167 0.363636
vt 0.854167 0.409091
vt 0.854167 0.454545
vt 0.854167 0.500000
vt 0.854167 0.545455
vt 0.854167 0.590909
vt 0.854167 0.636364
vt 0.854167 0.681818
vt 0.854167 0.727273
vt 0.854167 0.772727
vt 0.854167 0.818182
vt 0.854167 0.863636
vt 0.854167 0.909091
vt 0.875000 1.000000
vt 0.875000 0.954545
vt 0.875000 0.045455
vt 0.875000 0.000000
vt 0.875000 0.090909
vt 0.875000 0.136364
vt 0.875000 0.181818
vt 0.875000 0.227273
vt 0.875000 0.272727
vt 0.875000 0.318182
vt 0.875000 0.363636
vt 0.875000 0.409091
vt 0.875000 0.454545
vt 0.875000 0.500000
vt 0.875000 0.545455
vt 0.875000 0.590909
vt 0.875000 0.636364
vt 0.875000 0.681818
vt 0.875000 0.727273
vt 0.875000 0.772727
vt 0.875000 0.818182
vt 0.875000 0.863636
vt 0.875000 0.909091
vt 0.895833 1.000000
vt 0.895833 0.954545
vt 0.895833 0.045455
vt 0.895833 0.000000
vt 0.895833 0.090909
vt 0.895833 0.136364
vt 0.895833 0.181818
vt 0.895833 0.227273
vt 0.895833 0.272727
vt 0.895833 0.318182
vt 0.895833 0.363636
vt 0.895833 0.409091
vt 0.895833 0.454545
vt 0.895833 0.500000
vt 0.895833 0.545455
vt 0.895833 0.590909
vt 0.895833 0.636364
vt 0.895833 0.681818
vt 0.895833 0.727273
vt 0.895833 0.772727
vt 0.895833 0.818182
vt 0.895833 0.863636
vt 0.895833 0.909091
vt 0.916667 1.000000
vt 0.916667 0.954545
vt 0.916667 0.045455
vt 0.916667 0.000000
vt 0.916667 0.090909
vt 0.916667 0.136364
vt 0.916667 0.181818
vt 0.916667 0.227273
vt 0.916667 0.272727
vt 0.916667 0.318182
vt 0.916667 0.363636
vt 0.916667 0.409091
vt 0.916667 0.454545
vt 0.916667 0.500000
vt 0.916667 0.545455
vt 0.916667 0.590909
vt 0.916667 0.636364
vt 0.916667 0.681818
vt 0.916667 0.727273
vt 0.916667 0.772727
vt 0.916667 0.818182
vt 0.916667 0.863636
vt 0.916667 0.909091
vt 0.937500 1.000000
vt 0.937500 0.954545
vt 0.937500 0.045455
vt 0.937500 0.000000
vt 0.937500 0.090909
vt 0.937500 0.136364
vt 0.937500 0.181818
vt 0.937500 0.227273
vt 0.937500 0.272727
vt 0.937500 0.318182
vt 0.937500 0.363636
vt 0.937500 0.409091
vt 0.937500 0.454545
vt 0.937500 0.500000
vt 0.937500 0.545455
vt 0.937500 0.590909
vt 0.937500 0.636364
vt 0.937500 0.681818
vt 0.937500 0.727273
vt 0.937500 0.772727
vt 0.937500 0.818182
vt 0.937500 0.863636
vt 0.937500 0.909091
vt 0.958333 1.000000
vt 0.958333 0.954545
vt 0.958333 0.045455
vt 0.958333 0.000000
vt 0.958333 0.090909
vt 0.958333 0.136364
vt 0.958333 0.181818
vt 0.958333 0.227273
vt 0.958333 0.272727
vt 0.958333 0.318182
vt 0.958333 0.363636
vt 0.958333 0.409091
vt 0.958333 0.454545
vt 0.958333 0.500000
vt 0.958333 0.545455
vt 0.958333 0.590909
vt 0.958333 0.636364
vt 0.958333 0.681818
vt 0.958333 0.727273
vt 0.958333 0.772727
vt 0.958333 0.818182
vt 0.958333 0.863636
vt 0.958333 0.909091
vt 0.979167 1.000000
vt 0.979167 0.954545
vt 0.979167 0.045455
vt 0.979167 0.000000
vt 0.979167 0.090909
vt 0.979167 0.136364
vt 0.979167 0.181818
vt 0.979167 0.227273
vt 0.979167 0.272727
vt 0.979167 0.318182
vt 0.979167 0.363636
vt 0.979167 0.409091
vt 0.979167 0.454545
vt 0.979167 0.500000
vt 0.979167 0.545455
vt 0.979167 0.590909
vt 0.979167 0.636364
vt 0.979167 0.681818
vt 0.979167 0.727273
vt 0.979167 0.772727
vt 0.979167 0.818182
vt 0.979167 0.863636
vt 0.979167 0.909091
vt 1.000000 1.000000
vt 1.000000 0.954545
vt 1.000000 0.045455
vt 1.000000 0.000000
vt 1.000000 0.090909
vt 1.000000 0.136364
vt 1.000000 0.181818
vt 1.000000 0.227273
vt 1.000000 0.272727
vt 1.000000 0.318182
vt 1.000000 0.363636
vt 1.000000 0.409091
vt 1.000000 0.454545
vt 1.000000 0.500000
vt 1.000000 0.545455
vt 1.000000 0.590909
vt 1.000000 0.636364
vt 1.000000 0.681818
vt 1.000000 0.727273
vt 1.000000 0.772727
vt 1.000000 0.818182
vt 1.000000 0.863636
vt 1.000000 0.909091
s 1
usemtl Braces_Chrome.001
f 1/1/1 23/2/23 44/3/44 22/4/22
f 2/5/2 24/6/24 23/7/23 1/8/1
f 3/9/3 25/10/25 24/6/24 2/5/2
f 4/11/4 26/12/26 25/10/25 3/9/3
f 5/13/5 27/14/27 26/12/26 4/11/4
f 6/15/6 28/16/28 27/14/27 5/13/5
f 7/17/7 29/18/29 28/16/28 6/15/6
f 8/19/8 30/20/30 29/18/29 7/17/7
f 9/21/9 31/22/31 30/20/30 8/19/8
f 10/23/10 32/24/32 31/22/31 9/21/9
f 11/25/11 33/26/33 32/24/32 10/23/10
f 12/27/12 34/28/34 33/26/33 11/25/11
f 13/29/13 35/30/35 34/28/34 12/27/12
f 14/31/14 36/32/36 35/30/35 13/29/13
f 15/33/15 37/34/37 36/32/36 14/31/14
f 16/35/16 38/36/38 37/34/37 15/33/15
f 17/37/17 39/38/39 38/36/38 16/35/16
f 18/39/18 40/40/40 39/38/39 17/37/17
f 19/41/19 41/42/41 40/40/40 18/39/18
f 20/43/20 42/44/42 41/42/41 19/41/19
f 21/45/21 43/46/43 42/44/42 20/43/20
f 22/4/22 44/3/44 43/46/43 21/45/21
f 23/2/23 45/47/45 66/48/66 44/3/44
f 24/6/24 46/49/46 45/50/45 23/7/23
f 25/10/25 47/51/47 46/49/46 24/6/24
f 26/12/26 48/52/48 47/51/47 25/10/25
f 27/14/27 49/53/49 48/52/48 26/12/26
f 28/16/28 50/54/50 49/53/49 27/14/27
f 29/18/29 51/55/51 50/54/50 28/16/28
f 30/20/30 52/56/52 51/55/51 29/18/29
f 31/22/31 53/57/53 52/56/52 30/20/30
f 32/24/32 54/58/54 53/57/53 31/22/31
f 33/26/33 55/59/55 54/58/54 32/24/32
f 34/28/34 56/60/56 55/59/55 33/26/33
f 35/30/35 57/61/57 56/60/56 34/28/34
f 36/32/36 58/62/58 57/61/57 35/30/35
f 37/34/37 59/63/59 58/62/58 36/32/36
f 38/36/38 60/64/60 59/63/59 37/34/37
f 39/38/39 61/65/61 60/64/60 38/36/38
f 40/40/40 62/66/62 61/65/61 39/38/39
f 41/42/41 63/67/63 62/66/62 40/40/40
f 42/44/42 64/68/64 63/67/63 41/42/41
f 43/46/43 65/69/65 64/68/64 42/44/42
f 44/3/44 66/48/66 65/69/65 43/46/43
f 45/47/45 67/70/67 88/71/88 66/48/66
f 46/49/46 68/72/68 67/73/67 45/50/45
f 47/51/47 69/74/69 68/72/68 46/49/46
f 48/52/48 70/75/70 69/74/69 47/51/47
f 49/53/49 71/76/71 70/75/70 48/52/48
f 50/54/50 72/77/72 71/76/71 49/53/49
f 51/55/51 73/78/73 72/77/72 50/54/50
f 52/56/52 74/79/74 73/78/73 51/55/51
f 53/57/53 75/80/75 74/79/74 52/56/52
f 54/58/54 76/81/76 75/80/75 53/57/53
f 55/59/55 77/82/77 76/81/76 54/58/54
f 56/60/56 78/83/78 77/82/77 55/59/55
f 57/61/57 79/84/79 78/83/78 56/60/56
f 58/62/58 80/85/80 79/84/79 57/61/57
f 59/63/59 81/86/81 80/85/80 58/62/58
f 60/64/60 82/87/82 81/86/81 59/63/59
f 61/65/61 83/88/83 82/87/82 60/64/60
f 62/66/62 84/89/84 83/88/83 61/65/61
f 63/67/63 85/90/85 84/89/84 62/66/62
f 64/68/64 86/91/86 85/90/85 63/67/63
f 65/69/65 87/92/87 86/91/86 64/68/64
f 66/48/66 88/71/88 87/92/87 65/69/65
f 67/70/67 89/93/89 110/94/110 88/71/88
f 68/72/68 90/95/90 89/96/89 67/73/67
f 69/74/69 91/97/91 90/95/90 68/72/68
f 70/75/70 92/98/92 91/97/91 69/74/69
f 71/76/71 93/99/93 92/98/92 70/75/70
f 72/77/72 94/100/94 93/99/93 71/76/71
f 73/78/73 95/101/95 94/100/94 72/77/72
f 74/79/74 96/102/96 95/101/95 73/78/73
f 75/80/75 97/103/97 96/102/96 74/79/74
f 76/81/76 98/104/98 97/103/97 75/80/75
f 77/82/77 99/105/99 98/104/98 76/81/76
f 78/83/78 100/106/100 99/105/99 77/82/77
f 79/84/79 101/107/101 100/106/100 78/83/78
f 80/85/80 102/108/102 101/107/101 79/84/79
f 81/86/81 103/109/103 102/108/102 80/85/80
f 82/87/82 104/110/104 103/109/103 81/86/81
f 83/88/83 105/111/105 104/110/104 82/87/82
f 84/89/84 106/112/106 105/111/105 83/88/83
f 85/90/85 107/113/107 106/112/106 84/89/84
f 86/91/86 108/114/108 107/113/107 85/90/85
f 87/92/87 109/115/109 108/114/108 86/91/86
f 88/71/88 110/94/110 109/115/109 87/92/87
f 89/93/89 111/116/111 132/117/132 110/94/110
f 90/95/90 112/118/112 111/119/111 89/96/89
f 91/97/91 113/120/113 112/118/112 90/95/90
f 92/98/92 114/121/114 113/120/113 91/97/91
f 93/99/93 115/122/115 114/121/114 92/98/92
f 94/100/94 116/123/116 115/122/115 93/99/93
f 95/101/95 117/124/117 116/123/116 94/100/94
f 96/102/96 118/125/118 117/124/117 95/101/95
f 97/103/97 119/126/119 118/125/118 96/102/96
f 98/104/98 120/127/120 119/126/119 97/103/97
f 99/105/99 121/128/121 120/127/120 98/104/98
f 100/106/100 122/129/122 121/128/121 99/105/99
f 101/107/101 123/130/123 122/129/122 100/106/100
f 102/108/102 124/131/124 123/130/123 101/107/101
f 103/109/103 125/132/125 124/131/124 102/108/102
f 104/110/104 126/133/126 125/132/125 103/109/103
f 105/111/105 127/134/127 126/133/126 104/110/104
f 106/112/106 128/135/128 127/134/127 105/111/105
f 107/113/107 129/136/129 128/135/128 106/112/106
f 108/114/108 130/137/130 129/136/129 107/113/107
f 109/115/109 131/138/131 130/137/130 108/114/108
f 110/94/110 132/117/132 131/138/131 109/115/109
f 111/116/111 133/139/133 154/140/154 132/117/132
f 112/118/112 134/141/134 133/142/133 111/119/111
f 113/120/113 135/143/135 134/141/134 112/118/112
f 114/121/114 136/144/136 135/143/135 113/120/113
f 115/122/115 137/145/137 136/144/136 114/121/114
f 116/123/116 138/146/138 137/145/137 115/122/115
f 117/124/117 139/147/139 138/146/138 116/123/116
f 118/125/118 140/148/140 139/147/139 117/124/117
f 119/126/119 141/149/141 140/148/140 118/125/118
f 120/127/120 142/150/142 141/149/141 119/126/119
f 121/128/121 143/151/143 142/150/142 120/127/120
f 122/129/122 144/152/144 143/151/143 121/128/121
f 123/130/123 145/153/145 144/152/144 122/129/122
f 124/131/124 146/154/146 145/153/145 123/130/123
f 125/132/125 147/155/147 146/154/146 124/131/124
f 126/133/126 148/156/148 147/155/147 125/132/125
f 127/134/127 149/157/149 148/156/148 126/133/126
f 128/135/128 150/158/150 149/157/149 127/134/127
f 129/136/129 151/159/151 150/158/150 128/135/128
f 130/137/130 152/160/152 151/159/151 129/136/129
f 131/138/131 153/161/153 152/160/152 130/137/130
f 132/117/132 154/140/154 153/161/153 131/138/131
f 133/139/133 155/162/155 176/163/176 154/140/154
f 134/141/134 156/164/156 155/165/155 133/142/133
f 135/143/135 157/166/157 156/164/156 134/141/134
f 136/144/136 158/167/158 157/166/157 135/143/135
f 137/145/137 159/168/159 158/167/158 136/144/136
f 138/146/138 160/169/160 159/168/159 137/145/137
f 139/147/139 161/170/161 160/169/160 138/146/138
f 140/148/140 162/171/162 161/170/161 139/147/139
f 141/149/141 163/172/163 162/171/162 140/148/140
f 142/150/142 164/173/164 163/172/163 141/149/141
f 143/151/143 165/174/165 164/173/164 142/150/142
f 144/152/144 166/175/166 165/174/165 143/151/143
f 145/153/145 167/176/167 166/175/166 144/152/144
f 146/154/146 168/177/168 167/176/167 145/153/145
f 147/155/147 169/178/169 168/177/168 146/154/146
f 148/156/148 170/179/170 169/178/169 147/155/147
f 149/157/149 171/180/171 170/179/170 148/156/148
f 150/158/150 172/181/172 171/180/171 149/157/149
f 151/159/151 173/182/173 172/181/172 150/158/150
f 152/160/152 174/183/174 173/182/173 151/159/151
f 153/161/153 175/184/175 174/183/174 152/160/152
f 154/140/154 176/163/176 175/184/175 153/161/153
f 155/162/155 177/185/177 198/186/198 176/163/176
f 156/164/156 178/187/178 177/188/177 155/165/155
f 157/166/157 179/189/179 178/187/178 156/164/156
f 158/167/158 180/190/180 179/189/179 157/166/157
f 159/168/159 181/191/181 180/190/180 158/167/158
f 160/169/160 182/192/182 181/191/181 159/168/159
f 161/170/161 183/193/183 182/192/182 160/169/160
f 162/171/162 184/194/184 183/193/183 161/170/161
f 163/172/163 185/195/185 184/194/184 162/171/162
f 164/173/164 186/196/186 185/195/185 163/172/163
f 165/174/165 187/197/187 186/196/186 164/173/164
f 166/175/166 188/198/188 187/197/187 165/174/165
f 167/176/167 189/199/189 188/198/188 166/175/166
f 168/177/168 190/200/190 189/199/189 167/176/167
f 169/178/169 191/201/191 190/200/190 168/177/168
f 170/179/170 192/202/192 191/201/191 169/178/169
f 171/180/171 193/203/193 192/202/192 170/179/170
f 172/181/172 194/204/194 193/203/193 171/180/171
f 173/182/173 195/205/195 194/204/194 172/181/172
f 174/183/174 196/206/196 195/205/195 173/182/173
f 175/184/175 197/207/197 196/206/196 174/183/174
f 176/163/176 198/186/198 197/207/197 175/184/175
f 177/185/177 199/208/199 220/209/220 198/186/198
f 178/187/178 200/210/200 199/211/199 177/188/177
f 179/189/179 201/212/201 200/210/200 178/187/178
f 180/190/180 202/213/202 201/212/201 179/189/179
f 181/191/181 203/214/203 202/213/202 180/190/180
f 182/192/182 204/215/204 203/214/203 181/191/181
f 183/193/183 205/216/205 204/215/204 182/192/182
f 184/194/184 206/217/206 205/216/205 183/193/183
f 185/195/185 207/218/207 206/217/206 184/194/184
f 186/196/186 208/219/208 207/218/207 185/195/185
f 187/197/187 209/220/209 208/219/208 186/196/186
f 188/198/188 210/221/210 209/220/209 187/197/187
f 189/199/189 211/222/211 210/221/210 188/198/188
f 190/200/190 212/223/212 211/222/211 189/199/189
f 191/201/191 213/224/213 212/223/212 190/200/190
f 192/202/192 214/225/214 213/224/213 191/201/191
f 193/203/193 215/226/215 214/225/214 192/202/192
f 194/204/194 216/227/216 215/226/215 193/203/193
f 195/205/195 217/228/217 216/227/216 194/204/194
f 196/206/196 218/229/218 217/228/217 195/205/195
f 197/207/197 219/230/219 218/229/218 196/206/196
f 198/186/198 220/209/220 219/230/219 197/207/197
f 199/208/199 221/231/221 242/232/242 220/209/220
f 200/210/200 222/233/222 221/234/221 199/211/199
f 201/212/201 223/235/223 222/233/222 200/210/200
f 202/213/202 224/236/224 223/235/223 201/212/201
f 203/214/203 225/237/225 224/236/224 202/213/202
f 204/215/204 226/238/226 225/237/225 203/214/203
f 205/216/205 227/239/227 226/238/226 204/215/204
f 206/217/206 228/240/228 227/239/227 205/216/205
f 207/218/207 229/241/229 228/240/228 206/217/206
f 208/219/208 230/242/230 229/241/229 207/218/207
f 209/220/209 231/243/231 230/242/230 208/219/208
f 210/221/210 232/244/232 231/243/231 209/220/209
f 211/222/211 233/245/233 232/244/232 210/221/210
f 212/223/212 234/246/234 233/245/233 211/222/211
f 213/224/213 235/247/235 234/246/234 212/223/212
f 214/225/214 236/248/236 235/247/235 213/224/213
f 215/226/215 237/249/237 236/248/236 214/225/214
f 216/227/216 238/250/238 237/249/237 215/226/215
f 217/228/217 239/251/239 238/250/238 216/227/216
f 218/229/218 240/252/240 239/251/239 217/228/217
f 219/230/219 241/253/241 240/252/240 218/229/218
f 220/209/220 242/232/242 241/253/241 219/230/219
f 221/231/221 243/254/243 264/255/264 242/232/242
f 222/233/222 244/256/244 243/257/243 221/234/221
f 223/235/223 245/258/245 244/256/244 222/233/222
f 224/236/224 246/259/246 245/258/245 223/235/223
f 225/237/225 247/260/247 246/259/246 224/236/224
f 226/238/226 248/261/248 247/260/247 225/237/225
f 227/239/227 249/262/249 248/261/248 226/238/226
f 228/240/228 250/263/250 249/262/249 227/239/227
f 229/241/229 251/264/251 250/263/250 228/240/228
f 230/242/230 252/265/252 251/264/251 229/241/229
f 231/243/231 253/266/253 252/265/252 230/242/230
f 232/244/232 254/267/254 253/266/253 231/243/231
f 233/245/233 255/268/255 254/267/254 232/244/232
f 234/246/234 256/269/256 255/268/255 233/245/233
f 235/247/235 257/270/257 256/269/256 234/246/234
f 236/248/236 258/271/258 257/270/257 235/247/235
f 237/249/237 259/272/259 258/271/258 236/248/236
f 238/250/238 260/273/260 259/272/259 237/249/237
f 239/251/239 261/274/261 260/273/260 238/250/238
f 240/252/240 262/275/262 261/274/261 239/251/239
f 241/253/241 263/276/263 262/275/262 240/252/240
f 242/232/242 264/255/264 263/276/263 241/253/241
f 243/254/243 265/277/265 286/278/286 264/255/264
f 244/256/244 266/279/266 265/280/265 243/257/243
f 245/258/245 267/281/267 266/279/266 244/256/244
f 246/259/246 268/282/268 267/281/267 245/258/245
f 247/260/247 269/283/269 268/282/268 246/259/246
f 248/261/248 270/284/270 269/283/269 247/260/247
f 249/262/249 271/285/271 270/284/270 248/261/248
f 250/263/250 272/286/272 271/285/271 249/262/249
f 251/264/251 273/287/273 272/286/272 250/263/250
f 252/265/252 274/288/274 273/287/273 251/264/251
f 253/266/253 275/289/275 274/288/274 252/265/252
f 254/267/254 276/290/276 275/289/275 253/266/253
f 255/268/255 277/291/277 276/290/276 254/267/254
f 256/269/256 278/292/278 277/291/277 255/268/255
f 257/270/257 279/293/279 278/292/278 256/269/256
f 258/271/258 280/294/280 279/293/279 257/270/257
f 259/272/259 281/295/281 280/294/280 258/271/258
f 260/273/260 282/296/282 281/295/281 259/272/259
f 261/274/261 283/297/283 282/296/282 260/273/260
f 262/275/262 284/298/284 283/297/283 261/274/261
f 263/276/263 285/299/285 284/298/284 262/275/262
f 264/255/264 286/278/286 285/299/285 263/276/263
f 265/277/265 287/300/287 308/301/308 286/278/286
f 266/279/266 288/302/288 287/303/287 265/280/265
f 267/281/267 289/304/289 288/302/288 266/279/266
f 268/282/268 290/305/290 289/304/289 267/281/267
f 269/283/269 291/306/291 290/305/290 268/282/268
f 270/284/270 292/307/292 291/306/291 269/283/269
f 271/285/271 293/308/293 292/307/292 270/284/270
f 272/286/272 294/309/294 293/308/293 271/285/271
f 273/287/273 295/310/295 294/309/294 272/286/272
f 274/288/274 296/311/296 295/310/295 273/287/273
f 275/289/275 297/312/297 296/311/296 274/288/274
f 276/290/276 298/313/298 297/312/297 275/289/275
f 277/291/277 299/314/299 298/313/298 276/290/276
f 278/292/278 300/315/300 299/314/299 277/291/277
f 279/293/279 301/316/301 300/315/300 278/292/278
f 280/294/280 302/317/302 301/316/301 279/293/279
f 281/295/281 303/318/303 302/317/302 280/294/280
f 282/296/282 304/319/304 303/318/303 281/295/281
f 283/297/283 305/320/305 304/319/304 282/296/282
f 284/298/284 306/321/306 305/320/305 283/297/283
f 285/299/285 307/322/307 306/321/306 284/298/284
f 286/278/286 308/301/308 307/322/307 285/299/285
f 287/300/287 309/323/309 330/324/330 308/301/308
f 288/302/288 310/325/310 309/326/309 287/303/287
f 289/304/289 311/327/311 310/325/310 288/302/288
f 290/305/290 312/328/312 311/327/311 289/304/289
f 291/306/291 313/329/313 312/328/312 290/305/290
f 292/307/292 314/330/314 313/329/313 291/306/291
f 293/308/293 315/331/315 314/330/314 292/307/292
f 294/309/294 316/332/316 315/331/315 293/308/293
f 295/310/295 317/333/317 316/332/316 294/309/294
f 296/311/296 318/334/318 317/333/317 295/310/295
f 297/312/297 319/335/319 318/334/318 296/311/296
f 298/313/298 320/336/320 319/335/319 297/312/297
f 299/314/299 321/337/321 320/336/320 298/313/298
f 300/315/300 322/338/322 321/337/321 299/314/299
f 301/316/301 323/339/323 322/338/322 300/315/300
f 302/317/302 324/340/324 323/339/323 301/316/301
f 303/318/303 325/341/325 324/340/324 302/317/302
f 304/319/304 326/342/326 325/341/325 303/318/303
f 305/320/305 327/343/327 326/342/326 304/319/304
f 306/321/306 328/344/328 327/343/327 305/320/305
f 307/322/307 329/345/329 328/344/328 306/321/306
f 308/301/308 330/324/330 329/345/329 307/322/307
f 309/323/309 331/346/331 352/347/352 330/324/330
f 310/325/310 332/348/332 331/349/331 309/326/309
f 311/327/311 333/350/333 332/348/332 310/325/310
f 312/328/312 334/351/334 333/350/333 311/327/311
f 313/329/313 335/352/335 334/351/334 312/328/312
f 314/330/314 336/353/336 335/352/335 313/329/313
f 315/331/315 337/354/337 336/353/336 314/330/314
f 316/332/316 338/355/338 337/354/337 315/331/315
f 317/333/317 339/356/339 338/355/338 316/332/316
f 318/334/318 340/357/340 339/356/339 317/333/317
f 319/335/319 341/358/341 340/357/340 318/334/318
f 320/336/320 342/359/342 341/358/341 319/335/319
f 321/337/321 343/360/343 342/359/342 320/336/320
f 322/338/322 344/361/344 343/360/343 321/337/321
f 323/339/323 345/362/345 344/361/344 322/338/322
f 324/340/324 346/363/346 345/362/345 323/339/323
f 325/341/325 347/364/347 346/363/346 324/340/324
f 326/342/326 348/365/348 347/364/347 325/341/325
f 327/343/327 349/366/349 348/365/348 326/342/326
f 328/344/328 350/367/350 349/366/349 327/343/327
f 329/345/329 351/368/351 350/367/350 328/344/328
f 330/324/330 352/347/352 351/368/351 329/345/329
f 331/346/331 353/369/353 374/370/374 352/347/352
f 332/348/332 354/371/354 353/372/353 331/349/331
f 333/350/333 355/373/355 354/371/354 332/348/332
f 334/351/334 356/374/356 355/373/355 333/350/333
f 335/352/335 357/375/357 356/374/356 334/351/334
f 336/353/336 358/376/358 357/375/357 335/352/335
f 337/354/337 359/377/359 358/376/358 336/353/336
f 338/355/338 360/378/360 359/377/359 337/354/337
f 339/356/339 361/379/361 360/378/360 338/355/338
f 340/357/340 362/380/362 361/379/361 339/356/339
f 341/358/341 363/381/363 362/380/362 340/357/340
f 342/359/342 364/382/364 363/381/363 341/358/341
f 343/360/343 365/383/365 364/382/364 342/359/342
f 344/361/344 366/384/366 365/383/365 343/360/343
f 345/362/345 367/385/367 366/384/366 344/361/344
f 346/363/346 368/386/368 367/385/367 345/362/345
f 347/364/347 369/387/369 368/386/368 346/363/346
f 348/365/348 370/388/370 369/387/369 347/364/347
f 349/366/349 371/389/371 370/388/370 348/365/348
f 350/367/350 372/390/372 371/389/371 349/366/349
f 351/368/351 373/391/373 372/390/372 350/367/350
f 352/347/352 374/370/374 373/391/373 351/368/351
f 353/369/353 375/392/375 396/393/396 374/370/374
f 354/371/354 376/394/376 375/395/375 353/372/353
f 355/373/355 377/396/377 376/394/376 354/371/354
f 356/374/356 378/397/378 377/396/377 355/373/355
f 357/375/357 379/398/379 378/397/378 356/374/356
f 358/376/358 380/399/380 379/398/379 357/375/357
f 359/377/359 381/400/381 380/399/380 358/376/358
f 360/378/360 382/401/382 381/400/381 359/377/359
f 361/379/361 383/402/383 382/401/382 360/378/360
f 362/380/362 384/403/384 383/402/383 361/379/361
f 363/381/363 385/404/385 384/403/384 362/380/362
f 364/382/364 386/405/386 385/404/385 363/381/363
f 365/383/365 387/406/387 386/405/386 364/382/364
f 366/384/366 388/407/388 387/406/387 365/383/365
f 367/385/367 389/408/389 388/407/388 366/384/366
f 368/386/368 390/409/390 389/408/389 367/385/367
f 369/387/369 391/410/391 390/409/390 368/386/368
f 370/388/370 392/411/392 391/410/391 369/387/369
f 371/389/371 393/412/393 392/411/392 370/388/370
f 372/390/372 394/413/394 393/412/393 371/389/371
f 373/391/373 395/414/395 394/413/394 372/390/372
f 374/370/374 396/393/396 395/414/395 373/391/373
f 375/392/375 397/415/397 418/416/418 396/393/396
f 376/394/376 398/417/398 397/418/397 375/395/375
f 377/396/377 399/419/399 398/417/398 376/394/376
f 378/397/378 400/420/400 399/419/399 377/396/377
f 379/398/379 401/421/401 400/420/400 378/397/378
f 380/399/380 402/422/402 401/421/401 379/398/379
f 381/400/381 403/423/403 402/422/402 380/399/380
f 382/401/382 404/424/404 403/423/403 381/400/381
f 383/402/383 405/425/405 404/424/404 382/401/382
f 384/403/384 406/426/406 405/425/405 383/402/383
f 385/404/385 407/427/407 406/426/406 384/403/384
f 386/405/386 408/428/408 407/427/407 385/404/385
f 387/406/387 409/429/409 408/428/408 386/405/386
f 388/407/388 410/430/410 409/429/409 387/406/387
f 389/408/389 411/431/411 410/430/410 388/407/388
f 390/409/390 412/432/412 411/431/411 389/408/389
f 391/410/391 413/433/413 412/432/412 390/409/390
f 392/411/392 414/434/414 413/433/413 391/410/391
f 393/412/393 415/435/415 414/434/414 392/411/392
f 394/413/394 416/436/416 415/435/415 393/412/393
f 395/414/395 417/437/417 416/436/416 394/413/394
f 396/393/396 418/416/418 417/437/417 395/414/395
f 397/415/397 419/438/419 440/439/440 418/416/418
f 398/417/398 420/440/420 419/441/419 397/418/397
f 399/419/399 421/442/421 420/440/420 398/417/398
f 400/420/400 422/443/422 421/442/421 399/419/399
f 401/421/401 423/444/423 422/443/422 400/420/400
f 402/422/402 424/445/424 423/444/423 401/421/401
f 403/423/403 425/446/425 424/445/424 402/422/402
f 404/424/404 426/447/426 425/446/425 403/423/403
f 405/425/405 427/448/427 426/447/426 404/424/404
f 406/426/406 428/449/428 427/448/427 405/425/405
f 407/427/407 429/450/429 428/449/428 406/426/406
f 408/428/408 430/451/430 429/450/429 407/427/407
f 409/429/409 431/452/431 430/451/430 408/428/408
f 410/430/410 432/453/432 431/452/431 409/429/409
f 411/431/411 433/454/433 432/453/432 410/430/410
f 412/432/412 434/455/434 433/454/433 411/431/411
f 413/433/413 435/456/435 434/455/434 412/432/412
f 414/434/414 436/457/436 435/456/435 413/433/413
f 415/435/415 437/458/437 436/457/436 414/434/414
f 416/436/416 438/459/438 437/458/437 415/435/415
f 417/437/417 439/460/439 438/459/438 416/436/416
f 418/416/418 440/439/440 439/460/439 417/437/417
f 419/438/419 441/461/441 462/462/462 440/439/440
f 420/440/420 442/463/442 441/464/441 419/441/419
f 421/442/421 443/465/443 442/463/442 420/440/420
f 422/443/422 444/466/444 443/465/443 421/442/421
f 423/444/423 445/467/445 444/466/444 422/443/422
f 424/445/424 446/468/446 445/467/445 423/444/423
f 425/446/425 447/469/447 446/468/446 424/445/424
f 426/447/426 448/470/448 447/469/447 425/446/425
f 427/448/427 449/471/449 448/470/448 426/447/426
f 428/449/428 450/472/450 449/471/449 427/448/427
f 429/450/429 451/473/451 450/472/450 428/449/428
f 430/451/430 452/474/452 451/473/451 429/450/429
f 431/452/431 453/475/453 452/474/452 430/451/430
f 432/453/432 454/476/454 453/475/453 431/452/431
f 433/454/433 455/477/455 454/476/454 432/453/432
f 434/455/434 456/478/456 455/477/455 433/454/433
f 435/456/435 457/479/457 456/478/456 434/455/434
f 436/457/436 458/480/458 457/479/457 435/456/435
f 437/458/437 459/481/459 458/480/458 436/457/436
f 438/459/438 460/482/460 459/481/459 437/458/437
f 439/460/439 461/483/461 460/482/460 438/459/438
f 440/439/440 462/462/462 461/483/461 439/460/439
f 441/461/441 463/484/463 484/485/484 462/462/462
f 442/463/442 464/486/464 463/487/463 441/464/441
f 443/465/443 465/488/465 464/486/464 442/463/442
f 444/466/444 466/489/466 465/488/465 443/465/443
f 445/467/445 467/490/467 466/489/466 444/466/444
f 446/468/446 468/491/468 467/490/467 445/467/445
f 447/469/447 469/492/469 468/491/468 446/468/446
f 448/470/448 470/493/470 469/492/469 447/469/447
f 449/471/449 471/494/471 470/493/470 448/470/448
f 450/472/450 472/495/472 471/494/471 449/471/449
f 451/473/451 473/496/473 472/495/472 450/472/450
f 452/474/452 474/497/474 473/496/473 451/473/451
f 453/475/453 475/498/475 474/497/474 452/474/452
f 454/476/454 476/499/476 475/498/475 453/475/453
f 455/477/455 477/500/477 476/499/476 454/476/454
f 456/478/456 478/501/478 477/500/477 455/477/455
f 457/479/457 479/502/479 478/501/478 456/478/456
f 458/480/458 480/503/480 479/502/479 457/479/457
f 459/481/459 481/504/481 480/503/480 458/480/458
f 460/482/460 482/505/482 481/504/481 459/481/459
f 461/483/461 483/506/483 482/505/482 460/482/460
f 462/462/462 484/485/484 483/506/483 461/483/461
f 463/484/463 485/507/485 506/508/506 484/485/484
f 464/486/464 486/509/486 485/510/485 463/487/463
f 465/488/465 487/511/487 486/509/486 464/486/464
f 466/489/466 488/512/488 487/511/487 465/488/465
f 467/490/467 489/513/489 488/512/488 466/489/466
f 468/491/468 490/514/490 489/513/489 467/490/467
f 469/492/469 491/515/491 490/514/490 468/491/468
f 470/493/470 492/516/492 491/515/491 469/492/469
f 471/494/471 493/517/493 492/516/492 470/493/470
f 472/495/472 494/518/494 493/517/493 471/494/471
f 473/496/473 495/519/495 494/518/494 472/495/472
f 474/497/474 496/520/496 495/519/495 473/496/473
f 475/498/475 497/521/497 496/520/496 474/497/474
f 476/499/476 498/522/498 497/521/497 475/498/475
f 477/500/477 499/523/499 498/522/498 476/499/476
f 478/501/478 500/524/500 499/523/499 477/500/477
f 479/502/479 501/525/501 500/524/500 478/501/478
f 480/503/480 502/526/502 501/525/501 479/502/479
f 481/504/481 503/527/503 502/526/502 480/503/480
f 482/505/482 504/528/504 503/527/503 481/504/481
f 483/506/483 505/529/505 504/528/504 482/505/482
f 484/485/484 506/508/506 505/529/505 483/506/483
f 485/507/485 507/530/507 528/531/528 506/508/506
f 486/509/486 508/532/508 507/533/507 485/510/485
f 487/511/487 509/534/509 508/532/508 486/509/486
f 488/512/488 510/535/510 509/534/509 487/511/487
f 489/513/489 511/536/511 510/535/510 488/512/488
f 490/514/490 512/537/512 511/536/511 489/513/489
f 491/515/491 513/538/513 512/537/512 490/514/490
f 492/516/492 514/539/514 513/538/513 491/515/491
f 493/517/493 515/540/515 514/539/514 492/516/492
f 494/518/494 516/541/516 515/540/515 493/517/493
f 495/519/495 517/542/517 516/541/516 494/518/494
f 496/520/496 518/543/518 517/542/517 495/519/495
f 497/521/497 519/544/519 518/543/518 496/520/496
f 498/522/498 520/545/520 519/544/519 497/521/497
f 499/523/499 521/546/521 520/545/520 498/522/498
f 500/524/500 522/547/522 521/546/521 499/523/499
f 501/525/501 523/548/523 522/547/522 500/524/500
f 502/526/502 524/549/524 523/548/523 501/525/501
f 503/527/503 525/550/525 524/549/524 502/526/502
f 504/528/504 526/551/526 525/550/525 503/527/503
f 505/529/505 527/552/527 526/551/526 504/528/504
f 506/508/506 528/531/528 527/552/527 505/529/505
f 507/530/507 529/553/529 550/554/550 528/531/528
f 508/532/508 530/555/530 529/556/529 507/533/507
f 509/534/509 531/557/531 530/555/530 508/532/508
f 510/535/510 532/558/532 531/557/531 509/534/509
f 511/536/511 533/559/533 532/558/532 510/535/510
f 512/537/512 534/560/534 533/559/533 511/536/511
f 513/538/513 535/561/535 534/560/534 512/537/512
f 514/539/514 536/562/536 535/561/535 513/538/513
f 515/540/515 537/563/537 536/562/536 514/539/514
f 516/541/516 538/564/538 537/563/537 515/540/515
f 517/542/517 539/565/539 538/564/538 516/541/516
f 518/543/518 540/566/540 539/565/539 517/542/517
f 519/544/519 541/567/541 540/566/540 518/543/518
f 520/545/520 542/568/542 541/567/541 519/544/519
f 521/546/521 543/569/543 542/568/542 520/545/520
f 522/547/522 544/570/544 543/569/543 521/546/521
f 523/548/523 545/571/545 544/570/544 522/547/522
f 524/549/524 546/572/546 545/571/545 523/548/523
f 525/550/525 547/573/547 546/572/546 524/549/524
f 526/551/526 548/574/548 547/573/547 525/550/525
f 527/552/527 549/575/549 548/574/548 526/551/526
f 528/531/528 550/554/550 549/575/549 527/552/527
f 529/553/529 551/576/551 572/577/572 550/554/550
f 530/555/530 552/578/552 551/579/551 529/556/529
f 531/557/531 553/580/553 552/578/552 530/555/530
f 532/558/532 554/581/554 553/580/553 531/557/531
f 533/559/533 555/582/555 554/581/554 532/558/532
f 534/560/534 556/583/556 555/582/555 533/559/533
f 535/561/535 557/584/557 556/583/556 534/560/534
f 536/562/536 558/585/558 557/584/557 535/561/535
f 537/563/537 559/586/559 558/585/558 536/562/536
f 538/564/538 560/587/560 559/586/559 537/563/537
f 539/565/539 561/588/561 560/587/560 538/564/538
f 540/566/540 562/589/562 561/588/561 539/565/539
f 541/567/541 563/590/563 562/589/562 540/566/540
f 542/568/542 564/591/564 563/590/563 541/567/541
f 543/569/543 565/592/565 564/591/564 542/568/542
f 544/570/544 566/593/566 565/592/565 543/569/543
f 545/571/545 567/594/567 566/593/566 544/570/544
f 546/572/546 568/595/568 567/594/567 545/571/545
f 547/573/547 569/596/569 568/595/568 546/572/546
f 548/574/548 570/597/570 569/596/569 547/573/547
f 549/575/549 571/598/571 570/597/570 548/574/548
f 550/554/550 572/577/572 571/598/571 549/575/549
f 551/576/551 573/599/573 594/600/594 572/577/572
f 552/578/552 574/601/574 573/602/573 551/579/551
f 553/580/553 575/603/575 574/601/574 552/578/552
f 554/581/554 576/604/576 575/603/575 553/580/553
f 555/582/555 577/605/577 576/604/576 554/581/554
f 556/583/556 578/606/578 577/605/577 555/582/555
f 557/584/557 579/607/579 578/606/578 556/583/556
f 558/585/558 580/608/580 579/607/579 557/584/557
f 559/586/559 581/609/581 580/608/580 558/585/558
f 560/587/560 582/610/582 581/609/581 559/586/559
f 561/588/561 583/611/583 582/610/582 560/587/560
f 562/589/562 584/612/584 583/611/583 561/588/561
f 563/590/563 585/613/585 584/612/584 562/589/562
f 564/591/564 586/614/586 585/613/585 563/590/563
f 565/592/565 587/615/587 586/614/586 564/591/564
f 566/593/566 588/616/588 587/615/587 565/592/565
f 567/594/567 589/617/589 588/616/588 566/593/566
f 568/595/568 590/618/590 589/617/589 567/594/567
f 569/596/569 591/619/591 590/618/590 568/595/568
f 570/597/570 592/620/592 591/619/591 569/596/569
f 571/598/571 593/621/593 592/620/592 570/597/570
f 572/577/572 594/600/594 593/621/593 571/598/571
f 573/599/573 595/622/595 616/623/616 594/600/594
f 574/601/574 596/624/596 595/625/595 573/602/573
f 575/603/575 597/626/597 596/624/596 574/601/574
f 576/604/576 598/627/598 597/626/597 575/603/575
f 577/605/577 599/628/599 598/627/598 576/604/576
f 578/606/578 600/629/600 599/628/599 577/605/577
f 579/607/579 601/630/601 600/629/600 578/606/578
f 580/608/580 602/631/602 601/630/601 579/607/579
f 581/609/581 603/632/603 602/631/602 580/608/580
f 582/610/582 604/633/604 603/632/603 581/609/581
f 583/611/583 605/634/605 604/633/604 582/610/582
f 584/612/584 606/635/606 605/634/605 583/611/583
f 585/613/585 607/636/607 606/635/606 584/612/584
f 586/614/586 608/637/608 607/636/607 585/613/585
f 587/615/587 609/638/609 608/637/608 586/614/586
f 588/616/588 610/639/610 609/638/609 587/615/587
f 589/617/589 611/640/611 610/639/610 588/616/588
f 590/618/590 612/641/612 611/640/611 589/617/589
f 591/619/591 613/642/613 612/641/612 590/618/590
f 592/620/592 614/643/614 613/642/613 591/619/591
f 593/621/593 615/644/615 614/643/614 592/620/592
f 594/600/594 616/623/616 615/644/615 593/621/593
f 595/622/595 617/645/617 638/646/638 616/623/616
f 596/624/596 618/647/618 617/648/617 595/625/595
f 597/626/597 619/649/619 618/647/618 596/624/596
f 598/627/598 620/650/620 619/649/619 597/626/597
f 599/628/599 621/651/621 620/650/620 598/627/598
f 600/629/600 622/652/622 621/651/621 599/628/599
f 601/630/601 623/653/623 622/652/622 600/629/600
f 602/631/602 624/654/624 623/653/623 601/630/601
f 603/632/603 625/655/625 624/654/624 602/631/602
f 604/633/604 626/656/626 625/655/625 603/632/603
f 605/634/605 627/657/627 626/656/626 604/633/604
f 606/635/606 628/658/628 627/657/627 605/634/605
f 607/636/607 629/659/629 628/658/628 606/635/606
f 608/637/608 630/660/630 629/659/629 607/636/607
f 609/638/609 631/661/631 630/660/630 608/637/608
f 610/639/610 632/662/632 631/661/631 609/638/609
f 611/640/611 633/663/633 632/662/632 610/639/610
f 612/641/612 634/664/634 633/663/633 611/640/611
f 613/642/613 635/665/635 634/664/634 612/641/612
f 614/643/614 636/666/636 635/665/635 613/642/613
f 615/644/615 637/667/637 636/666/636 614/643/614
f 616/623/616 638/646/638 637/667/637 615/644/615
f 617/645/617 639/668/639 660/669/660 638/646/638
f 618/647/618 640/670/640 639/671/639 617/648/617
f 619/649/619 641/672/641 640/670/640 618/647/618
f 620/650/620 642/673/642 641/672/641 619/649/619
f 621/651/621 643/674/643 642/673/642 620/650/620
f 622/652/622 644/675/644 643/674/643 621/651/621
f 623/653/623 645/676/645 644/675/644 622/652/622
f 624/654/624 646/677/646 645/676/645 623/653/623
f 625/655/625 647/678/647 646/677/646 624/654/624
f 626/656/626 648/679/648 647/678/647 625/655/625
f 627/657/627 649/680/649 648/679/648 626/656/626
f 628/658/628 650/681/650 649/680/649 627/657/627
f 629/659/629 651/682/651 650/681/650 628/658/628
f 630/660/630 652/683/652 651/682/651 629/659/629
f 631/661/631 653/684/653 652/683/652 630/660/630
f 632/662/632 654/685/654 653/684/653 631/661/631
f 633/663/633 655/686/655 654/685/654 632/662/632
f 634/664/634 656/687/656 655/686/655 633/663/633
f 635/665/635 657/688/657 656/687/656 634/664/634
f 636/666/636 658/689/658 657/688/657 635/665/635
f 637/667/637 659/690/659 658/689/658 636/666/636
f 638/646/638 660/669/660 659/690/659 637/667/637
f 639/668/639 661/691/661 682/692/682 660/669/660
f 640/670/640 662/693/662 661/694/661 639/671/639
f 641/672/641 663/695/663 662/693/662 640/670/640
f 642/673/642 664/696/664 663/695/663 641/672/641
f 643/674/643 665/697/665 664/696/664 642/673/642
f 644/675/644 666/698/666 665/697/665 643/674/643
f 645/676/645 667/699/667 666/698/666 644/675/644
f 646/677/646 668/700/668 667/699/667 645/676/645
f 647/678/647 669/701/669 668/700/668 646/677/646
f 648/679/648 670/702/670 669/701/669 647/678/647
f 649/680/649 671/703/671 670/702/670 648/679/648
f 650/681/650 672/704/672 671/703/671 649/680/649
f 651/682/651 673/705/673 672/704/672 650/681/650
f 652/683/652 674/706/674 673/705/673 651/682/651
f 653/684/653 675/707/675 674/706/674 652/683/652
f 654/685/654 676/708/676 675/707/675 653/684/653
f 655/686/655 677/709/677 676/708/676 654/685/654
f 656/687/656 678/710/678 677/709/677 655/686/655
f 657/688/657 679/711/679 678/710/678 656/687/656
f 658/689/658 680/712/680 679/711/679 657/688/657
f 659/690/659 681/713/681 680/712/680 658/689/658
f 660/669/660 682/692/682 681/713/681 659/690/659
f 661/691/661 683/714/683 704/715/704 682/692/682
f 662/693/662 684/716/684 683/717/683 661/694/661
f 663/695/663 685/718/685 684/716/684 662/693/662
f 664/696/664 686/719/686 685/718/685 663/695/663
f 665/697/665 687/720/687 686/719/686 664/696/664
f 666/698/666 688/721/688 687/720/687 665/697/665
f 667/699/667 689/722/689 688/721/688 666/698/666
f 668/700/668 690/723/690 689/722/689 667/699/667
f 669/701/669 691/724/691 690/723/690 668/700/668
f 670/702/670 692/725/692 691/724/691 669/701/669
f 671/703/671 693/726/693 692/725/692 670/702/670
f 672/704/672 694/727/694 693/726/693 671/703/671
f 673/705/673 695/728/695 694/727/694 672/704/672
f 674/706/674 696/729/696 695/728/695 673/705/673
f 675/707/675 697/730/697 696/729/696 674/706/674
f 676/708/676 698/731/698 697/730/697 675/707/675
f 677/709/677 699/732/699 698/731/698 676/708/676
f 678/710/678 700/733/700 699/732/699 677/709/677
f 679/711/679 701/734/701 700/733/700 678/710/678
f 680/712/680 702/735/702 701/734/701 679/711/679
f 681/713/681 703/736/703 702/735/702 680/712/680
f 682/692/682 704/715/704 703/736/703 681/713/681
f 683/714/683 705/737/705 726/738/726 704/715/704
f 684/716/684 706/739/706 705/740/705 683/717/683
f 685/718/685 707/741/707 706/739/706 684/716/684
f 686/719/686 708/742/708 707/741/707 685/718/685
f 687/720/687 709/743/709 708/742/708 686/719/686
f 688/721/688 710/744/710 709/743/709 687/720/687
f 689/722/689 711/745/711 710/744/710 688/721/688
f 690/723/690 712/746/712 711/745/711 689/722/689
f 691/724/691 713/747/713 712/746/712 690/723/690
f 692/725/692 714/748/714 713/747/713 691/724/691
f 693/726/693 715/749/715 714/748/714 692/725/692
f 694/727/694 716/750/716 715/749/715 693/726/693
f 695/728/695 717/751/717 716/750/716 694/727/694
f 696/729/696 718/752/718 717/751/717 695/728/695
f 697/730/697 719/753/719 718/752/718 696/729/696
f 698/731/698 720/754/720 719/753/719 697/730/697
f 699/732/699 721/755/721 720/754/720 698/731/698
f 700/733/700 722/756/722 721/755/721 699/732/699
f 701/734/701 723/757/723 722/756/722 700/733/700
f 702/735/702 724/758/724 723/757/723 701/734/701
f 703/736/703 725/759/725 724/758/724 702/735/702
f 704/715/704 726/738/726 725/759/725 703/736/703
f 705/737/705 727/760/727 748/761/748 726/738/726
f 706/739/706 728/762/728 727/763/727 705/740/705
f 707/741/707 729/764/729 728/762/728 706/739/706
f 708/742/708 730/765/730 729/764/729 707/741/707
f 709/743/709 731/766/731 730/765/730 708/742/708
f 710/744/710 732/767/732 731/766/731 709/743/709
f 711/745/711 733/768/733 732/767/732 710/744/710
f 712/746/712 734/769/734 733/768/733 711/745/711
f 713/747/713 735/770/735 734/769/734 712/746/712
f 714/748/714 736/771/736 735/770/735 713/747/713
f 715/749/715 737/772/737 736/771/736 714/748/714
f 716/750/716 738/773/738 737/772/737 715/749/715
f 717/751/717 739/774/739 738/773/738 716/750/716
f 718/752/718 740/775/740 739/774/739 717/751/717
f 719/753/719 741/776/741 740/775/740 718/752/718
f 720/754/720 742/777/742 741/776/741 719/753/719
f 721/755/721 743/778/743 742/777/742 720/754/720
f 722/756/722 744/779/744 743/778/743 721/755/721
f 723/757/723 745/780/745 744/779/744 722/756/722
f 724/758/724 746/781/746 745/780/745 723/757/723
f 725/759/725 747/782/747 746/781/746 724/758/724
f 726/738/726 748/761/748 747/782/747 725/759/725
f 727/760/727 749/783/749 770/784/770 748/761/748
f 728/762/728 750/785/750 749/786/749 727/763/727
f 729/764/729 751/787/751 750/785/750 728/762/728
f 730/765/730 752/788/752 751/787/751 729/764/729
f 731/766/731 753/789/753 752/788/752 730/765/730
f 732/767/732 754/790/754 753/789/753 731/766/731
f 733/768/733 755/791/755 754/790/754 732/767/732
f 734/769/734 756/792/756 755/791/755 733/768/733
f 735/770/735 757/793/757 756/792/756 734/769/734
f 736/771/736 758/794/758 757/793/757 735/770/735
f 737/772/737 759/795/759 758/794/758 736/771/736
f 738/773/738 760/796/760 759/795/759 737/772/737
f 739/774/739 761/797/761 760/796/760 738/773/738
f 740/775/740 762/798/762 761/797/761 739/774/739
f 741/776/741 763/799/763 762/798/762 740/775/740
f 742/777/742 764/800/764 763/799/763 741/776/741
f 743/778/743 765/801/765 764/800/764 742/777/742
f 744/779/744 766/802/766 765/801/765 743/778/743
f 745/780/745 767/803/767 766/802/766 744/779/744
f 746/781/746 768/804/768 767/803/767 745/780/745
f 747/782/747 769/805/769 768/804/768 746/781/746
f 748/761/748 770/784/770 769/805/769 747/782/747
f 749/783/749 771/806/771 792/807/792 770/784/770
f 750/785/750 772/808/772 771/809/771 749/786/749
f 751/787/751 773/810/773 772/808/772 750/785/750
f 752/788/752 774/811/774 773/810/773 751/787/751
f 753/789/753 775/812/775 774/811/774 752/788/752
f 754/790/754 776/813/776 775/812/775 753/789/753
f 755/791/755 777/814/777 776/813/776 754/790/754
f 756/792/756 778/815/778 777/814/777 755/791/755
f 757/793/757 779/816/779 778/815/778 756/792/756
f 758/794/758 780/817/780 779/816/779 757/793/757
f 759/795/759 781/818/781 780/817/780 758/794/758
f 760/796/760 782/819/782 781/818/781 759/795/759
f 761/797/761 783/820/783 782/819/782 760/796/760
f 762/798/762 784/821/784 783/820/783 761/797/761
f 763/799/763 785/822/785 784/821/784 762/798/762
f 764/800/764 786/823/786 785/822/785 763/799/763
f 765/801/765 787/824/787 786/823/786 764/800/764
f 766/802/766 788/825/788 787/824/787 765/801/765
f 767/803/767 789/826/789 788/825/788 766/802/766
f 768/804/768 790/827/790 789/826/789 767/803/767
f 769/805/769 791/828/791 790/827/790 768/804/768
f 770/784/770 792/807/792 791/828/791 769/805/769
f 771/806/771 793/829/793 814/830/814 792/807/792
f 772/808/772 794/831/794 793/832/793 771/809/771
f 773/810/773 795/833/795 794/831/794 772/808/772
f 774/811/774 796/834/796 795/833/795 773/810/773
f 775/812/775 797/835/797 796/834/796 774/811/774
f 776/813/776 798/836/798 797/835/797 775/812/775
f 777/814/777 799/837/799 798/836/798 776/813/776
f 778/815/778 800/838/800 799/837/799 777/814/777
f 779/816/779 801/839/801 800/838/800 778/815/778
f 780/817/780 802/840/802 801/839/801 779/816/779
f 781/818/781 803/841/803 802/840/802 780/817/780
f 782/819/782 804/842/804 803/841/803 781/818/781
f 783/820/783 805/843/805 804/842/804 782/819/782
f 784/821/784 806/844/806 805/843/805 783/820/783
f 785/822/785 807/845/807 806/844/806 784/821/784
f 786/823/786 808/846/808 807/845/807 785/822/785
f 787/824/787 809/847/809 808/846/808 786/823/786
f 788/825/788 810/848/810 809/847/809 787/824/787
f 789/826/789 811/849/811 810/848/810 788/825/788
f 790/827/790 812/850/812 811/849/811 789/826/789
f 791/828/791 813/851/813 812/850/812 790/827/790
f 792/807/792 814/830/814 813/851/813 791/828/791
f 793/829/793 815/852/815 836/853/836 814/830/814
f 794/831/794 816/854/816 815/855/815 793/832/793
f 795/833/795 817/856/817 816/854/816 794/831/794
f 796/834/796 818/857/818 817/856/817 795/833/795
f 797/835/797 819/858/819 818/857/818 796/834/796
f 798/836/798 820/859/820 819/858/819 797/835/797
f 799/837/799 821/860/821 820/859/820 798/836/798
f 800/838/800 822/861/822 821/860/821 799/837/799
f 801/839/801 823/862/823 822/861/822 800/838/800
f 802/840/802 824/863/824 823/862/823 801/839/801
f 803/841/803 825/864/825 824/863/824 802/840/802
f 804/842/804 826/865/826 825/864/825 803/841/803
f 805/843/805 827/866/827 826/865/826 804/842/804
f 806/844/806 828/867/828 827/866/827 805/843/805
f 807/845/807 829/868/829 828/867/828 806/844/806
f 808/846/808 830/869/830 829/868/829 807/845/807
f 809/847/809 831/870/831 830/869/830 808/846/808
f 810/848/810 832/871/832 831/870/831 809/847/809
f 811/849/811 833/872/833 832/871/832 810/848/810
f 812/850/812 834/873/834 833/872/833 811/849/811
f 813/851/813 835/874/835 834/873/834 812/850/812
f 814/830/814 836/853/836 835/874/835 813/851/813
f 815/852/815 837/875/837 858/876/858 836/853/836
f 816/854/816 838/877/838 837/878/837 815/855/815
f 817/856/817 839/879/839 838/877/838 816/854/816
f 818/857/818 840/880/840 839/879/839 817/856/817
f 819/858/819 841/881/841 840/880/840 818/857/818
f 820/859/820 842/882/842 841/881/841 819/858/819
f 821/860/821 843/883/843 842/882/842 820/859/820
f 822/861/822 844/884/844 843/883/843 821/860/821
f 823/862/823 845/885/845 844/884/844 822/861/822
f 824/863/824 846/886/846 845/885/845 823/862/823
f 825/864/825 847/887/847 846/886/846 824/863/824
f 826/865/826 848/888/848 847/887/847 825/864/825
f 827/866/827 849/889/849 848/888/848 826/865/826
f 828/867/828 850/890/850 849/889/849 827/866/827
f 829/868/829 851/891/851 850/890/850 828/867/828
f 830/869/830 852/892/852 851/891/851 829/868/829
f 831/870/831 853/893/853 852/892/852 830/869/830
f 832/871/832 854/894/854 853/893/853 831/870/831
f 833/872/833 855/895/855 854/894/854 832/871/832
f 834/873/834 856/896/856 855/895/855 833/872/833
f 835/874/835 857/897/857 856/896/856 834/873/834
f 836/853/836 858/876/858 857/897/857 835/874/835
f 837/875/837 859/898/859 880/899/880 858/876/858
f 838/877/838 860/900/860 859/901/859 837/878/837
f 839/879/839 861/902/861 860/900/860 838/877/838
f 840/880/840 862/903/862 861/902/861 839/879/839
f 841/881/841 863/904/863 862/903/862 840/880/840
f 842/882/842 864/905/864 863/904/863 841/881/841
f 843/883/843 865/906/865 864/905/864 842/882/842
f 844/884/844 866/907/866 865/906/865 843/883/843
f 845/885/845 867/908/867 866/907/866 844/884/844
f 846/886/846 868/909/868 867/908/867 845/885/845
f 847/887/847 869/910/869 868/909/868 846/886/846
f 848/888/848 870/911/870 869/910/869 847/887/847
f 849/889/849 871/912/871 870/911/870 848/888/848
f 850/890/850 872/913/872 871/912/871 849/889/849
f 851/891/851 873/914/873 872/913/872 850/890/850
f 852/892/852 874/915/874 873/914/873 851/891/851
f 853/893/853 875/916/875 874/915/874 852/892/852
f 854/894/854 876/917/876 875/916/875 853/893/853
f 855/895/855 877/918/877 876/917/876 854/894/854
f 856/896/856 878/919/878 877/918/877 855/895/855
f 857/897/857 879/920/879 878/919/878 856/896/856
f 858/876/858 880/899/880 879/920/879 857/897/857
f 859/898/859 881/921/881 902/922/902 880/899/880
f 860/900/860 882/923/882 881/924/881 859/901/859
f 861/902/861 883/925/883 882/923/882 860/900/860
f 862/903/862 884/926/884 883/925/883 861/902/861
f 863/904/863 885/927/885 884/926/884 862/903/862
f 864/905/864 886/928/886 885/927/885 863/904/863
f 865/906/865 887/929/887 886/928/886 864/905/864
f 866/907/866 888/930/888 887/929/887 865/906/865
f 867/908/867 889/931/889 888/930/888 866/907/866
f 868/909/868 890/932/890 889/931/889 867/908/867
f 869/910/869 891/933/891 890/932/890 868/909/868
f 870/911/870 892/934/892 891/933/891 869/910/869
f 871/912/871 893/935/893 892/934/892 870/911/870
f 872/913/872 894/936/894 893/935/893 871/912/871
f 873/914/873 895/937/895 894/936/894 872/913/872
f 874/915/874 896/938/896 895/937/895 873/914/873
f 875/916/875 897/939/897 896/938/896 874/915/874
f 876/917/876 898/940/898 897/939/897 875/916/875
f 877/918/877 899/941/899 898/940/898 876/917/876
f 878/919/878 900/942/900 899/941/899 877/918/877
f 879/920/879 901/943/901 900/942/900 878/919/878
f 880/899/880 902/922/902 901/943/901 879/920/879
f 881/921/881 903/944/903 924/945/924 902/922/902
f 882/923/882 904/946/904 903/947/903 881/924/881
f 883/925/883 905/948/905 904/946/904 882/923/882
f 884/926/884 906/949/906 905/948/905 883/925/883
f 885/927/885 907/950/907 906/949/906 884/926/884
f 886/928/886 908/951/908 907/950/907 885/927/885
f 887/929/887 909/952/909 908/951/908 886/928/886
f 888/930/888 910/953/910 909/952/909 887/929/887
f 889/931/889 911/954/911 910/953/910 888/930/888
f 890/932/890 912/955/912 911/954/911 889/931/889
f 891/933/891 913/956/913 912/955/912 890/932/890
f 892/934/892 914/957/914 913/956/913 891/933/891
f 893/935/893 915/958/915 914/957/914 892/934/892
f 894/936/894 916/959/916 915/958/915 893/935/893
f 895/937/895 917/960/917 916/959/916 894/936/894
f 896/938/896 918/961/918 917/960/917 895/937/895
f 897/939/897 919/962/919 918/961/918 896/938/896
f 898/940/898 920/963/920 919/962/919 897/939/897
f 899/941/899 921/964/921 920/963/920 898/940/898
f 900/942/900 922/965/922 921/964/921 899/941/899
f 901/943/901 923/966/923 922/965/922 900/942/900
f 902/922/902 924/945/924 923/966/923 901/943/901
f 903/944/903 925/967/925 946/968/946 924/945/924
f 904/946/904 926/969/926 925/970/925 903/947/903
f 905/948/905 927/971/927 926/969/926 904/946/904
f 906/949/906 928/972/928 927/971/927 905/948/905
f 907/950/907 929/973/929 928/972/928 906/949/906
f 908/951/908 930/974/930 929/973/929 907/950/907
f 909/952/909 931/975/931 930/974/930 908/951/908
f 910/953/910 932/976/932 931/975/931 909/952/909
f 911/954/911 933/977/933 932/976/932 910/953/910
f 912/955/912 934/978/934 933/977/933 911/954/911
f 913/956/913 935/979/935 934/978/934 912/955/912
f 914/957/914 936/980/936 935/979/935 913/956/913
f 915/958/915 937/981/937 936/980/936 914/957/914
f 916/959/916 938/982/938 937/981/937 915/958/915
f 917/960/917 939/983/939 938/982/938 916/959/916
f 918/961/918 940/984/940 939/983/939 917/960/917
f 919/962/919 941/985/941 940/984/940 918/961/918
f 920/963/920 942/986/942 941/985/941 919/962/919
f 921/964/921 943/987/943 942/986/942 920/963/920
f 922/965/922 944/988/944 943/987/943 921/964/921
f 923/966/923 945/989/945 944/988/944 922/965/922
f 924/945/924 946/968/946 945/989/945 923/966/923
f 925/967/925 947/990/947 968/991/968 946/968/946
f 926/969/926 948/992/948 947/993/947 925/970/925
f 927/971/927 949/994/949 948/992/948 926/969/926
f 928/972/928 950/995/950 949/994/949 927/971/927
f 929/973/929 951/996/951 950/995/950 928/972/928
f 930/974/930 952/997/952 951/996/951 929/973/929
f 931/975/931 953/998/953 952/997/952 930/974/930
f 932/976/932 954/999/954 953/998/953 931/975/931
f 933/977/933 955/1000/955 954/999/954 932/976/932
f 934/978/934 956/1001/956 955/1000/955 933/977/933
f 935/979/935 957/1002/957 956/1001/956 934/978/934
f 936/980/936 958/1003/958 957/1002/957 935/979/935
f 937/981/937 959/1004/959 958/1003/958 936/980/936
f 938/982/938 960/1005/960 959/1004/959 937/981/937
f 939/983/939 961/1006/961 960/1005/960 938/982/938
f 940/984/940 962/1007/962 961/1006/961 939/983/939
f 941/985/941 963/1008/963 962/1007/962 940/984/940
f 942/986/942 964/1009/964 963/1008/963 941/985/941
f 943/987/943 965/1010/965 964/1009/964 942/986/942
f 944/988/944 966/1011/966 965/1010/965 943/987/943
f 945/989/945 967/1012/967 966/1011/966 944/988/944
f 946/968/946 968/991/968 967/1012/967 945/989/945
f 947/990/947 969/1013/969 990/1014/990 968/991/968
f 948/992/948 970/1015/970 969/1016/969 947/993/947
f 949/994/949 971/1017/971 970/1015/970 948/992/948
f 950/995/950 972/1018/972 971/1017/971 949/994/949
f 951/996/951 973/1019/973 972/1018/972 950/995/950
f 952/997/952 974/1020/974 973/1019/973 951/996/951
f 953/998/953 975/1021/975 974/1020/974 952/997/952
f 954/999/954 976/1022/976 975/1021/975 953/998/953
f 955/1000/955 977/1023/977 976/1022/976 954/999/954
f 956/1001/956 978/1024/978 977/1023/977 955/1000/955
f 957/1002/957 979/1025/979 978/1024/978 956/1001/956
f 958/1003/958 980/1026/980 979/1025/979 957/1002/957
f 959/1004/959 981/1027/981 980/1026/980 958/1003/958
f 960/1005/960 982/1028/982 981/1027/981 959/1004/959
f 961/1006/961 983/1029/983 982/1028/982 960/1005/960
f 962/1007/962 984/1030/984 983/1029/983 961/1006/961
f 963/1008/963 985/1031/985 984/1030/984 962/1007/962
f 964/1009/964 986/1032/986 985/1031/985 963/1008/963
f 965/1010/965 987/1033/987 986/1032/986 964/1009/964
f 966/1011/966 988/1034/988 987/1033/987 965/1010/965
f 967/1012/967 989/1035/989 988/1034/988 966/1011/966
f 968/991/968 990/1014/990 989/1035/989 967/1012/967
f 969/1013/969 991/1036/991 1012/1037/1012 990/1014/990
f 970/1015/970 992/1038/992 991/1039/991 969/1016/969
f 971/1017/971 993/1040/993 992/1038/992 970/1015/970
f 972/1018/972 994/1041/994 993/1040/993 971/1017/971
f 973/1019/973 995/1042/995 994/1041/994 972/1018/972
f 974/1020/974 996/1043/996 995/1042/995 973/1019/973
f 975/1021/975 997/1044/997 996/1043/996 974/1020/974
f 976/1022/976 998/1045/998 997/1044/997 975/1021/975
f 977/1023/977 999/1046/999 998/1045/998 976/1022/976
f 978/1024/978 1000/1047/1000 999/1046/999 977/1023/977
f 979/1025/979 1001/1048/1001 1000/1047/1000 978/1024/978
f 980/1026/980 1002/1049/1002 1001/1048/1001 979/1025/979
f 981/1027/981 1003/1050/1003 1002/1049/1002 980/1026/980
f 982/1028/982 1004/1051/1004 1003/1050/1003 981/1027/981
f 983/1029/983 1005/1052/1005 1004/1051/1004 982/1028/982
f 984/1030/984 1006/1053/1006 1005/1052/1005 983/1029/983
f 985/1031/985 1007/1054/1007 1006/1053/1006 984/1030/984
f 986/1032/986 1008/1055/1008 1007/1054/1007 985/1031/985
f 987/1033/987 1009/1056/1009 1008/1055/1008 986/1032/986
f 988/1034/988 1010/1057/1010 1009/1056/1009 987/1033/987
f 989/1035/989 1011/1058/1011 1010/1057/1010 988/1034/988
f 990/1014/990 1012/1037/1012 1011/1058/1011 989/1035/989
f 991/1036/991 1013/1059/1013 1034/1060/1034 1012/1037/1012
f 992/1038/992 1014/1061/1014 1013/1062/1013 991/1039/991
f 993/1040/993 1015/1063/1015 1014/1061/1014 992/1038/992
f 994/1041/994 1016/1064/1016 1015/1063/1015 993/1040/993
f 995/1042/995 1017/1065/1017 1016/1064/1016 994/1041/994
f 996/1043/996 1018/1066/1018 1017/1065/1017 995/1042/995
f 997/1044/997 1019/1067/1019 1018/1066/1018 996/1043/996
f 998/1045/998 1020/1068/1020 1019/1067/1019 997/1044/997
f 999/1046/999 1021/1069/1021 1020/1068/1020 998/1045/998
f 1000/1047/1000 1022/1070/1022 1021/1069/1021 999/1046/999
f 1001/1048/1001 1023/1071/1023 1022/1070/1022 1000/1047/1000
f 1002/1049/1002 1024/1072/1024 1023/1071/1023 1001/1048/1001
f 1003/1050/1003 1025/1073/1025 1024/1072/1024 1002/1049/1002
f 1004/1051/1004 1026/1074/1026 1025/1073/1025 1003/1050/1003
f 1005/1052/1005 1027/1075/1027 1026/1074/1026 1004/1051/1004
f 1006/1053/1006 1028/1076/1028 1027/1075/1027 1005/1052/1005
f 1007/1054/1007 1029/1077/1029 1028/1076/1028 1006/1053/1006
f 1008/1055/1008 1030/1078/1030 1029/1077/1029 1007/1054/1007
f 1009/1056/1009 1031/1079/1031 1030/1078/1030 1008/1055/1008
f 1010/1057/1010 1032/1080/1032 1031/1079/1031 1009/1056/1009
f 1011/1058/1011 1033/1081/1033 1032/1080/1032 1010/1057/1010
f 1012/1037/1012 1034/1060/1034 1033/1081/1033 1011/1058/1011
f 1013/1059/1013 1035/1082/1035 1056/1083/1056 1034/1060/1034
f 1014/1061/1014 1036/1084/1036 1035/1085/1035 1013/1062/1013
f 1015/1063/1015 1037/1086/1037 1036/1084/1036 1014/1061/1014
f 1016/1064/1016 1038/1087/1038 1037/1086/1037 1015/1063/1015
f 1017/1065/1017 1039/1088/1039 1038/1087/1038 1016/1064/1016
f 1018/1066/1018 1040/1089/1040 1039/1088/1039 1017/1065/1017
f 1019/1067/1019 1041/1090/1041 1040/1089/1040 1018/1066/1018
f 1020/1068/1020 1042/1091/1042 1041/1090/1041 1019/1067/1019
f 1021/1069/1021 1043/1092/1043 1042/1091/1042 1020/1068/1020
f 1022/1070/1022 1044/1093/1044 1043/1092/1043 1021/1069/1021
f 1023/1071/1023 1045/1094/1045 1044/1093/1044 1022/1070/1022
f 1024/1072/1024 1046/1095/1046 1045/1094/1045 1023/1071/1023
f 1025/1073/1025 1047/1096/1047 1046/1095/1046 1024/1072/1024
f 1026/1074/1026 1048/1097/1048 1047/1096/1047 1025/1073/1025
f 1027/1075/1027 1049/1098/1049 1048/1097/1048 1026/1074/1026
f 1028/1076/1028 1050/1099/1050 1049/1098/1049 1027/1075/1027
f 1029/1077/1029 1051/1100/1051 1050/1099/1050 1028/1076/1028
f 1030/1078/1030 1052/1101/1052 1051/1100/1051 1029/1077/1029
f 1031/1079/1031 1053/1102/1053 1052/1101/1052 1030/1078/1030
f 1032/1080/1032 1054/1103/1054 1053/1102/1053 1031/1079/1031
f 1033/1081/1033 1055/1104/1055 1054/1103/1054 1032/1080/1032
f 1034/1060/1034 1056/1083/1056 1055/1104/1055 1033/1081/1033
f 1035/1082/1035 1057/1105/1057 1078/1106/1078 1056/1083/1056
f 1036/1084/1036 1058/1107/1058 1057/1108/1057 1035/1085/1035
f 1037/1086/1037 1059/1109/1059 1058/1107/1058 1036/1084/1036
f 1038/1087/1038 1060/1110/1060 1059/1109/1059 1037/1086/1037
f 1039/1088/1039 1061/1111/1061 1060/1110/1060 1038/1087/1038
f 1040/1089/1040 1062/1112/1062 1061/1111/1061 1039/1088/1039
f 1041/1090/1041 1063/1113/1063 1062/1112/1062 1040/1089/1040
f 1042/1091/1042 1064/1114/1064 1063/1113/1063 1041/1090/1041
f 1043/1092/1043 1065/1115/1065 1064/1114/1064 1042/1091/1042
f 1044/1093/1044 1066/1116/1066 1065/1115/1065 1043/1092/1043
f 1045/1094/1045 1067/1117/1067 1066/1116/1066 1044/1093/1044
f 1046/1095/1046 1068/1118/1068 1067/1117/1067 1045/1094/1045
f 1047/1096/1047 1069/1119/1069 1068/1118/1068 1046/1095/1046
f 1048/1097/1048 1070/1120/1070 1069/1119/1069 1047/1096/1047
f 1049/1098/1049 1071/1121/1071 1070/1120/1070 1048/1097/1048
f 1050/1099/1050 1072/1122/1072 1071/1121/1071 1049/1098/1049
f 1051/1100/1051 1073/1123/1073 1072/1122/1072 1050/1099/1050
f 1052/1101/1052 1074/1124/1074 1073/1123/1073 1051/1100/1051
f 1053/1102/1053 1075/1125/1075 1074/1124/1074 1052/1101/1052
f 1054/1103/1054 1076/1126/1076 1075/1125/1075 1053/1102/1053
f 1055/1104/1055 1077/1127/1077 1076/1126/1076 1054/1103/1054
f 1056/1083/1056 1078/1106/1078 1077/1127/1077 1055/1104/1055
o Archwire_Bottom
v -0.264621 4.885613 -0.098822
v -0.264955 4.885590 -0.098864
v -0.265257 4.885504 -0.098892
v -0.265497 4.885365 -0.098903
v -0.265653 4.885187 -0.098896
v -0.265708 4.884986 -0.098872
v -0.265771 4.880615 -0.098197
v -0.265721 4.880411 -0.098158
v -0.265570 4.880224 -0.098108
v -0.265334 4.880073 -0.098052
v -0.265035 4.879972 -0.097996
v -0.264703 4.879931 -0.097944
v -0.264369 4.879954 -0.097902
v -0.264067 4.880040 -0.097874
v -0.263827 4.880178 -0.097862
v -0.263671 4.880357 -0.097869
v -0.263616 4.880558 -0.097893
v -0.263553 4.884929 -0.098568
v -0.263603 4.885133 -0.098607
v -0.263753 4.885320 -0.098657
v -0.263990 4.885471 -0.098713
v -0.264289 4.885572 -0.098770
v -0.265592 4.880313 -0.066139
v -0.265926 4.880286 -0.066157
v -0.266228 4.880200 -0.066178
v -0.266468 4.880063 -0.066201
v -0.266623 4.879889 -0.066223
v -0.266677 4.879694 -0.066242
v -0.266710 4.875490 -0.066590
v -0.266659 4.875294 -0.066604
v -0.266507 4.875117 -0.066612
v -0.266269 4.874975 -0.066612
v -0.265969 4.874882 -0.066605
v -0.265635 4.874847 -0.066592
v -0.265301 4.874875 -0.066574
v -0.264999 4.874961 -0.066553
v -0.264759 4.875098 -0.066530
v -0.264604 4.875272 -0.066508
v -0.264549 4.875466 -0.066489
v -0.264516 4.879671 -0.066140
v -0.264568 4.879867 -0.066127
v -0.264720 4.880044 -0.066119
v -0.264958 4.880186 -0.066119
v -0.265258 4.880279 -0.066126
v -0.265565 4.874533 -0.035397
v -0.265900 4.874500 -0.035386
v -0.266201 4.874412 -0.035396
v -0.266442 4.874276 -0.035426
v -0.266596 4.874106 -0.035472
v -0.266651 4.873920 -0.035531
v -0.266686 4.869900 -0.036867
v -0.266635 4.869714 -0.036932
v -0.266483 4.869548 -0.036997
v -0.266245 4.869417 -0.037056
v -0.265945 4.869334 -0.037103
v -0.265611 4.869308 -0.037133
v -0.265277 4.869340 -0.037144
v -0.264975 4.869429 -0.037134
v -0.264735 4.869564 -0.037104
v -0.264580 4.869734 -0.037058
v -0.264525 4.869920 -0.036999
v -0.264490 4.873940 -0.035664
v -0.264542 4.874126 -0.035598
v -0.264694 4.874292 -0.035533
v -0.264931 4.874424 -0.035474
v -0.265232 4.874506 -0.035427
v -0.264500 4.868378 -0.006438
v -0.264832 4.868338 -0.006393
v -0.265134 4.868246 -0.006385
v -0.265374 4.868110 -0.006415
v -0.265529 4.867945 -0.006480
v -0.265585 4.867765 -0.006573
v -0.265654 4.863934 -0.008798
v -0.265604 4.863758 -0.008911
v -0.265455 4.863604 -0.009032
v -0.265219 4.863485 -0.009150
v -0.264921 4.863414 -0.009253
v -0.264589 4.863398 -0.009330
v -0.264256 4.863437 -0.009375
v -0.263955 4.863530 -0.009383
v -0.263715 4.863665 -0.009353
v -0.263559 4.863831 -0.009288
v -0.263503 4.864010 -0.009195
v -0.263435 4.867841 -0.006970
v -0.263484 4.868017 -0.006857
v -0.263634 4.868172 -0.006736
v -0.263869 4.868290 -0.006618
v -0.264168 4.868361 -0.006515
v -0.262356 4.861957 0.020906
v -0.262686 4.861907 0.020990
v -0.262985 4.861810 0.021022
v -0.263225 4.861672 0.020999
v -0.263381 4.861509 0.020923
v -0.263439 4.861336 0.020802
v -0.263567 4.857679 0.017833
v -0.263521 4.857513 0.017678
v -0.263375 4.857370 0.017506
v -0.263144 4.857265 0.017332
v -0.262850 4.857207 0.017173
v -0.262522 4.857203 0.017046
v -0.262193 4.857251 0.016962
v -0.261893 4.857349 0.016930
v -0.261654 4.857486 0.016953
v -0.261497 4.857649 0.017028
v -0.261439 4.857822 0.017149
v -0.261311 4.861480 0.020119
v -0.261358 4.861646 0.020273
v -0.261503 4.861788 0.020446
v -0.261735 4.861894 0.020620
v -0.262028 4.861952 0.020779
v -0.259102 4.855376 0.046809
v -0.259426 4.855317 0.046935
v -0.259722 4.855211 0.046997
v -0.259960 4.855070 0.046988
v -0.260116 4.854908 0.046910
v -0.260177 4.854740 0.046770
v -0.260376 4.851225 0.043237
v -0.260334 4.851068 0.043049
v -0.260194 4.850936 0.042832
v -0.259969 4.850843 0.042606
v -0.259682 4.850799 0.042393
v -0.259360 4.850807 0.042216
v -0.259036 4.850867 0.042090
v -0.258741 4.850972 0.042028
v -0.258503 4.851113 0.042037
v -0.258346 4.851275 0.042114
v -0.258286 4.851444 0.042254
v -0.258087 4.854959 0.045788
v -0.258129 4.855116 0.045976
v -0.258269 4.855247 0.046193
v -0.258493 4.855340 0.046419
v -0.258780 4.855384 0.046631
v -0.254706 4.848742 0.071458
v -0.255023 4.848670 0.071627
v -0.255312 4.848556 0.071723
v -0.255546 4.848409 0.071736
v -0.255702 4.848245 0.071664
v -0.255764 4.848079 0.071515
v -0.256028 4.844662 0.067616
v -0.255990 4.844511 0.067404
v -0.255857 4.844389 0.067149
v -0.255640 4.844309 0.066878
v -0.255362 4.844278 0.066616
v -0.255050 4.844300 0.066389
v -0.254733 4.844371 0.066219
v -0.254444 4.844486 0.066123
v -0.254210 4.844632 0.066110
v -0.254054 4.844796 0.066182
v -0.253992 4.844962 0.066332
v -0.253728 4.848379 0.070231
v -0.253765 4.848530 0.070443
v -0.253899 4.848651 0.070697
v -0.254115 4.848732 0.070968
v -0.254393 4.848763 0.071230
v -0.249140 4.842153 0.095049
v -0.249446 4.842070 0.095263
v -0.249727 4.841945 0.095396
v -0.249954 4.841791 0.095436
v -0.250107 4.841622 0.095378
v -0.250169 4.841457 0.095228
v -0.250472 4.838087 0.091163
v -0.250438 4.837939 0.090936
v -0.250311 4.837826 0.090654
v -0.250104 4.837756 0.090344
v -0.249836 4.837737 0.090037
v -0.249534 4.837771 0.089764
v -0.249228 4.837855 0.089550
v -0.248948 4.837980 0.089416
v -0.248720 4.838134 0.089377
v -0.248568 4.838302 0.089435
v -0.248505 4.838468 0.089585
v -0.248202 4.841838 0.093650
v -0.248236 4.841985 0.093877
v -0.248363 4.842099 0.094159
v -0.248571 4.842169 0.094468
v -0.248838 4.842187 0.094775
v -0.242373 4.835708 0.117789
v -0.242667 4.835612 0.118047
v -0.242936 4.835476 0.118219
v -0.243154 4.835313 0.118290
v -0.243300 4.835139 0.118253
v -0.243360 4.834971 0.118111
v -0.243658 4.831595 0.114065
v -0.243625 4.831450 0.113832
v -0.243504 4.831342 0.113531
v -0.243306 4.831281 0.113191
v -0.243049 4.831273 0.112846
v -0.242760 4.831319 0.112529
v -0.242467 4.831415 0.112272
v -0.242198 4.831551 0.112100
v -0.241980 4.831714 0.112028
v -0.241834 4.831888 0.112066
v -0.241774 4.832056 0.112208
v -0.241476 4.835431 0.116254
v -0.241508 4.835577 0.116487
v -0.241630 4.835685 0.116788
v -0.241828 4.835746 0.117128
v -0.242084 4.835754 0.117473
v -0.234374 4.829497 0.139893
v -0.234652 4.829390 0.140191
v -0.234907 4.829243 0.140404
v -0.235113 4.829070 0.140509
v -0.235250 4.828889 0.140498
v -0.235304 4.828717 0.140370
v -0.235537 4.825291 0.136505
v -0.235504 4.825145 0.136274
v -0.235386 4.825040 0.135962
v -0.235196 4.824985 0.135600
v -0.234951 4.824986 0.135223
v -0.234676 4.825043 0.134868
v -0.234398 4.825150 0.134570
v -0.234143 4.825297 0.134357
v -0.233937 4.825470 0.134252
v -0.233800 4.825651 0.134263
v -0.233746 4.825823 0.134390
v -0.233513 4.829249 0.138256
v -0.233546 4.829395 0.138487
v -0.233664 4.829501 0.138799
v -0.233854 4.829556 0.139161
v -0.234099 4.829554 0.139538
v -0.225104 4.823610 0.161577
v -0.225366 4.823493 0.161913
v -0.225604 4.823335 0.162165
v -0.225795 4.823153 0.162307
v -0.225919 4.822964 0.162325
v -0.225965 4.822787 0.162217
v -0.226065 4.819276 0.158664
v -0.226028 4.819128 0.158442
v -0.225912 4.819023 0.158127
v -0.225728 4.818973 0.157749
v -0.225494 4.818981 0.157346
v -0.225234 4.819046 0.156958
v -0.224972 4.819164 0.156621
v -0.224734 4.819322 0.156370
v -0.224543 4.819504 0.156228
v -0.224419 4.819693 0.156210
v -0.224373 4.819870 0.156317
v -0.224273 4.823381 0.159870
v -0.224310 4.823529 0.160092
v -0.224426 4.823634 0.160408
v -0.224610 4.823685 0.160785
v -0.224844 4.823677 0.161188
v -0.214524 4.818135 0.183060
v -0.214769 4.818008 0.183431
v -0.214988 4.817841 0.183720
v -0.215161 4.817650 0.183898
v -0.215270 4.817453 0.183948
v -0.215304 4.817269 0.183865
v -0.215202 4.813654 0.180723
v -0.215158 4.813502 0.180515
v -0.215041 4.813397 0.180202
v -0.214861 4.813349 0.179815
v -0.214638 4.813362 0.179393
v -0.214391 4.813436 0.178975
v -0.214146 4.813562 0.178604
v -0.213926 4.813729 0.178315
v -0.213753 4.813920 0.178137
v -0.213645 4.814117 0.178087
v -0.213611 4.814301 0.178170
v -0.213713 4.817916 0.181312
v -0.213756 4.818068 0.181520
v -0.213874 4.818173 0.181833
v -0.214053 4.818222 0.182220
v -0.214277 4.818208 0.182642
v -0.202554 4.813145 0.204619
v -0.202782 4.813011 0.205022
v -0.202982 4.812836 0.205345
v -0.203136 4.812636 0.205556
v -0.203229 4.812433 0.205636
v -0.203250 4.812244 0.205575
v -0.202932 4.808538 0.202822
v -0.202881 4.808383 0.202628
v -0.202762 4.808278 0.202318
v -0.202587 4.808231 0.201924
v -0.202373 4.808248 0.201483
v -0.202140 4.808328 0.201040
v -0.201913 4.808461 0.200637
v -0.201712 4.808637 0.200314
v -0.201558 4.808836 0.200102
v -0.201466 4.809040 0.200023
v -0.201444 4.809228 0.200083
v -0.201762 4.812934 0.202836
v -0.201814 4.813089 0.203031
v -0.201933 4.813195 0.203341
v -0.202108 4.813241 0.203735
v -0.202322 4.813224 0.204175
v -0.186584 4.807764 0.230104
v -0.186792 4.807623 0.230538
v -0.186973 4.807441 0.230892
v -0.187109 4.807236 0.231132
v -0.187186 4.807027 0.231235
v -0.187198 4.806835 0.231190
v -0.186727 4.803078 0.228679
v -0.186672 4.802921 0.228491
v -0.186555 4.802816 0.228179
v -0.186388 4.802772 0.227772
v -0.186187 4.802794 0.227310
v -0.185971 4.802879 0.226840
v -0.185763 4.803020 0.226406
v -0.185582 4.803201 0.226052
v -0.185447 4.803407 0.225811
v -0.185369 4.803616 0.225708
v -0.185357 4.803808 0.225753
v -0.185828 4.807565 0.228264
v -0.185884 4.807721 0.228452
v -0.186001 4.807827 0.228765
v -0.186168 4.807870 0.229172
v -0.186369 4.807848 0.229633
v -0.170516 4.803417 0.252184
v -0.170702 4.803271 0.252648
v -0.170861 4.803083 0.253032
v -0.170978 4.802873 0.253298
v -0.171041 4.802660 0.253420
v -0.171045 4.802465 0.253387
v -0.170472 4.798681 0.251016
v -0.170415 4.798524 0.250830
v -0.170303 4.798420 0.250510
v -0.170148 4.798379 0.250086
v -0.169965 4.798406 0.249601
v -0.169770 4.798497 0.249102
v -0.169584 4.798643 0.248638
v -0.169425 4.798831 0.248254
v -0.169308 4.799041 0.247988
v -0.169244 4.799254 0.247866
v -0.169241 4.799448 0.247900
v -0.169814 4.803233 0.250270
v -0.169871 4.803390 0.250456
v -0.169982 4.803493 0.250777
v -0.170138 4.803534 0.251200
v -0.170321 4.803508 0.251685
v -0.154282 4.800006 0.271038
v -0.154443 4.799855 0.271530
v -0.154579 4.799663 0.271941
v -0.154676 4.799448 0.272230
v -0.154725 4.799232 0.272370
v -0.154721 4.799036 0.272345
v -0.154061 4.795233 0.270074
v -0.154005 4.795076 0.269888
v -0.153901 4.794974 0.269559
v -0.153760 4.794937 0.269119
v -0.153596 4.794967 0.268611
v -0.153425 4.795063 0.268085
v -0.153263 4.795214 0.267593
v -0.153127 4.795407 0.267182
v -0.153030 4.795621 0.266892
v -0.152982 4.795837 0.266753
v -0.152986 4.796033 0.266778
v -0.153645 4.799836 0.269049
v -0.153702 4.799993 0.269235
v -0.153806 4.800095 0.269564
v -0.153947 4.800133 0.270004
v -0.154111 4.800102 0.270512
v -0.137786 4.797425 0.286883
v -0.137922 4.797269 0.287401
v -0.138033 4.797072 0.287835
v -0.138110 4.796854 0.288144
v -0.138145 4.796637 0.288297
v -0.138134 4.796440 0.288279
v -0.137414 4.792627 0.286065
v -0.137359 4.792471 0.285878
v -0.137264 4.792370 0.285540
v -0.137139 4.792335 0.285085
v -0.136997 4.792369 0.284556
v -0.136851 4.792469 0.284006
v -0.136716 4.792624 0.283488
v -0.136604 4.792820 0.283054
v -0.136527 4.793038 0.282745
v -0.136493 4.793257 0.282592
v -0.136504 4.793454 0.282610
v -0.137223 4.797266 0.284823
v -0.137279 4.797422 0.285011
v -0.137374 4.797523 0.285349
v -0.137498 4.797558 0.285804
v -0.137640 4.797524 0.286333
v -0.120934 4.795564 0.299936
v -0.121043 4.795405 0.300474
v -0.121131 4.795207 0.300927
v -0.121188 4.794986 0.301251
v -0.121209 4.794767 0.301414
v -0.121193 4.794569 0.301400
v -0.120447 4.790754 0.299207
v -0.120395 4.790598 0.299017
v -0.120311 4.790498 0.298671
v -0.120204 4.790465 0.298202
v -0.120085 4.790502 0.297655
v -0.119965 4.790604 0.297085
v -0.119856 4.790763 0.296547
v -0.119768 4.790962 0.296094
v -0.119711 4.791182 0.295770
v -0.119690 4.791401 0.295607
v -0.119706 4.791599 0.295621
v -0.120452 4.795414 0.297814
v -0.120504 4.795570 0.298003
v -0.120588 4.795670 0.298349
v -0.120695 4.795703 0.298819
v -0.120814 4.795667 0.299366
v -0.103632 4.794319 0.310408
v -0.103716 4.794158 0.310961
v -0.103780 4.793957 0.311428
v -0.103820 4.793736 0.311763
v -0.103830 4.793516 0.311932
v -0.103810 4.793318 0.311921
v -0.103077 4.789504 0.309720
v -0.103029 4.789348 0.309528
v -0.102958 4.789249 0.309174
v -0.102869 4.789217 0.308693
v -0.102774 4.789255 0.308132
v -0.102679 4.789360 0.307547
v -0.102595 4.789520 0.306993
v -0.102531 4.789721 0.306526
v -0.102491 4.789942 0.306192
v -0.102481 4.790163 0.306022
v -0.102501 4.790360 0.306034
v -0.103234 4.794175 0.308234
v -0.103282 4.794331 0.308426
v -0.103353 4.794429 0.308780
v -0.103441 4.794461 0.309261
v -0.103537 4.794423 0.309822
v -0.085789 4.793581 0.318509
v -0.085849 4.793420 0.319073
v -0.085893 4.793218 0.319550
v -0.085918 4.792996 0.319891
v -0.085919 4.792775 0.320065
v -0.085898 4.792578 0.320054
v -0.085218 4.788765 0.317829
v -0.085177 4.788610 0.317634
v -0.085118 4.788512 0.317274
v -0.085049 4.788481 0.316784
v -0.084975 4.788520 0.316213
v -0.084905 4.788626 0.315617
v -0.084845 4.788787 0.315053
v -0.084800 4.788989 0.314576
v -0.084776 4.789211 0.314235
v -0.084774 4.789432 0.314061
v -0.084796 4.789629 0.314072
v -0.085475 4.793441 0.316297
v -0.085517 4.793597 0.316492
v -0.085576 4.793695 0.316852
v -0.085645 4.793726 0.317341
v -0.085718 4.793687 0.317912
v -0.067316 4.793245 0.324451
v -0.067356 4.793083 0.325022
v -0.067383 4.792881 0.325504
v -0.067395 4.792659 0.325850
v -0.067391 4.792438 0.326025
v -0.067371 4.792240 0.326014
v -0.066783 4.788430 0.323759
v -0.066749 4.788275 0.323561
v -0.066704 4.788177 0.323197
v -0.066653 4.788146 0.322702
v -0.066600 4.788186 0.322124
v -0.066552 4.788292 0.321520
v -0.066512 4.788454 0.320949
v -0.066484 4.788656 0.320467
v -0.066472 4.788878 0.320122
v -0.066476 4.789099 0.319946
v -0.066497 4.789297 0.319958
v -0.067085 4.793107 0.322213
v -0.067119 4.793262 0.322410
v -0.067164 4.793360 0.322774
v -0.067215 4.793391 0.323270
v -0.067267 4.793351 0.323848
v -0.048126 4.793202 0.328447
v -0.048149 4.793041 0.329021
v -0.048163 4.792839 0.329506
v -0.048166 4.792616 0.329853
v -0.048159 4.792395 0.330030
v -0.048141 4.792198 0.330018
v -0.047680 4.788388 0.327736
v -0.047654 4.788232 0.327536
v -0.047623 4.788135 0.327169
v -0.047589 4.788104 0.326670
v -0.047556 4.788144 0.326088
v -0.047526 4.788249 0.325480
v -0.047503 4.788412 0.324906
v -0.047489 4.788614 0.324421
v -0.047486 4.788836 0.324074
v -0.047493 4.789057 0.323898
v -0.047511 4.789255 0.323910
v -0.047972 4.793065 0.326192
v -0.047998 4.793220 0.326391
v -0.048029 4.793318 0.326758
v -0.048063 4.793348 0.327257
v -0.048096 4.793308 0.327839
v -0.028133 4.793345 0.330710
v -0.028142 4.793183 0.331286
v -0.028146 4.792981 0.331771
v -0.028144 4.792759 0.332120
v -0.028136 4.792538 0.332296
v -0.028124 4.792340 0.332283
v -0.027818 4.788529 0.329983
v -0.027802 4.788374 0.329783
v -0.027784 4.788276 0.329414
v -0.027765 4.788246 0.328913
v -0.027748 4.788285 0.328329
v -0.027735 4.788391 0.327720
v -0.027726 4.788553 0.327144
v -0.027722 4.788755 0.326658
v -0.027724 4.788977 0.326310
v -0.027731 4.789198 0.326133
v -0.027744 4.789396 0.326146
v -0.028050 4.793207 0.328446
v -0.028066 4.793362 0.328647
v -0.028084 4.793460 0.329015
v -0.028103 4.793490 0.329516
v -0.028119 4.793451 0.330100
v -0.007251 4.793564 0.331456
v -0.007250 4.793402 0.332033
v -0.007247 4.793200 0.332519
v -0.007243 4.792978 0.332867
v -0.007237 4.792758 0.333043
v -0.007231 4.792560 0.333030
v -0.007103 4.788747 0.330723
v -0.007097 4.788591 0.330522
v -0.007092 4.788494 0.330153
v -0.007088 4.788463 0.329652
v -0.007085 4.788502 0.329067
v -0.007084 4.788608 0.328457
v -0.007085 4.788770 0.327881
v -0.007088 4.788972 0.327395
v -0.007092 4.789194 0.327046
v -0.007098 4.789415 0.326870
v -0.007104 4.789613 0.326883
v -0.007232 4.793425 0.329190
v -0.007238 4.793581 0.329391
v -0.007243 4.793679 0.329760
v -0.007247 4.793709 0.330262
v -0.007250 4.793670 0.330846
v 0.014611 4.793751 0.330905
v 0.014620 4.793589 0.331481
v 0.014626 4.793387 0.331967
v 0.014630 4.793165 0.332315
v 0.014631 4.792944 0.332491
v 0.014629 4.792746 0.332479
v 0.014556 4.788932 0.330176
v 0.014551 4.788777 0.329976
v 0.014544 4.788679 0.329607
v 0.014535 4.788648 0.329106
v 0.014525 4.788687 0.328521
v 0.014515 4.788793 0.327911
v 0.014507 4.788955 0.327335
v 0.014500 4.789156 0.326849
v 0.014496 4.789379 0.326501
v 0.014495 4.789600 0.326325
v 0.014497 4.789798 0.326337
v 0.014570 4.793612 0.328640
v 0.014575 4.793767 0.328841
v 0.014582 4.793865 0.329209
v 0.014591 4.793896 0.329710
v 0.014601 4.793857 0.330295
v 0.034074 4.793799 0.329378
v 0.034090 4.793638 0.329954
v 0.034101 4.793436 0.330440
v 0.034104 4.793214 0.330788
v 0.034101 4.792993 0.330965
v 0.034090 4.792795 0.330952
v 0.033797 4.788980 0.328668
v 0.033781 4.788825 0.328468
v 0.033760 4.788727 0.328100
v 0.033737 4.788696 0.327601
v 0.033714 4.788735 0.327017
v 0.033694 4.788841 0.326408
v 0.033677 4.789002 0.325833
v 0.033667 4.789204 0.325347
v 0.033663 4.789426 0.324999
v 0.033667 4.789648 0.324822
v 0.033678 4.789845 0.324834
v 0.033970 4.793660 0.327119
v 0.033987 4.793816 0.327318
v 0.034008 4.793914 0.327686
v 0.034030 4.793944 0.328186
v 0.034053 4.793905 0.328769
v 0.052597 4.793778 0.326696
v 0.052624 4.793616 0.327271
v 0.052641 4.793415 0.327755
v 0.052646 4.793192 0.328103
v 0.052639 4.792971 0.328280
v 0.052621 4.792773 0.328270
v 0.052121 4.788959 0.326016
v 0.052093 4.788803 0.325818
v 0.052058 4.788705 0.325452
v 0.052020 4.788674 0.324954
v 0.051982 4.788713 0.324374
v 0.051948 4.788819 0.323767
v 0.051921 4.788980 0.323193
v 0.051904 4.789183 0.322708
v 0.051898 4.789405 0.322360
v 0.051905 4.789626 0.322183
v 0.051924 4.789824 0.322194
v 0.052423 4.793638 0.324447
v 0.052451 4.793794 0.324645
v 0.052486 4.793892 0.325011
v 0.052525 4.793923 0.325509
v 0.052563 4.793884 0.326089
v 0.070254 4.793795 0.322688
v 0.070294 4.793633 0.323259
v 0.070321 4.793431 0.323741
v 0.070331 4.793209 0.324088
v 0.070324 4.792988 0.324265
v 0.070300 4.792790 0.324256
v 0.069626 4.788975 0.322042
v 0.069587 4.788819 0.321847
v 0.069538 4.788721 0.321484
v 0.069483 4.788690 0.320990
v 0.069428 4.788729 0.320414
v 0.069377 4.788835 0.319810
v 0.069336 4.788997 0.319240
v 0.069310 4.789198 0.318757
v 0.069299 4.789421 0.318410
v 0.069306 4.789641 0.318233
v 0.069331 4.789840 0.318243
v 0.070005 4.793654 0.320456
v 0.070043 4.793810 0.320652
v 0.070093 4.793908 0.321014
v 0.070148 4.793939 0.321508
v 0.070203 4.793900 0.322085
v 0.087125 4.793957 0.317183
v 0.087183 4.793796 0.317748
v 0.087223 4.793594 0.318226
v 0.087242 4.793372 0.318570
v 0.087238 4.793150 0.318746
v 0.087210 4.792953 0.318738
v 0.086402 4.789136 0.316569
v 0.086354 4.788980 0.316376
v 0.086291 4.788882 0.316018
v 0.086218 4.788851 0.315530
v 0.086144 4.788890 0.314960
v 0.086074 4.788995 0.314363
v 0.086016 4.789157 0.313797
v 0.085976 4.789359 0.313319
v 0.085957 4.789581 0.312975
v 0.085962 4.789802 0.312799
v 0.085989 4.789999 0.312808
v 0.086798 4.793816 0.314977
v 0.086845 4.793972 0.315169
v 0.086909 4.794070 0.315527
v 0.086981 4.794101 0.316015
v 0.087056 4.794062 0.316585
v 0.103295 4.794373 0.310013
v 0.103373 4.794212 0.310569
v 0.103430 4.794011 0.311040
v 0.103461 4.793789 0.311378
v 0.103462 4.793568 0.311552
v 0.103434 4.793370 0.311544
v 0.102538 4.789551 0.309414
v 0.102483 4.789395 0.309225
v 0.102407 4.789297 0.308873
v 0.102316 4.789265 0.308393
v 0.102221 4.789303 0.307831
v 0.102130 4.789408 0.307244
v 0.102052 4.789569 0.306688
v 0.101995 4.789770 0.306217
v 0.101964 4.789992 0.305878
v 0.101963 4.790213 0.305705
v 0.101991 4.790411 0.305713
v 0.102887 4.794230 0.307843
v 0.102942 4.794386 0.308032
v 0.103018 4.794485 0.308384
v 0.103109 4.794516 0.308864
v 0.103204 4.794477 0.309425
v 0.118847 4.795149 0.301014
v 0.118947 4.794989 0.301557
v 0.119024 4.794789 0.302016
v 0.119070 4.794568 0.302345
v 0.119081 4.794348 0.302514
v 0.119054 4.794150 0.302505
v 0.118122 4.790329 0.300396
v 0.118061 4.790173 0.300210
v 0.117973 4.790073 0.299865
v 0.117865 4.790041 0.299395
v 0.117748 4.790078 0.298846
v 0.117634 4.790182 0.298272
v 0.117534 4.790341 0.297729
v 0.117457 4.790542 0.297270
v 0.117411 4.790763 0.296940
v 0.117400 4.790983 0.296772
v 0.117426 4.791181 0.296781
v 0.118359 4.795002 0.298890
v 0.118419 4.795158 0.299076
v 0.118508 4.795257 0.299421
v 0.118616 4.795290 0.299891
v 0.118732 4.795252 0.300440
v 0.133867 4.796391 0.290021
v 0.133992 4.796234 0.290546
v 0.134091 4.796035 0.290988
v 0.134155 4.795815 0.291305
v 0.134177 4.795596 0.291465
v 0.134155 4.795399 0.291452
v 0.133238 4.791579 0.289332
v 0.133174 4.791423 0.289149
v 0.133076 4.791323 0.288811
v 0.132951 4.791288 0.288354
v 0.132813 4.791324 0.287821
v 0.132674 4.791426 0.287265
v 0.132549 4.791584 0.286740
v 0.132450 4.791781 0.286297
v 0.132386 4.792001 0.285980
v 0.132364 4.792221 0.285820
v 0.132386 4.792418 0.285833
v 0.133303 4.796237 0.287953
v 0.133366 4.796394 0.288137
v 0.133465 4.796494 0.288474
v 0.133590 4.796528 0.288931
v 0.133728 4.796493 0.289464
v 0.148445 4.798204 0.276869
v 0.148595 4.798050 0.277372
v 0.148717 4.797855 0.277793
v 0.148801 4.797638 0.278092
v 0.148837 4.797420 0.278240
v 0.148822 4.797224 0.278221
v 0.147968 4.793412 0.276044
v 0.147904 4.793255 0.275861
v 0.147796 4.793154 0.275531
v 0.147656 4.793118 0.275088
v 0.147497 4.793151 0.274574
v 0.147334 4.793250 0.274039
v 0.147184 4.793404 0.273537
v 0.147062 4.793600 0.273115
v 0.146978 4.793817 0.272816
v 0.146942 4.794034 0.272669
v 0.146957 4.794231 0.272688
v 0.147811 4.798042 0.274865
v 0.147875 4.798199 0.275048
v 0.147983 4.798300 0.275377
v 0.148123 4.798336 0.275821
v 0.148282 4.798303 0.276335
v 0.162673 4.800695 0.261392
v 0.162847 4.800545 0.261868
v 0.162993 4.800354 0.262263
v 0.163097 4.800140 0.262540
v 0.163149 4.799925 0.262671
v 0.163142 4.799730 0.262643
v 0.162391 4.795937 0.260354
v 0.162328 4.795780 0.260170
v 0.162214 4.795678 0.259847
v 0.162060 4.795640 0.259419
v 0.161882 4.795669 0.258925
v 0.161696 4.795763 0.258416
v 0.161522 4.795914 0.257940
v 0.161376 4.796105 0.257544
v 0.161272 4.796318 0.257267
v 0.161220 4.796533 0.257137
v 0.161227 4.796728 0.257165
v 0.161978 4.800522 0.259454
v 0.162041 4.800678 0.259638
v 0.162155 4.800781 0.259960
v 0.162309 4.800819 0.260389
v 0.162487 4.800789 0.260882
v 0.176644 4.803967 0.243416
v 0.176842 4.803823 0.243863
v 0.177011 4.803637 0.244229
v 0.177135 4.803428 0.244480
v 0.177202 4.803217 0.244591
v 0.177205 4.803024 0.244551
v 0.176586 4.799262 0.242092
v 0.176526 4.799106 0.241904
v 0.176407 4.799002 0.241588
v 0.176242 4.798961 0.241174
v 0.176047 4.798987 0.240702
v 0.175840 4.799077 0.240220
v 0.175643 4.799221 0.239773
v 0.175474 4.799407 0.239407
v 0.175349 4.799616 0.239156
v 0.175283 4.799827 0.239045
v 0.175279 4.800020 0.239086
v 0.175898 4.803782 0.241544
v 0.175959 4.803938 0.241732
v 0.176077 4.804042 0.242048
v 0.176242 4.804083 0.242462
v 0.176438 4.804057 0.242934
v 0.190455 4.808130 0.222766
v 0.190673 4.807992 0.223182
v 0.190863 4.807812 0.223517
v 0.191006 4.807609 0.223740
v 0.191088 4.807402 0.223828
v 0.191102 4.807212 0.223773
v 0.190632 4.803494 0.221091
v 0.190575 4.803340 0.220898
v 0.190454 4.803236 0.220586
v 0.190279 4.803192 0.220185
v 0.190069 4.803213 0.219736
v 0.189844 4.803297 0.219281
v 0.189626 4.803436 0.218865
v 0.189436 4.803615 0.218530
v 0.189293 4.803818 0.218307
v 0.189211 4.804025 0.218219
v 0.189198 4.804215 0.218274
v 0.189667 4.807932 0.220955
v 0.189724 4.808087 0.221149
v 0.189846 4.808191 0.221461
v 0.190020 4.808235 0.221861
v 0.190230 4.808214 0.222311
v 0.204246 4.813308 0.199179
v 0.204481 4.813176 0.199566
v 0.204687 4.813002 0.199874
v 0.204844 4.812804 0.200072
v 0.204937 4.812602 0.200142
v 0.204957 4.812414 0.200076
v 0.204568 4.808726 0.197257
v 0.204513 4.808572 0.197062
v 0.204387 4.808466 0.196756
v 0.204204 4.808419 0.196371
v 0.203982 4.808435 0.195943
v 0.203741 4.808514 0.195514
v 0.203506 4.808646 0.195127
v 0.203300 4.808820 0.194819
v 0.203143 4.809018 0.194620
v 0.203050 4.809220 0.194550
v 0.203030 4.809408 0.194616
v 0.203419 4.813096 0.197436
v 0.203475 4.813250 0.197631
v 0.203600 4.813356 0.197936
v 0.203783 4.813403 0.198322
v 0.204006 4.813386 0.198750
v 0.215541 4.818140 0.177484
v 0.215788 4.818013 0.177847
v 0.216005 4.817844 0.178134
v 0.216170 4.817649 0.178318
v 0.216267 4.817449 0.178380
v 0.216287 4.817261 0.178314
v 0.215848 4.813552 0.175591
v 0.215788 4.813396 0.175404
v 0.215655 4.813287 0.175114
v 0.215461 4.813235 0.174749
v 0.215225 4.813246 0.174346
v 0.214971 4.813319 0.173943
v 0.214724 4.813446 0.173580
v 0.214507 4.813615 0.173293
v 0.214342 4.813809 0.173109
v 0.214245 4.814011 0.173047
v 0.214226 4.814198 0.173113
v 0.214664 4.817907 0.175837
v 0.214724 4.818063 0.176024
v 0.214858 4.818172 0.176314
v 0.215052 4.818224 0.176678
v 0.215287 4.818213 0.177081
v 0.225510 4.822779 0.155880
v 0.225770 4.822657 0.156217
v 0.225996 4.822493 0.156483
v 0.226167 4.822301 0.156654
v 0.226266 4.822101 0.156711
v 0.226284 4.821912 0.156650
v 0.225755 4.818161 0.154122
v 0.225689 4.818002 0.153949
v 0.225546 4.817889 0.153680
v 0.225340 4.817832 0.153342
v 0.225091 4.817836 0.152967
v 0.224824 4.817903 0.152594
v 0.224564 4.818024 0.152257
v 0.224338 4.818189 0.151991
v 0.224167 4.818380 0.151820
v 0.224068 4.818580 0.151763
v 0.224050 4.818769 0.151824
v 0.224579 4.822520 0.154352
v 0.224645 4.822679 0.154525
v 0.224788 4.822793 0.154794
v 0.224994 4.822850 0.155132
v 0.225243 4.822845 0.155507
v 0.234194 4.827315 0.134295
v 0.234466 4.827200 0.134599
v 0.234703 4.827041 0.134839
v 0.234882 4.826854 0.134991
v 0.234985 4.826655 0.135039
v 0.235002 4.826467 0.134979
v 0.234419 4.822687 0.132588
v 0.234348 4.822526 0.132426
v 0.234196 4.822407 0.132178
v 0.233979 4.822344 0.131867
v 0.233717 4.822342 0.131526
v 0.233436 4.822402 0.131186
v 0.233164 4.822516 0.130881
v 0.232927 4.822675 0.130641
v 0.232748 4.822863 0.130489
v 0.232645 4.823061 0.130441
v 0.232629 4.823250 0.130501
v 0.233212 4.827030 0.132893
v 0.233282 4.827191 0.133055
v 0.233434 4.827309 0.133303
v 0.233651 4.827372 0.133613
v 0.233913 4.827374 0.133955
v 0.241680 4.831860 0.112567
v 0.241965 4.831753 0.112835
v 0.242213 4.831601 0.113043
v 0.242401 4.831419 0.113169
v 0.242508 4.831223 0.113203
v 0.242526 4.831035 0.113140
v 0.241925 4.827244 0.110802
v 0.241851 4.827081 0.110649
v 0.241693 4.826959 0.110420
v 0.241466 4.826890 0.110138
v 0.241192 4.826880 0.109831
v 0.240898 4.826932 0.109528
v 0.240613 4.827039 0.109260
v 0.240365 4.827191 0.109053
v 0.240178 4.827374 0.108926
v 0.240070 4.827569 0.108893
v 0.240052 4.827757 0.108956
v 0.240654 4.831548 0.111293
v 0.240728 4.831711 0.111447
v 0.240886 4.831833 0.111675
v 0.241113 4.831902 0.111957
v 0.241387 4.831912 0.112264
v 0.248061 4.836525 0.090534
v 0.248357 4.836427 0.090761
v 0.248616 4.836283 0.090932
v 0.248812 4.836107 0.091028
v 0.248926 4.835916 0.091041
v 0.248947 4.835730 0.090969
v 0.248359 4.831949 0.088584
v 0.248284 4.831785 0.088435
v 0.248121 4.831659 0.088223
v 0.247886 4.831584 0.087968
v 0.247602 4.831567 0.087696
v 0.247297 4.831610 0.087434
v 0.247000 4.831708 0.087206
v 0.246741 4.831853 0.087036
v 0.246545 4.832029 0.086939
v 0.246431 4.832220 0.086927
v 0.246411 4.832406 0.086998
v 0.246999 4.836187 0.089383
v 0.247074 4.836351 0.089532
v 0.247236 4.836477 0.089745
v 0.247471 4.836552 0.089999
v 0.247755 4.836568 0.090271
v 0.253430 4.841423 0.068027
v 0.253736 4.841333 0.068211
v 0.254005 4.841198 0.068341
v 0.254209 4.841030 0.068402
v 0.254329 4.840845 0.068389
v 0.254353 4.840662 0.068304
v 0.253804 4.836915 0.065759
v 0.253729 4.836751 0.065609
v 0.253563 4.836623 0.065409
v 0.253322 4.836543 0.065179
v 0.253030 4.836518 0.064941
v 0.252715 4.836553 0.064719
v 0.252408 4.836642 0.064534
v 0.252139 4.836777 0.064404
v 0.251935 4.836946 0.064343
v 0.251815 4.837131 0.064356
v 0.251791 4.837314 0.064442
v 0.252341 4.841060 0.066986
v 0.252416 4.841224 0.067136
v 0.252582 4.841352 0.067336
v 0.252822 4.841432 0.067566
v 0.253115 4.841456 0.067804
v 0.257882 4.846664 0.044868
v 0.258197 4.846584 0.045010
v 0.258474 4.846459 0.045097
v 0.258686 4.846299 0.045120
v 0.258812 4.846121 0.045077
v 0.258839 4.845942 0.044973
v 0.258342 4.842257 0.042158
v 0.258268 4.842094 0.042002
v 0.258101 4.841965 0.041809
v 0.257856 4.841880 0.041599
v 0.257558 4.841848 0.041392
v 0.257235 4.841874 0.041209
v 0.256920 4.841953 0.041067
v 0.256643 4.842079 0.040980
v 0.256432 4.842238 0.040956
v 0.256306 4.842417 0.040999
v 0.256279 4.842596 0.041104
v 0.256776 4.846281 0.043919
v 0.256850 4.846443 0.044075
v 0.257017 4.846573 0.044267
v 0.257262 4.846658 0.044477
v 0.257560 4.846689 0.044684
v 0.261515 4.852364 0.020873
v 0.261836 4.852294 0.020975
v 0.262119 4.852179 0.021020
v 0.262337 4.852028 0.021004
v 0.262468 4.851858 0.020928
v 0.262499 4.851684 0.020800
v 0.262057 4.848086 0.017620
v 0.261985 4.847927 0.017453
v 0.261817 4.847796 0.017262
v 0.261570 4.847708 0.017067
v 0.261268 4.847670 0.016886
v 0.260940 4.847687 0.016738
v 0.260619 4.847757 0.016636
v 0.260336 4.847873 0.016591
v 0.260118 4.848023 0.016607
v 0.259987 4.848193 0.016683
v 0.259957 4.848367 0.016810
v 0.260398 4.851964 0.019991
v 0.260470 4.852125 0.020158
v 0.260638 4.852255 0.020349
v 0.260885 4.852344 0.020544
v 0.261187 4.852381 0.020724
v 0.264421 4.858638 -0.004150
v 0.264746 4.858578 -0.004084
v 0.265034 4.858472 -0.004079
v 0.265257 4.858331 -0.004133
v 0.265391 4.858170 -0.004243
v 0.265425 4.858002 -0.004396
v 0.265035 4.854515 -0.008015
v 0.264965 4.854359 -0.008197
v 0.264798 4.854229 -0.008391
v 0.264550 4.854138 -0.008576
v 0.264245 4.854095 -0.008736
v 0.263914 4.854105 -0.008855
v 0.263588 4.854165 -0.008920
v 0.263300 4.854271 -0.008925
v 0.263078 4.854412 -0.008871
v 0.262943 4.854574 -0.008762
v 0.262909 4.854741 -0.008608
v 0.263299 4.858228 -0.004989
v 0.263370 4.858385 -0.004807
v 0.263537 4.858514 -0.004613
v 0.263785 4.858605 -0.004428
v 0.264090 4.858648 -0.004268
v 0.266693 4.865604 -0.030393
v 0.267021 4.865551 -0.030359
v 0.267312 4.865455 -0.030389
v 0.267538 4.865324 -0.030480
v 0.267675 4.865171 -0.030622
v 0.267712 4.865011 -0.030802
v 0.267364 4.861652 -0.034905
v 0.267296 4.861501 -0.035106
v 0.267129 4.861373 -0.035307
v 0.266881 4.861281 -0.035488
v 0.266575 4.861234 -0.035633
v 0.266241 4.861237 -0.035727
v 0.265913 4.861290 -0.035760
v 0.265622 4.861386 -0.035730
v 0.265396 4.861517 -0.035640
v 0.265259 4.861670 -0.035497
v 0.265222 4.861830 -0.035317
v 0.265570 4.865189 -0.031214
v 0.265638 4.865340 -0.031014
v 0.265805 4.865468 -0.030813
v 0.266053 4.865560 -0.030631
v 0.266359 4.865607 -0.030487
v 0.268421 4.873378 -0.058050
v 0.268751 4.873333 -0.058042
v 0.269044 4.873245 -0.058104
v 0.269271 4.873124 -0.058227
v 0.269411 4.872979 -0.058401
v 0.269449 4.872827 -0.058608
v 0.269134 4.869609 -0.063214
v 0.269066 4.869463 -0.063434
v 0.268900 4.869339 -0.063645
v 0.268652 4.869247 -0.063827
v 0.268345 4.869197 -0.063963
v 0.268011 4.869195 -0.064038
v 0.267681 4.869240 -0.064045
v 0.267388 4.869328 -0.063984
v 0.267160 4.869449 -0.063860
v 0.267021 4.869594 -0.063687
v 0.266983 4.869746 -0.063480
v 0.267298 4.872963 -0.058874
v 0.267365 4.873109 -0.058654
v 0.267531 4.873234 -0.058442
v 0.267779 4.873326 -0.058260
v 0.268086 4.873375 -0.058125
v 0.269693 4.882078 -0.087311
v 0.270024 4.882040 -0.087325
v 0.270318 4.881960 -0.087413
v 0.270547 4.881846 -0.087566
v 0.270688 4.881711 -0.087769
v 0.270727 4.881566 -0.088002
v 0.270434 4.878497 -0.093107
v 0.270368 4.878357 -0.093347
v 0.270202 4.878236 -0.093571
v 0.269954 4.878146 -0.093757
v 0.269647 4.878095 -0.093887
v 0.269312 4.878088 -0.093948
v 0.268981 4.878126 -0.093934
v 0.268687 4.878206 -0.093846
v 0.268458 4.878319 -0.093693
v 0.268317 4.878455 -0.093490
v 0.268278 4.878600 -0.093257
v 0.268571 4.881669 -0.088152
v 0.268637 4.881808 -0.087911
v 0.268803 4.881929 -0.087687
v 0.269051 4.882020 -0.087501
v 0.269358 4.882071 -0.087371
vn 0.0019 0.9871 0.1601
vn -0.1835 0.9712 0.1520
vn -0.3865 0.9121 0.1364
vn -0.6212 0.7763 0.1074
vn -0.8687 0.4923 0.0540
vn -0.9894 0.1450 -0.0059
vn -0.9917 -0.1186 -0.0487
vn -0.8787 -0.4663 -0.1017
vn -0.6327 -0.7612 -0.1422
vn -0.3963 -0.9043 -0.1584
vn -0.1916 -0.9679 -0.1626
vn -0.0047 -0.9871 -0.1602
vn 0.1822 -0.9714 -0.1521
vn 0.3870 -0.9119 -0.1364
vn 0.6240 -0.7741 -0.1070
vn 0.8730 -0.4849 -0.0527
vn 0.9903 -0.1388 0.0069
vn 0.9908 0.1255 0.0498
vn 0.8725 0.4776 0.1034
vn 0.6253 0.7672 0.1430
vn 0.3904 0.9069 0.1586
vn 0.1873 0.9687 0.1626
vn 0.0011 0.9850 0.1725
vn -0.1842 0.9686 0.1669
vn -0.3869 0.9092 0.1536
vn -0.6213 0.7733 0.1264
vn -0.8686 0.4900 0.0733
vn -0.9896 0.1436 0.0109
vn -0.9922 -0.1196 -0.0353
vn -0.8793 -0.4668 -0.0944
vn -0.6329 -0.7610 -0.1424
vn -0.3962 -0.9034 -0.1639
vn -0.1912 -0.9664 -0.1720
vn -0.0043 -0.9850 -0.1725
vn 0.1825 -0.9689 -0.1670
vn 0.3870 -0.9092 -0.1536
vn 0.6237 -0.7714 -0.1260
vn 0.8727 -0.4829 -0.0719
vn 0.9905 -0.1375 -0.0098
vn 0.9913 0.1264 0.0364
vn 0.8729 0.4782 0.0963
vn 0.6252 0.7672 0.1433
vn 0.3899 0.9061 0.1643
vn 0.1865 0.9673 0.1721
vn 0.0010 0.9805 0.1963
vn -0.1844 0.9631 0.1963
vn -0.3873 0.9026 0.1880
vn -0.6218 0.7656 0.1650
vn -0.8691 0.4817 0.1127
vn -0.9896 0.1362 0.0458
vn -0.9920 -0.1257 -0.0066
vn -0.8791 -0.4703 -0.0777
vn -0.6329 -0.7614 -0.1406
vn -0.3964 -0.9016 -0.1731
vn -0.1916 -0.9631 -0.1893
vn -0.0047 -0.9805 -0.1963
vn 0.1820 -0.9635 -0.1963
vn 0.3867 -0.9029 -0.1880
vn 0.6235 -0.7643 -0.1647
vn 0.8726 -0.4756 -0.1115
vn 0.9904 -0.1306 -0.0447
vn 0.9912 0.1321 0.0079
vn 0.8728 0.4814 0.0800
vn 0.6251 0.7675 0.1420
vn 0.3898 0.9044 0.1738
vn 0.1865 0.9640 0.1895
vn 0.0035 0.9759 0.2180
vn -0.1824 0.9573 0.2245
vn -0.3866 0.8951 0.2223
vn -0.6230 0.7550 0.2046
vn -0.8710 0.4664 0.1543
vn -0.9893 0.1194 0.0835
vn -0.9897 -0.1408 0.0253
vn -0.8755 -0.4798 -0.0571
vn -0.6315 -0.7636 -0.1345
vn -0.3975 -0.9001 -0.1785
vn -0.1941 -0.9596 -0.2035
vn -0.0077 -0.9760 -0.2178
vn 0.1794 -0.9578 -0.2245
vn 0.3851 -0.8957 -0.2224
vn 0.6238 -0.7544 -0.2045
vn 0.8738 -0.4615 -0.1533
vn 0.9900 -0.1145 -0.0824
vn 0.9889 0.1466 -0.0240
vn 0.8697 0.4900 0.0596
vn 0.6240 0.7694 0.1362
vn 0.3909 0.9028 0.1794
vn 0.1887 0.9606 0.2039
vn 0.0082 0.9716 0.2365
vn -0.1780 0.9516 0.2506
vn -0.3841 0.8872 0.2558
vn -0.6239 0.7422 0.2448
vn -0.8738 0.4444 0.1974
vn -0.9880 0.0927 0.1231
vn -0.9843 -0.1660 0.0595
vn -0.8673 -0.4966 -0.0332
vn -0.6270 -0.7691 -0.1242
vn -0.3978 -0.8998 -0.1794
vn -0.1977 -0.9567 -0.2137
vn -0.0128 -0.9716 -0.2361
vn 0.1744 -0.9523 -0.2504
vn 0.3818 -0.8881 -0.2558
vn 0.6236 -0.7424 -0.2448
vn 0.8756 -0.4411 -0.1968
vn 0.9885 -0.0889 -0.1222
vn 0.9836 0.1707 -0.0583
vn 0.8621 0.5054 0.0358
vn 0.6200 0.7744 0.1261
vn 0.3914 0.9023 0.1806
vn 0.1922 0.9577 0.2144
vn 0.0141 0.9679 0.2510
vn -0.1714 0.9465 0.2735
vn -0.3793 0.8795 0.2874
vn -0.6235 0.7281 0.2849
vn -0.8761 0.4170 0.2418
vn -0.9848 0.0571 0.1642
vn -0.9750 -0.2007 0.0953
vn -0.8534 -0.5212 -0.0070
vn -0.6175 -0.7788 -0.1101
vn -0.3955 -0.9015 -0.1758
vn -0.2006 -0.9548 -0.2193
vn -0.0188 -0.9680 -0.2503
vn 0.1673 -0.9473 -0.2731
vn 0.3761 -0.8809 -0.2874
vn 0.6220 -0.7293 -0.2850
vn 0.8769 -0.4156 -0.2416
vn 0.9850 -0.0545 -0.1635
vn 0.9744 0.2042 -0.0942
vn 0.8490 0.5282 0.0095
vn 0.6115 0.7833 0.1122
vn 0.3895 0.9038 0.1773
vn 0.1952 0.9557 0.2203
vn 0.0196 0.9653 0.2606
vn -0.1636 0.9423 0.2921
vn -0.3722 0.8727 0.3161
vn -0.6207 0.7140 0.3239
vn -0.8768 0.3859 0.2869
vn -0.9784 0.0144 0.2061
vn -0.9609 -0.2433 0.1318
vn -0.8331 -0.5528 0.0206
vn -0.6020 -0.7931 -0.0931
vn -0.3887 -0.9059 -0.1680
vn -0.2011 -0.9545 -0.2201
vn -0.0244 -0.9654 -0.2596
vn 0.1591 -0.9433 -0.2914
vn 0.3681 -0.8745 -0.3158
vn 0.6180 -0.7163 -0.3240
vn 0.8764 -0.3866 -0.2870
vn 0.9785 -0.0130 -0.2057
vn 0.9605 0.2456 -0.1311
vn 0.8297 0.5579 -0.0185
vn 0.5970 0.7966 0.0950
vn 0.3835 0.9078 0.1696
vn 0.1961 0.9553 0.2214
vn 0.0230 0.9640 0.2650
vn -0.1559 0.9393 0.3057
vn -0.3632 0.8672 0.3406
vn -0.6149 0.7012 0.3609
vn -0.8744 0.3536 0.3321
vn -0.9681 -0.0327 0.2484
vn -0.9416 -0.2914 0.1686
vn -0.8063 -0.5895 0.0487
vn -0.5800 -0.8113 -0.0739
vn -0.3763 -0.9131 -0.1567
vn -0.1975 -0.9561 -0.2164
vn -0.0276 -0.9642 -0.2639
vn 0.1511 -0.9404 -0.3047
vn 0.3584 -0.8695 -0.3400
vn 0.6110 -0.7046 -0.3608
vn 0.8730 -0.3566 -0.3326
vn 0.9681 0.0327 -0.2484
vn 0.9414 0.2924 -0.1682
vn 0.8040 0.5927 -0.0472
vn 0.5761 0.8139 0.0756
vn 0.3719 0.9147 0.1583
vn 0.1929 0.9567 0.2178
vn 0.0226 0.9641 0.2646
vn -0.1498 0.9376 0.3139
vn -0.3533 0.8635 0.3599
vn -0.6060 0.6908 0.3944
vn -0.8683 0.3227 0.3767
vn -0.9534 -0.0809 0.2908
vn -0.9172 -0.3415 0.2054
vn -0.7737 -0.6288 0.0771
vn -0.5517 -0.8324 -0.0534
vn -0.3578 -0.9228 -0.1427
vn -0.1886 -0.9596 -0.2088
vn -0.0270 -0.9643 -0.2633
vn 0.1450 -0.9387 -0.3126
vn 0.3480 -0.8660 -0.3589
vn 0.6010 -0.6954 -0.3940
vn 0.8659 -0.3281 -0.3775
vn 0.9533 0.0795 -0.2912
vn 0.9172 0.3413 -0.2054
vn 0.7725 0.6304 -0.0763
vn 0.5489 0.8341 0.0548
vn 0.3543 0.9240 0.1442
vn 0.1846 0.9601 0.2102
vn 0.0174 0.9655 0.2600
vn -0.1471 0.9370 0.3169
vn -0.3442 0.8614 0.3736
vn -0.5947 0.6836 0.4232
vn -0.8581 0.2956 0.4197
vn -0.9343 -0.1269 0.3330
vn -0.8882 -0.3906 0.2420
vn -0.7363 -0.6684 0.1053
vn -0.5179 -0.8548 -0.0322
vn -0.3334 -0.9342 -0.1268
vn -0.1738 -0.9647 -0.1981
vn -0.0213 -0.9658 -0.2585
vn 0.1424 -0.9382 -0.3153
vn 0.3386 -0.8642 -0.3722
vn 0.5888 -0.6891 -0.4224
vn 0.8549 -0.3036 -0.4207
vn 0.9344 0.1241 -0.3338
vn 0.8886 0.3892 -0.2425
vn 0.7362 0.6685 -0.1053
vn 0.5162 0.8558 0.0332
vn 0.3307 0.9350 0.1281
vn 0.1705 0.9650 0.1995
vn 0.0065 0.9677 0.2519
vn -0.1489 0.9373 0.3152
vn -0.3374 0.8605 0.3816
vn -0.5822 0.6796 0.4463
vn -0.8443 0.2747 0.4601
vn -0.9119 -0.1675 0.3747
vn -0.8560 -0.4356 0.2784
vn -0.6956 -0.7059 0.1335
vn -0.4799 -0.8772 -0.0106
vn -0.3037 -0.9464 -0.1098
vn -0.1533 -0.9707 -0.1852
vn -0.0099 -0.9681 -0.2504
vn 0.1445 -0.9385 -0.3135
vn 0.3318 -0.8635 -0.3798
vn 0.5757 -0.6859 -0.4450
vn 0.8405 -0.2849 -0.4610
vn 0.9122 0.1634 -0.3759
vn 0.8569 0.4333 -0.2794
vn 0.6965 0.7049 -0.1342
vn 0.4791 0.8777 0.0111
vn 0.3018 0.9469 0.1108
vn 0.1506 0.9708 0.1865
vn -0.0099 0.9704 0.2414
vn -0.1560 0.9379 0.3099
vn -0.3345 0.8604 0.3844
vn -0.5702 0.6783 0.4634
vn -0.8279 0.2607 0.4966
vn -0.8873 -0.2005 0.4153
vn -0.8221 -0.4745 0.3145
vn -0.6532 -0.7397 0.1616
vn -0.4392 -0.8983 0.0111
vn -0.2700 -0.9584 -0.0921
vn -0.1278 -0.9770 -0.1710
vn 0.0069 -0.9708 -0.2400
vn 0.1520 -0.9391 -0.3081
vn 0.3291 -0.8634 -0.3824
vn 0.5635 -0.6851 -0.4616
vn 0.8236 -0.2728 -0.4972
vn 0.8877 0.1953 -0.4169
vn 0.8234 0.4713 -0.3160
vn 0.6551 0.7378 -0.1631
vn 0.4391 0.8984 -0.0110
vn 0.2687 0.9587 0.0928
vn 0.1256 0.9770 0.1721
vn -0.0274 0.9724 0.2317
vn -0.1641 0.9382 0.3047
vn -0.3316 0.8607 0.3864
vn -0.5560 0.6795 0.4786
vn -0.8073 0.2542 0.5326
vn -0.8601 -0.2259 0.4573
vn -0.7870 -0.5068 0.3519
vn -0.6112 -0.7683 0.1903
vn -0.3990 -0.9164 0.0323
vn -0.2364 -0.9687 -0.0753
vn -0.1018 -0.9822 -0.1577
vn 0.0247 -0.9728 -0.2302
vn 0.1605 -0.9394 -0.3029
vn 0.3270 -0.8634 -0.3842
vn 0.5503 -0.6856 -0.4766
vn 0.8038 -0.2647 -0.5328
vn 0.8606 0.2217 -0.4585
vn 0.7880 0.5043 -0.3531
vn 0.6123 0.7672 -0.1911
vn 0.3984 0.9167 -0.0319
vn 0.2348 0.9690 0.0762
vn 0.0996 0.9823 0.1589
vn -0.0399 0.9734 0.2258
vn -0.1660 0.9382 0.3037
vn -0.3213 0.8616 0.3929
vn -0.5328 0.6833 0.4992
vn -0.7774 0.2522 0.5763
vn -0.8256 -0.2485 0.5066
vn -0.7461 -0.5368 0.3940
vn -0.5665 -0.7941 0.2202
vn -0.3595 -0.9317 0.0523
vn -0.2055 -0.9768 -0.0608
vn -0.0801 -0.9858 -0.1474
vn 0.0370 -0.9739 -0.2239
vn 0.1625 -0.9395 -0.3017
vn 0.3171 -0.8642 -0.3906
vn 0.5280 -0.6885 -0.4971
vn 0.7747 -0.2604 -0.5762
vn 0.8260 0.2458 -0.5073
vn 0.7466 0.5357 -0.3945
vn 0.5661 0.7945 -0.2198
vn 0.3578 0.9324 -0.0510
vn 0.2033 0.9771 0.0624
vn 0.0775 0.9858 0.1491
vn -0.0482 0.9737 0.2225
vn -0.1620 0.9382 0.3057
vn -0.3030 0.8636 0.4031
vn -0.4988 0.6896 0.5250
vn -0.7349 0.2536 0.6290
vn -0.7794 -0.2705 0.5651
vn -0.6947 -0.5675 0.4419
vn -0.5143 -0.8199 0.2515
vn -0.3167 -0.9458 0.0714
vn -0.1745 -0.9835 -0.0482
vn -0.0603 -0.9884 -0.1394
vn 0.0454 -0.9744 -0.2204
vn 0.1587 -0.9396 -0.3033
vn 0.2990 -0.8662 -0.4004
vn 0.4943 -0.6948 -0.5224
vn 0.7323 -0.2618 -0.6286
vn 0.7798 0.2680 -0.5658
vn 0.6951 0.5668 -0.4423
vn 0.5136 0.8206 -0.2507
vn 0.3149 0.9466 -0.0697
vn 0.1722 0.9838 0.0501
vn 0.0578 0.9883 0.1414
vn -0.0551 0.9739 0.2201
vn -0.1550 0.9385 0.3084
vn -0.2796 0.8665 0.4136
vn -0.4561 0.6985 0.5514
vn -0.6790 0.2604 0.6864
vn -0.7202 -0.2897 0.6304
vn -0.6320 -0.5971 0.4940
vn -0.4544 -0.8445 0.2836
vn -0.2701 -0.9586 0.0897
vn -0.1418 -0.9892 -0.0367
vn -0.0406 -0.9903 -0.1326
vn 0.0525 -0.9746 -0.2178
vn 0.1521 -0.9399 -0.3058
vn 0.2760 -0.8690 -0.4107
vn 0.4520 -0.7035 -0.5484
vn 0.6767 -0.2683 -0.6856
vn 0.7205 0.2876 -0.6310
vn 0.6322 0.5967 -0.4943
vn 0.4533 0.8454 -0.2824
vn 0.2681 0.9594 -0.0877
vn 0.1396 0.9894 0.0388
vn 0.0382 0.9901 0.1348
vn -0.0598 0.9740 0.2187
vn -0.1448 0.9391 0.3116
vn -0.2513 0.8702 0.4239
vn -0.4049 0.7096 0.5767
vn -0.6087 0.2727 0.7450
vn -0.6462 -0.3049 0.6996
vn -0.5573 -0.6239 0.5479
vn -0.3877 -0.8664 0.3148
vn -0.2210 -0.9694 0.1064
vn -0.1089 -0.9937 -0.0269
vn -0.0218 -0.9916 -0.1272
vn 0.0576 -0.9746 -0.2163
vn 0.1424 -0.9404 -0.3089
vn 0.2483 -0.8725 -0.4209
vn 0.4015 -0.7141 -0.5735
vn 0.6068 -0.2798 -0.7439
vn 0.6464 0.3032 -0.7001
vn 0.5573 0.6239 -0.5479
vn 0.3864 0.8676 -0.3130
vn 0.2191 0.9701 -0.1040
vn 0.1069 0.9938 0.0292
vn 0.0197 0.9914 0.1295
vn -0.0617 0.9739 0.2182
vn -0.1314 0.9400 0.3149
vn -0.2188 0.8744 0.4331
vn -0.3469 0.7217 0.5990
vn -0.5249 0.2894 0.8005
vn -0.5575 -0.3149 0.7681
vn -0.4718 -0.6462 0.5999
vn -0.3166 -0.8844 0.3430
vn -0.1718 -0.9777 0.1204
vn -0.0775 -0.9968 -0.0191
vn -0.0053 -0.9924 -0.1233
vn 0.0600 -0.9746 -0.2158
vn 0.1295 -0.9411 -0.3122
vn 0.2166 -0.8764 -0.4302
vn 0.3444 -0.7255 -0.5959
vn 0.5235 -0.2952 -0.7992
vn 0.5577 0.3139 -0.7684
vn 0.4716 0.6466 -0.5996
vn 0.3152 0.8858 -0.3408
vn 0.1700 0.9784 -0.1178
vn 0.0758 0.9969 0.0216
vn 0.0036 0.9921 0.1257
vn -0.0604 0.9740 0.2184
vn -0.1150 0.9411 0.3179
vn -0.1834 0.8787 0.4407
vn -0.2849 0.7336 0.6170
vn -0.4310 0.3082 0.8480
vn -0.4570 -0.3194 0.8301
vn -0.3790 -0.6626 0.6460
vn -0.2446 -0.8977 0.3666
vn -0.1250 -0.9834 0.1313
vn -0.0493 -0.9987 -0.0135
vn 0.0079 -0.9926 -0.1209
vn 0.0592 -0.9746 -0.2160
vn 0.1136 -0.9421 -0.3155
vn 0.1819 -0.8804 -0.4380
vn 0.2832 -0.7366 -0.6142
vn 0.4302 -0.3125 -0.8469
vn 0.4570 0.3193 -0.8302
vn 0.3787 0.6635 -0.6452
vn 0.2432 0.8992 -0.3638
vn 0.1235 0.9840 -0.1285
vn 0.0479 0.9987 0.0160
vn -0.0091 0.9923 0.1232
vn -0.0559 0.9742 0.2189
vn -0.0962 0.9424 0.3205
vn -0.1467 0.8827 0.4464
vn -0.2220 0.7440 0.6302
vn -0.3330 0.3266 0.8846
vn -0.3505 -0.3192 0.8805
vn -0.2845 -0.6730 0.6828
vn -0.1758 -0.9062 0.3845
vn -0.0831 -0.9868 0.1390
vn -0.0258 -0.9996 -0.0099
vn 0.0169 -0.9927 -0.1197
vn 0.0550 -0.9747 -0.2167
vn 0.0953 -0.9432 -0.3183
vn 0.1458 -0.8840 -0.4441
vn 0.2211 -0.7463 -0.6279
vn 0.3326 -0.3291 -0.8838
vn 0.3504 0.3198 -0.8803
vn 0.2840 0.6743 -0.6817
vn 0.1746 0.9078 -0.3813
vn 0.0820 0.9873 -0.1361
vn 0.0249 0.9996 0.0124
vn -0.0178 0.9924 0.1219
vn -0.0482 0.9744 0.2195
vn -0.0757 0.9436 0.3223
vn -0.1102 0.8861 0.4503
vn -0.1614 0.7524 0.6387
vn -0.2372 0.3421 0.9092
vn -0.2458 -0.3159 0.9164
vn -0.1945 -0.6779 0.7089
vn -0.1142 -0.9108 0.3966
vn -0.0481 -0.9884 0.1438
vn -0.0080 -0.9999 -0.0080
vn 0.0215 -0.9926 -0.1194
vn 0.0477 -0.9749 -0.2176
vn 0.0752 -0.9442 -0.3205
vn 0.1097 -0.8871 -0.4484
vn 0.1609 -0.7539 -0.6370
vn 0.2371 -0.3430 -0.9089
vn 0.2456 0.3174 -0.9159
vn 0.1941 0.6796 -0.7074
vn 0.1133 0.9125 -0.3931
vn 0.0474 0.9889 -0.1409
vn 0.0075 0.9999 0.0103
vn -0.0220 0.9924 0.1213
vn -0.0377 0.9748 0.2200
vn -0.0543 0.9447 0.3236
vn -0.0748 0.8886 0.4524
vn -0.1052 0.7584 0.6433
vn -0.1491 0.3537 0.9234
vn -0.1499 -0.3113 0.9384
vn -0.1147 -0.6792 0.7249
vn -0.0626 -0.9127 0.4038
vn -0.0210 -0.9890 0.1463
vn 0.0036 -1.0000 -0.0072
vn 0.0216 -0.9926 -0.1195
vn 0.0375 -0.9751 -0.2185
vn 0.0541 -0.9452 -0.3221
vn 0.0746 -0.8894 -0.4511
vn 0.1050 -0.7592 -0.6423
vn 0.1491 -0.3530 -0.9237
vn 0.1497 0.3136 -0.9377
vn 0.1144 0.6812 -0.7231
vn 0.0620 0.9144 -0.4000
vn 0.0206 0.9894 -0.1436
vn -0.0040 0.9999 0.0092
vn -0.0219 0.9924 0.1212
vn -0.0250 0.9751 0.2203
vn -0.0325 0.9455 0.3241
vn -0.0416 0.8903 0.4534
vn -0.0547 0.7621 0.6452
vn -0.0724 0.3611 0.9297
vn -0.0679 -0.3073 0.9492
vn -0.0485 -0.6786 0.7329
vn -0.0222 -0.9131 0.4072
vn -0.0022 -0.9891 0.1473
vn 0.0093 -0.9999 -0.0070
vn 0.0177 -0.9926 -0.1198
vn 0.0249 -0.9754 -0.2191
vn 0.0324 -0.9458 -0.3231
vn 0.0415 -0.8908 -0.4525
vn 0.0547 -0.7623 -0.6449
vn 0.0724 -0.3589 -0.9306
vn 0.0678 0.3102 -0.9482
vn 0.0484 0.6809 -0.7308
vn 0.0220 0.9148 -0.4034
vn 0.0021 0.9895 -0.1448
vn -0.0095 0.9999 0.0089
vn -0.0178 0.9925 0.1212
vn -0.0104 0.9754 0.2204
vn -0.0107 0.9459 0.3242
vn -0.0109 0.8912 0.4535
vn -0.0107 0.7638 0.6454
vn -0.0084 0.3648 0.9310
vn -0.0021 -0.3046 0.9525
vn 0.0026 -0.6775 0.7355
vn 0.0066 -0.9129 0.4082
vn 0.0087 -0.9890 0.1475
vn 0.0096 -0.9999 -0.0072
vn 0.0101 -0.9927 -0.1200
vn 0.0104 -0.9756 -0.2194
vn 0.0107 -0.9462 -0.3235
vn 0.0109 -0.8914 -0.4530
vn 0.0106 -0.7636 -0.6456
vn 0.0083 -0.3613 -0.9324
vn 0.0020 0.3081 -0.9513
vn -0.0026 0.6800 -0.7332
vn -0.0066 0.9145 -0.4045
vn -0.0087 0.9894 -0.1452
vn -0.0096 0.9999 0.0087
vn -0.0101 0.9926 0.1212
vn 0.0060 0.9754 0.2202
vn 0.0116 0.9460 0.3239
vn 0.0185 0.8913 0.4530
vn 0.0292 0.7640 0.6445
vn 0.0462 0.3656 0.9296
vn 0.0510 -0.3034 0.9515
vn 0.0418 -0.6767 0.7351
vn 0.0262 -0.9125 0.4082
vn 0.0131 -0.9890 0.1475
vn 0.0052 -1.0000 -0.0072
vn -0.0007 -0.9928 -0.1200
vn -0.0060 -0.9756 -0.2194
vn -0.0115 -0.9462 -0.3234
vn -0.0185 -0.8914 -0.4529
vn -0.0292 -0.7634 -0.6453
vn -0.0463 -0.3610 -0.9314
vn -0.0509 0.3075 -0.9502
vn -0.0417 0.6794 -0.7326
vn -0.0260 0.9143 -0.4042
vn -0.0130 0.9893 -0.1451
vn -0.0051 0.9999 0.0087
vn 0.0008 0.9926 0.1211
vn 0.0239 0.9752 0.2198
vn 0.0354 0.9456 0.3234
vn 0.0499 0.8905 0.4523
vn 0.0712 0.7624 0.6432
vn 0.1031 0.3629 0.9261
vn 0.1058 -0.3041 0.9467
vn 0.0821 -0.6763 0.7321
vn 0.0460 -0.9121 0.4073
vn 0.0171 -0.9889 0.1475
vn -0.0001 -1.0000 -0.0069
vn -0.0127 -0.9927 -0.1196
vn -0.0238 -0.9755 -0.2188
vn -0.0354 -0.9459 -0.3227
vn -0.0498 -0.8907 -0.4519
vn -0.0713 -0.7620 -0.6437
vn -0.1032 -0.3587 -0.9277
vn -0.1056 0.3083 -0.9454
vn -0.0818 0.6791 -0.7295
vn -0.0456 0.9141 -0.4030
vn -0.0168 0.9893 -0.1448
vn 0.0003 1.0000 0.0086
vn 0.0128 0.9926 0.1209
vn 0.0408 0.9748 0.2192
vn 0.0600 0.9447 0.3225
vn 0.0839 0.8886 0.4509
vn 0.1191 0.7585 0.6406
vn 0.1707 0.3560 0.9188
vn 0.1738 -0.3070 0.9357
vn 0.1345 -0.6760 0.7245
vn 0.0750 -0.9115 0.4044
vn 0.0271 -0.9888 0.1468
vn -0.0014 -1.0000 -0.0067
vn -0.0222 -0.9926 -0.1190
vn -0.0406 -0.9751 -0.2179
vn -0.0598 -0.9451 -0.3214
vn -0.0837 -0.8891 -0.4501
vn -0.1191 -0.7587 -0.6405
vn -0.1709 -0.3532 -0.9198
vn -0.1736 0.3105 -0.9346
vn -0.1341 0.6786 -0.7222
vn -0.0742 0.9134 -0.4003
vn -0.0266 0.9892 -0.1441
vn 0.0017 1.0000 0.0087
vn 0.0225 0.9925 0.1205
vn 0.0552 0.9743 0.2183
vn 0.0838 0.9434 0.3210
vn 0.1193 0.8858 0.4485
vn 0.1718 0.7524 0.6359
vn 0.2485 0.3445 0.9053
vn 0.2547 -0.3117 0.9154
vn 0.1998 -0.6752 0.7101
vn 0.1149 -0.9100 0.3983
vn 0.0453 -0.9884 0.1450
vn 0.0033 -1.0000 -0.0070
vn -0.0275 -0.9926 -0.1185
vn -0.0548 -0.9747 -0.2167
vn -0.0834 -0.9439 -0.3195
vn -0.1190 -0.8865 -0.4472
vn -0.1716 -0.7532 -0.6351
vn -0.2485 -0.3434 -0.9057
vn -0.2544 0.3142 -0.9146
vn -0.1993 0.6774 -0.7081
vn -0.1138 0.9119 -0.3944
vn -0.0445 0.9888 -0.1422
vn -0.0027 1.0000 0.0091
vn 0.0280 0.9924 0.1202
vn 0.0664 0.9738 0.2173
vn 0.1060 0.9418 0.3189
vn 0.1555 0.8820 0.4448
vn 0.2285 0.7437 0.6283
vn 0.3339 0.3283 0.8836
vn 0.3452 -0.3173 0.8833
vn 0.2759 -0.6725 0.6867
vn 0.1650 -0.9069 0.3877
vn 0.0716 -0.9874 0.1411
vn 0.0144 -0.9999 -0.0083
vn -0.0280 -0.9926 -0.1183
vn -0.0657 -0.9743 -0.2155
vn -0.1053 -0.9425 -0.3171
vn -0.1547 -0.8831 -0.4430
vn -0.2278 -0.7452 -0.6267
vn -0.3338 -0.3291 -0.8834
vn -0.3450 0.3188 -0.8828
vn -0.2753 0.6743 -0.6852
vn -0.1637 0.9086 -0.3842
vn -0.0706 0.9879 -0.1383
vn -0.0136 0.9999 0.0105
vn 0.0287 0.9923 0.1203
vn 0.0738 0.9735 0.2164
vn 0.1260 0.9402 0.3163
vn 0.1913 0.8776 0.4396
vn 0.2873 0.7327 0.6170
vn 0.4232 0.3083 0.8520
vn 0.4400 -0.3219 0.8383
vn 0.3586 -0.6666 0.6535
vn 0.2237 -0.9010 0.3717
vn 0.1058 -0.9852 0.1346
vn 0.0321 -0.9994 -0.0110
vn -0.0233 -0.9926 -0.1189
vn -0.0727 -0.9740 -0.2144
vn -0.1249 -0.9411 -0.3142
vn -0.1901 -0.8790 -0.4373
vn -0.2860 -0.7351 -0.6147
vn -0.4227 -0.3110 -0.8512
vn -0.4399 0.3223 -0.8382
vn -0.3582 0.6678 -0.6525
vn -0.2222 0.9026 -0.3687
vn -0.1045 0.9857 -0.1319
vn -0.0309 0.9994 0.0133
vn 0.0243 0.9924 0.1210
vn 0.0770 0.9734 0.2160
vn 0.1430 0.9388 0.3134
vn 0.2255 0.8728 0.4329
vn 0.3459 0.7201 0.6015
vn 0.5112 0.2865 0.8103
vn 0.5329 -0.3236 0.7818
vn 0.4431 -0.6560 0.6110
vn 0.2879 -0.8914 0.3500
vn 0.1466 -0.9813 0.1249
vn 0.0557 -0.9983 -0.0157
vn -0.0133 -0.9926 -0.1206
vn -0.0755 -0.9740 -0.2137
vn -0.1414 -0.9398 -0.3110
vn -0.2237 -0.8746 -0.4302
vn -0.3439 -0.7234 -0.5987
vn -0.5102 -0.2914 -0.8092
vn -0.5330 0.3230 -0.7821
vn -0.4428 0.6566 -0.6105
vn -0.2864 0.8928 -0.3476
vn -0.1450 0.9818 -0.1224
vn -0.0542 0.9984 0.0180
vn 0.0148 0.9923 0.1228
vn 0.0760 0.9734 0.2163
vn 0.1564 0.9377 0.3104
vn 0.2569 0.8681 0.4248
vn 0.4018 0.7069 0.5821
vn 0.5927 0.2658 0.7603
vn 0.6183 -0.3206 0.7176
vn 0.5241 -0.6402 0.5617
vn 0.3542 -0.8775 0.3232
vn 0.1919 -0.9750 0.1119
vn 0.0843 -0.9962 -0.0226
vn 0.0014 -0.9923 -0.1239
vn -0.0740 -0.9740 -0.2140
vn -0.1542 -0.9389 -0.3079
vn -0.2543 -0.8702 -0.4219
vn -0.3988 -0.7111 -0.5790
vn -0.5911 -0.2724 -0.7592
vn -0.6185 0.3190 -0.7181
vn -0.5241 0.6402 -0.5617
vn -0.3529 0.8786 -0.3216
vn -0.1902 0.9756 -0.1097
vn -0.0825 0.9963 0.0249
vn 0.0005 0.9920 0.1261
vn 0.0710 0.9734 0.2177
vn 0.1658 0.9369 0.3077
vn 0.2841 0.8639 0.4159
vn 0.4521 0.6945 0.5596
vn 0.6635 0.2487 0.7056
vn 0.6925 -0.3120 0.6505
vn 0.5978 -0.6193 0.5090
vn 0.4190 -0.8595 0.2928
vn 0.2394 -0.9662 0.0960
vn 0.1164 -0.9927 -0.0320
vn 0.0198 -0.9914 -0.1290
vn -0.0686 -0.9741 -0.2154
vn -0.1631 -0.9382 -0.3052
vn -0.2808 -0.8664 -0.4129
vn -0.4483 -0.6995 -0.5565
vn -0.6614 -0.2568 -0.7047
vn -0.6928 0.3097 -0.6512
vn -0.5981 0.6187 -0.5094
vn -0.4181 0.8603 -0.2918
vn -0.2376 0.9668 -0.0941
vn -0.1144 0.9929 0.0340
vn -0.0177 0.9912 0.1311
vn 0.0627 0.9734 0.2204
vn 0.1713 0.9365 0.3058
vn 0.3064 0.8606 0.4068
vn 0.4951 0.6841 0.5356
vn 0.7218 0.2373 0.6501
vn 0.7541 -0.2980 0.5853
vn 0.6622 -0.5941 0.4567
vn 0.4796 -0.8379 0.2607
vn 0.2867 -0.9549 0.0777
vn 0.1500 -0.9877 -0.0434
vn 0.0409 -0.9899 -0.1359
vn -0.0600 -0.9740 -0.2183
vn -0.1682 -0.9379 -0.3034
vn -0.3025 -0.8633 -0.4039
vn -0.4905 -0.6897 -0.5327
vn -0.7193 -0.2464 -0.6496
vn -0.7546 0.2951 -0.5862
vn -0.6627 0.5930 -0.4573
vn -0.4791 0.8383 -0.2602
vn -0.2851 0.9555 -0.0762
vn -0.1479 0.9880 0.0452
vn -0.0385 0.9897 0.1378
vn 0.0520 0.9731 0.2246
vn 0.1733 0.9365 0.3049
vn 0.3235 0.8584 0.3982
vn 0.5297 0.6765 0.5117
vn 0.7674 0.2323 0.5976
vn 0.8037 -0.2793 0.5254
vn 0.7166 -0.5660 0.4076
vn 0.5344 -0.8138 0.2286
vn 0.3319 -0.9415 0.0581
vn 0.1835 -0.9814 -0.0565
vn 0.0631 -0.9875 -0.1444
vn -0.0491 -0.9737 -0.2226
vn -0.1698 -0.9378 -0.3027
vn -0.3192 -0.8612 -0.3956
vn -0.5246 -0.6823 -0.5092
vn -0.7646 -0.2419 -0.5974
vn -0.8042 0.2760 -0.5264
vn -0.7173 0.5645 -0.4083
vn -0.5343 0.8138 -0.2285
vn -0.3304 0.9421 -0.0570
vn -0.1815 0.9817 0.0580
vn -0.0607 0.9874 0.1461
vn 0.0399 0.9724 0.2300
vn 0.1725 0.9365 0.3053
vn 0.3358 0.8571 0.3907
vn 0.5562 0.6717 0.4894
vn 0.8016 0.2333 0.5504
vn 0.8428 -0.2572 0.4728
vn 0.7619 -0.5362 0.3633
vn 0.5826 -0.7883 0.1981
vn 0.3735 -0.9268 0.0381
vn 0.2156 -0.9739 -0.0706
vn 0.0853 -0.9843 -0.1542
vn -0.0370 -0.9729 -0.2283
vn -0.1689 -0.9378 -0.3033
vn -0.3313 -0.8598 -0.3885
vn -0.5509 -0.6775 -0.4873
vn -0.7987 -0.2429 -0.5506
vn -0.8433 0.2537 -0.4738
vn -0.7627 0.5344 -0.3642
vn -0.5830 0.7879 -0.1983
vn -0.3724 0.9273 -0.0373
vn -0.2137 0.9743 0.0718
vn -0.0830 0.9843 0.1557
vn 0.0331 0.9719 0.2332
vn 0.1745 0.9367 0.3035
vn 0.3477 0.8566 0.3813
vn 0.5771 0.6702 0.4667
vn 0.8262 0.2410 0.5092
vn 0.8723 -0.2334 0.4297
vn 0.7970 -0.5076 0.3275
vn 0.6208 -0.7645 0.1735
vn 0.4059 -0.9137 0.0219
vn 0.2393 -0.9675 -0.0819
vn 0.1005 -0.9817 -0.1617
vn -0.0306 -0.9723 -0.2319
vn -0.1718 -0.9377 -0.3022
vn -0.3446 -0.8584 -0.3800
vn -0.5741 -0.6734 -0.4657
vn -0.8250 -0.2448 -0.5094
vn -0.8724 0.2327 -0.4299
vn -0.7969 0.5077 -0.3274
vn -0.6196 0.7657 -0.1725
vn -0.4039 0.9146 -0.0206
vn -0.2372 0.9679 0.0832
vn -0.0982 0.9817 0.1630
vn 0.0371 0.9723 0.2307
vn 0.1856 0.9370 0.2958
vn 0.3654 0.8558 0.3662
vn 0.5992 0.6689 0.4400
vn 0.8468 0.2495 0.4697
vn 0.8950 -0.2118 0.3925
vn 0.8232 -0.4834 0.2979
vn 0.6479 -0.7459 0.1546
vn 0.4259 -0.9047 0.0110
vn 0.2509 -0.9640 -0.0878
vn 0.1040 -0.9810 -0.1635
vn -0.0346 -0.9727 -0.2296
vn -0.1832 -0.9378 -0.2948
vn -0.3633 -0.8570 -0.3655
vn -0.5979 -0.6702 -0.4397
vn -0.8471 -0.2488 -0.4697
vn -0.8948 0.2135 -0.3920
vn -0.8223 0.4854 -0.2970
vn -0.6449 0.7489 -0.1524
vn -0.4227 0.9062 -0.0091
vn -0.2479 0.9646 0.0893
vn -0.1014 0.9811 0.1648
vn 0.0446 0.9731 0.2259
vn 0.2001 0.9373 0.2853
vn 0.3861 0.8544 0.3479
vn 0.6229 0.6662 0.4100
vn 0.8670 0.2552 0.4280
vn 0.9153 -0.1925 0.3537
vn 0.8462 -0.4613 0.2668
vn 0.6709 -0.7292 0.1344
vn 0.4422 -0.8969 0.0002
vn 0.2588 -0.9615 -0.0926
vn 0.1041 -0.9810 -0.1634
vn -0.0417 -0.9735 -0.2247
vn -0.1971 -0.9383 -0.2842
vn -0.3833 -0.8560 -0.3470
vn -0.6209 -0.6683 -0.4096
vn -0.8668 -0.2558 -0.4280
vn -0.9152 0.1936 -0.3535
vn -0.8455 0.4629 -0.2662
vn -0.6681 0.7321 -0.1326
vn -0.4389 0.8985 0.0016
vn -0.2555 0.9622 0.0942
vn -0.1011 0.9811 0.1648
vn 0.0493 0.9737 0.2225
vn 0.2118 0.9377 0.2756
vn 0.4043 0.8532 0.3296
vn 0.6444 0.6639 0.3794
vn 0.8854 0.2607 0.3847
vn 0.9342 -0.1732 0.3119
vn 0.8684 -0.4384 0.2318
vn 0.6948 -0.7107 0.1100
vn 0.4608 -0.8874 -0.0143
vn 0.2696 -0.9577 -0.1003
vn 0.1072 -0.9804 -0.1656
vn -0.0459 -0.9741 -0.2213
vn -0.2083 -0.9388 -0.2745
vn -0.4008 -0.8552 -0.3287
vn -0.6416 -0.6669 -0.3790
vn -0.8847 -0.2629 -0.3849
vn -0.9342 0.1736 -0.3118
vn -0.8679 0.4395 -0.2314
vn -0.6924 0.7133 -0.1085
vn -0.4575 0.8891 0.0159
vn -0.2661 0.9586 0.1018
vn -0.1038 0.9805 0.1669
vn 0.0510 0.9739 0.2211
vn 0.2205 0.9381 0.2672
vn 0.4191 0.8526 0.3121
vn 0.6626 0.6626 0.3492
vn 0.9011 0.2672 0.3414
vn 0.9509 -0.1538 0.2686
vn 0.8889 -0.4150 0.1940
vn 0.7182 -0.6910 0.0819
vn 0.4807 -0.8763 -0.0323
vn 0.2825 -0.9528 -0.1112
vn 0.1129 -0.9789 -0.1703
vn -0.0472 -0.9744 -0.2200
vn -0.2164 -0.9393 -0.2662
vn -0.4149 -0.8549 -0.3113
vn -0.6589 -0.6664 -0.3488
vn -0.8999 -0.2709 -0.3418
vn -0.9509 0.1533 -0.2687
vn -0.8887 0.4155 -0.1938
vn -0.7164 0.6930 -0.0809
vn -0.4776 0.8780 0.0336
vn -0.2790 0.9537 0.1124
vn -0.1093 0.9791 0.1715
vn 0.0500 0.9737 0.2223
vn 0.2258 0.9385 0.2610
vn 0.4301 0.8527 0.2965
vn 0.6765 0.6630 0.3207
vn 0.9133 0.2754 0.2999
vn 0.9650 -0.1336 0.2257
vn 0.9072 -0.3911 0.1552
vn 0.7403 -0.6703 0.0513
vn 0.5006 -0.8640 -0.0535
vn 0.2966 -0.9468 -0.1251
vn 0.1205 -0.9766 -0.1779
vn -0.0460 -0.9741 -0.2213
vn -0.2213 -0.9399 -0.2602
vn -0.4253 -0.8553 -0.2958
vn -0.6721 -0.6675 -0.3205
vn -0.9116 -0.2805 -0.3006
vn -0.9651 0.1323 -0.2260
vn -0.9072 0.3909 -0.1552
vn -0.7391 0.6716 -0.0507
vn -0.4979 0.8655 0.0546
vn -0.2932 0.9477 0.1262
vn -0.1168 0.9769 0.1790
vn 0.0470 0.9730 0.2261
vn 0.2282 0.9389 0.2575
vn 0.4372 0.8535 0.2835
vn 0.6858 0.6652 0.2952
vn 0.9218 0.2859 0.2618
vn 0.9763 -0.1124 0.1851
vn 0.9229 -0.3667 0.1172
vn 0.7605 -0.6490 0.0195
vn 0.5197 -0.8509 -0.0771
vn 0.3108 -0.9398 -0.1418
vn 0.1292 -0.9736 -0.1884
vn -0.0429 -0.9733 -0.2253
vn -0.2236 -0.9402 -0.2568
vn -0.4321 -0.8563 -0.2831
vn -0.6809 -0.6702 -0.2953
vn -0.9196 -0.2922 -0.2627
vn -0.9764 0.1103 -0.1856
vn -0.9233 0.3658 -0.1174
vn -0.7601 0.6495 -0.0193
vn -0.5175 0.8521 0.0778
vn -0.3077 0.9407 0.1426
vn -0.1255 0.9739 0.1892
vn 0.0428 0.9716 0.2327
vn 0.2284 0.9390 0.2571
vn 0.4410 0.8547 0.2740
vn 0.6910 0.6690 0.2738
vn 0.9266 0.2987 0.2284
vn 0.9849 -0.0898 0.1482
vn 0.9363 -0.3416 0.0815
vn 0.7786 -0.6273 -0.0118
vn 0.5373 -0.8372 -0.1020
vn 0.3243 -0.9322 -0.1606
vn 0.1379 -0.9698 -0.2013
vn -0.0388 -0.9719 -0.2321
vn -0.2238 -0.9403 -0.2566
vn -0.4357 -0.8575 -0.2737
vn -0.6858 -0.6742 -0.2741
vn -0.9240 -0.3057 -0.2296
vn -0.9850 0.0871 -0.1489
vn -0.9368 0.3400 -0.0820
vn -0.7789 0.6270 0.0117
vn -0.5359 0.8381 0.1024
vn -0.3217 0.9330 0.1612
vn -0.1346 0.9701 0.2019
vn 0.0382 0.9696 0.2418
vn 0.2273 0.9386 0.2596
vn 0.4424 0.8558 0.2681
vn 0.6929 0.6737 0.2571
vn 0.9283 0.3130 0.2006
vn 0.9910 -0.0664 0.1163
vn 0.9475 -0.3160 0.0496
vn 0.7948 -0.6055 -0.0416
vn 0.5533 -0.8232 -0.1270
vn 0.3367 -0.9241 -0.1806
vn 0.1461 -0.9654 -0.2162
vn -0.0345 -0.9698 -0.2414
vn -0.2229 -0.9397 -0.2593
vn -0.4372 -0.8585 -0.2681
vn -0.6876 -0.6788 -0.2577
vn -0.9255 -0.3205 -0.2020
vn -0.9911 0.0632 -0.1171
vn -0.9481 0.3139 -0.0501
vn -0.7957 0.6043 0.0412
vn -0.5526 0.8237 0.1272
vn -0.3347 0.9248 0.1810
vn -0.1432 0.9657 0.2166
vn 0.0339 0.9669 0.2530
vn 0.2258 0.9375 0.2648
vn 0.4424 0.8565 0.2659
vn 0.6926 0.6783 0.2453
vn 0.9277 0.3277 0.1786
vn 0.9950 -0.0428 0.0898
vn 0.9566 -0.2905 0.0220
vn 0.8091 -0.5837 -0.0686
vn 0.5677 -0.8092 -0.1513
vn 0.3477 -0.9158 -0.2011
vn 0.1533 -0.9605 -0.2323
vn -0.0307 -0.9671 -0.2527
vn -0.2218 -0.9385 -0.2647
vn -0.4376 -0.8589 -0.2660
vn -0.6874 -0.6833 -0.2461
vn -0.9247 -0.3352 -0.1803
vn -0.9951 0.0394 -0.0907
vn -0.9574 0.2880 -0.0227
vn -0.8105 0.5817 0.0680
vn -0.5676 0.8093 0.1513
vn -0.3463 0.9162 0.2013
vn -0.1510 0.9608 0.2326
vn 0.0303 0.9636 0.2655
vn 0.2246 0.9356 0.2724
vn 0.4422 0.8563 0.2669
vn 0.6914 0.6822 0.2379
vn 0.9257 0.3415 0.1624
vn 0.9974 -0.0203 0.0688
vn 0.9640 -0.2658 -0.0007
vn 0.8218 -0.5623 -0.0923
vn 0.5807 -0.7953 -0.1740
vn 0.3575 -0.9073 -0.2212
vn 0.1595 -0.9553 -0.2491
vn -0.0277 -0.9637 -0.2654
vn -0.2211 -0.9364 -0.2724
vn -0.4378 -0.8584 -0.2672
vn -0.6866 -0.6867 -0.2388
vn -0.9227 -0.3488 -0.1641
vn -0.9974 0.0168 -0.0698
vn -0.9648 0.2630 -0.0001
vn -0.8236 0.5597 0.0915
vn -0.5812 0.7950 0.1739
vn -0.3567 0.9076 0.2214
vn -0.1577 0.9555 0.2493
vn 0.0277 0.9599 0.2790
vn 0.2241 0.9330 0.2817
vn 0.4425 0.8550 0.2707
vn 0.6903 0.6845 0.2345
vn 0.9232 0.3532 0.1511
vn 0.9986 0.0001 0.0530
vn 0.9699 -0.2428 -0.0187
vn 0.8330 -0.5418 -0.1125
vn 0.5925 -0.7817 -0.1946
vn 0.3663 -0.8989 -0.2405
vn 0.1647 -0.9498 -0.2659
vn -0.0256 -0.9600 -0.2789
vn -0.2211 -0.9337 -0.2817
vn -0.4386 -0.8569 -0.2710
vn -0.6859 -0.6886 -0.2355
vn -0.9203 -0.3600 -0.1529
vn -0.9985 -0.0036 -0.0540
vn -0.9706 0.2399 0.0179
vn -0.8351 0.5387 0.1115
vn -0.5935 0.7810 0.1944
vn -0.3660 0.8990 0.2405
vn -0.1635 0.9500 0.2660
vn 0.0265 0.9579 0.2860
vn 0.2240 0.9315 0.2867
vn 0.4427 0.8540 0.2732
vn 0.6898 0.6852 0.2337
vn 0.9219 0.3585 0.1467
vn 0.9989 0.0096 0.0463
vn 0.9724 -0.2318 -0.0266
vn 0.8382 -0.5317 -0.1216
vn 0.5980 -0.7750 -0.2044
vn 0.3704 -0.8946 -0.2499
vn 0.1671 -0.9470 -0.2743
vn -0.0247 -0.9579 -0.2859
vn -0.2214 -0.9321 -0.2868
vn -0.4392 -0.8557 -0.2735
vn -0.6858 -0.6890 -0.2347
vn -0.9191 -0.3649 -0.1485
vn -0.9988 -0.0130 -0.0473
vn -0.9731 0.2290 0.0258
vn -0.8403 0.5285 0.1206
vn -0.5993 0.7741 0.2041
vn -0.3704 0.8946 0.2499
vn -0.1661 0.9472 0.2744
vt 0.000000 1.000000
vt 0.020833 1.000000
vt 0.020833 0.954545
vt 0.000000 0.954545
vt 0.000000 0.045455
vt 0.020833 0.045455
vt 0.020833 0.000000
vt 0.000000 0.000000
vt 0.000000 0.090909
vt 0.020833 0.090909
vt 0.000000 0.136364
vt 0.020833 0.136364
vt 0.000000 0.181818
vt 0.020833 0.181818
vt 0.000000 0.227273
vt 0.020833 0.227273
vt 0.000000 0.272727
vt 0.020833 0.272727
vt 0.000000 0.318182
vt 0.020833 0.318182
vt 0.000000 0.363636
vt 0.020833 0.363636
vt 0.000000 0.409091
vt 0.020833 0.409091
vt 0.000000 0.454545
vt 0.020833 0.454545
vt 0.000000 0.500000
vt 0.020833 0.500000
vt 0.000000 0.545455
vt 0.020833 0.545455
vt 0.000000 0.590909
vt 0.020833 0.590909
vt 0.000000 0.636364
vt 0.020833 0.636364
vt 0.000000 0.681818
vt 0.020833 0.681818
vt 0.000000 0.727273
vt 0.020833 0.727273
vt 0.000000 0.772727
vt 0.020833 0.772727
vt 0.000000 0.818182
vt 0.020833 0.818182
vt 0.000000 0.863636
vt 0.020833 0.863636
vt 0.000000 0.909091
vt 0.020833 0.909091
vt 0.041667 1.000000
vt 0.041667 0.954545
vt 0.041667 0.045455
vt 0.041667 0.000000
vt 0.041667 0.090909
vt 0.041667 0.136364
vt 0.041667 0.181818
vt 0.041667 0.227273
vt 0.041667 0.272727
vt 0.041667 0.318182
vt 0.041667 0.363636
vt 0.041667 0.409091
vt 0.041667 0.454545
vt 0.041667 0.500000
vt 0.041667 0.545455
vt 0.041667 0.590909
vt 0.041667 0.636364
vt 0.041667 0.681818
vt 0.041667 0.727273
vt 0.041667 0.772727
vt 0.041667 0.818182
vt 0.041667 0.863636
vt 0.041667 0.909091
vt 0.062500 1.000000
vt 0.062500 0.954545
vt 0.062500 0.045455
vt 0.062500 0.000000
vt 0.062500 0.090909
vt 0.062500 0.136364
vt 0.062500 0.181818
vt 0.062500 0.227273
vt 0.062500 0.272727
vt 0.062500 0.318182
vt 0.062500 0.363636
vt 0.062500 0.409091
vt 0.062500 0.454545
vt 0.062500 0.500000
vt 0.062500 0.545455
vt 0.062500 0.590909
vt 0.062500 0.636364
vt 0.062500 0.681818
vt 0.062500 0.727273
vt 0.062500 0.772727
vt 0.062500 0.818182
vt 0.062500 0.863636
vt 0.062500 0.909091
vt 0.083333 1.000000
vt 0.083333 0.954545
vt 0.083333 0.045455
vt 0.083333 0.000000
vt 0.083333 0.090909
vt 0.083333 0.136364
vt 0.083333 0.181818
vt 0.083333 0.227273
vt 0.083333 0.272727
vt 0.083333 0.318182
vt 0.083333 0.363636
vt 0.083333 0.409091
vt 0.083333 0.454545
vt 0.083333 0.500000
vt 0.083333 0.545455
vt 0.083333 0.590909
vt 0.083333 0.636364
vt 0.083333 0.681818
vt 0.083333 0.727273
vt 0.083333 0.772727
vt 0.083333 0.818182
vt 0.083333 0.863636
vt 0.083333 0.909091
vt 0.104167 1.000000
vt 0.104167 0.954545
vt 0.104167 0.045455
vt 0.104167 0.000000
vt 0.104167 0.090909
vt 0.104167 0.136364
vt 0.104167 0.181818
vt 0.104167 0.227273
vt 0.104167 0.272727
vt 0.104167 0.318182
vt 0.104167 0.363636
vt 0.104167 0.409091
vt 0.104167 0.454545
vt 0.104167 0.500000
vt 0.104167 0.545455
vt 0.104167 0.590909
vt 0.104167 0.636364
vt 0.104167 0.681818
vt 0.104167 0.727273
vt 0.104167 0.772727
vt 0.104167 0.818182
vt 0.104167 0.863636
vt 0.104167 0.909091
vt 0.125000 1.000000
vt 0.125000 0.954545
vt 0.125000 0.045455
vt 0.125000 0.000000
vt 0.125000 0.090909
vt 0.125000 0.136364
vt 0.125000 0.181818
vt 0.125000 0.227273
vt 0.125000 0.272727
vt 0.125000 0.318182
vt 0.125000 0.363636
vt 0.125000 0.409091
vt 0.125000 0.454545
vt 0.125000 0.500000
vt 0.125000 0.545455
vt 0.125000 0.590909
vt 0.125000 0.636364
vt 0.125000 0.681818
vt 0.125000 0.727273
vt 0.125000 0.772727
vt 0.125000 0.818182
vt 0.125000 0.863636
vt 0.125000 0.909091
vt 0.145833 1.000000
vt 0.145833 0.954545
vt 0.145833 0.045455
vt 0.145833 0.000000
vt 0.145833 0.090909
vt 0.145833 0.136364
vt 0.145833 0.181818
vt 0.145833 0.227273
vt 0.145833 0.272727
vt 0.145833 0.318182
vt 0.145833 0.363636
vt 0.145833 0.409091
vt 0.145833 0.454545
vt 0.145833 0.500000
vt 0.145833 0.545455
vt 0.145833 0.590909
vt 0.145833 0.636364
vt 0.145833 0.681818
vt 0.145833 0.727273
vt 0.145833 0.772727
vt 0.145833 0.818182
vt 0.145833 0.863636
vt 0.145833 0.909091
vt 0.166667 1.000000
vt 0.166667 0.954545
vt 0.166667 0.045455
vt 0.166667 0.000000
vt 0.166667 0.090909
vt 0.166667 0.136364
vt 0.166667 0.181818
vt 0.166667 0.227273
vt 0.166667 0.272727
vt 0.166667 0.318182
vt 0.166667 0.363636
vt 0.166667 0.409091
vt 0.166667 0.454545
vt 0.166667 0.500000
vt 0.166667 0.545455
vt 0.166667 0.590909
vt 0.166667 0.636364
vt 0.166667 0.681818
vt 0.166667 0.727273
vt 0.166667 0.772727
vt 0.166667 0.818182
vt 0.166667 0.863636
vt 0.166667 0.909091
vt 0.187500 1.000000
vt 0.187500 0.954545
vt 0.187500 0.045455
vt 0.187500 0.000000
vt 0.187500 0.090909
vt 0.187500 0.136364
vt 0.187500 0.181818
vt 0.187500 0.227273
vt 0.187500 0.272727
vt 0.187500 0.318182
vt 0.187500 0.363636
vt 0.187500 0.409091
vt 0.187500 0.454545
vt 0.187500 0.500000
vt 0.187500 0.545455
vt 0.187500 0.590909
vt 0.187500 0.636364
vt 0.187500 0.681818
vt 0.187500 0.727273
vt 0.187500 0.772727
vt 0.187500 0.818182
vt 0.187500 0.863636
vt 0.187500 0.909091
vt 0.208333 1.000000
vt 0.208333 0.954545
vt 0.208333 0.045455
vt 0.208333 0.000000
vt 0.208333 0.090909
vt 0.208333 0.136364
vt 0.208333 0.181818
vt 0.208333 0.227273
vt 0.208333 0.272727
vt 0.208333 0.318182
vt 0.208333 0.363636
vt 0.208333 0.409091
vt 0.208333 0.454545
vt 0.208333 0.500000
vt 0.208333 0.545455
vt 0.208333 0.590909
vt 0.208333 0.636364
vt 0.208333 0.681818
vt 0.208333 0.727273
vt 0.208333 0.772727
vt 0.208333 0.818182
vt 0.208333 0.863636
vt 0.208333 0.909091
vt 0.229167 1.000000
vt 0.229167 0.954545
vt 0.229167 0.045455
vt 0.229167 0.000000
vt 0.229167 0.090909
vt 0.229167 0.136364
vt 0.229167 0.181818
vt 0.229167 0.227273
vt 0.229167 0.272727
vt 0.229167 0.318182
vt 0.229167 0.363636
vt 0.229167 0.409091
vt 0.229167 0.454545
vt 0.229167 0.500000
vt 0.229167 0.545455
vt 0.229167 0.590909
vt 0.229167 0.636364
vt 0.229167 0.681818
vt 0.229167 0.727273
vt 0.229167 0.772727
vt 0.229167 0.818182
vt 0.229167 0.863636
vt 0.229167 0.909091
vt 0.250000 1.000000
vt 0.250000 0.954545
vt 0.250000 0.045455
vt 0.250000 0.000000
vt 0.250000 0.090909
vt 0.250000 0.136364
vt 0.250000 0.181818
vt 0.250000 0.227273
vt 0.250000 0.272727
vt 0.250000 0.318182
vt 0.250000 0.363636
vt 0.250000 0.409091
vt 0.250000 0.454545
vt 0.250000 0.500000
vt 0.250000 0.545455
vt 0.250000 0.590909
vt 0.250000 0.636364
vt 0.250000 0.681818
vt 0.250000 0.727273
vt 0.250000 0.772727
vt 0.250000 0.818182
vt 0.250000 0.863636
vt 0.250000 0.909091
vt 0.270833 1.000000
vt 0.270833 0.954545
vt 0.270833 0.045455
vt 0.270833 0.000000
vt 0.270833 0.090909
vt 0.270833 0.136364
vt 0.270833 0.181818
vt 0.270833 0.227273
vt 0.270833 0.272727
vt 0.270833 0.318182
vt 0.270833 0.363636
vt 0.270833 0.409091
vt 0.270833 0.454545
vt 0.270833 0.500000
vt 0.270833 0.545455
vt 0.270833 0.590909
vt 0.270833 0.636364
vt 0.270833 0.681818
vt 0.270833 0.727273
vt 0.270833 0.772727
vt 0.270833 0.818182
vt 0.270833 0.863636
vt 0.270833 0.909091
vt 0.291667 1.000000
vt 0.291667 0.954545
vt 0.291667 0.045455
vt 0.291667 0.000000
vt 0.291667 0.090909
vt 0.291667 0.136364
vt 0.291667 0.181818
vt 0.291667 0.227273
vt 0.291667 0.272727
vt 0.291667 0.318182
vt 0.291667 0.363636
vt 0.291667 0.409091
vt 0.291667 0.454545
vt 0.291667 0.500000
vt 0.291667 0.545455
vt 0.291667 0.590909
vt 0.291667 0.636364
vt 0.291667 0.681818
vt 0.291667 0.727273
vt 0.291667 0.772727
vt 0.291667 0.818182
vt 0.291667 0.863636
vt 0.291667 0.909091
vt 0.312500 1.000000
vt 0.312500 0.954545
vt 0.312500 0.045455
vt 0.312500 0.000000
vt 0.312500 0.090909
vt 0.312500 0.136364
vt 0.312500 0.181818
vt 0.312500 0.227273
vt 0.312500 0.272727
vt 0.312500 0.318182
vt 0.312500 0.363636
vt 0.312500 0.409091
vt 0.312500 0.454545
vt 0.312500 0.500000
vt 0.312500 0.545455
vt 0.312500 0.590909
vt 0.312500 0.636364
vt 0.312500 0.681818
vt 0.312500 0.727273
vt 0.312500 0.772727
vt 0.312500 0.818182
vt 0.312500 0.863636
vt 0.312500 0.909091
vt 0.333333 1.000000
vt 0.333333 0.954545
vt 0.333333 0.045455
vt 0.333333 0.000000
vt 0.333333 0.090909
vt 0.333333 0.136364
vt 0.333333 0.181818
vt 0.333333 0.227273
vt 0.333333 0.272727
vt 0.333333 0.318182
vt 0.333333 0.363636
vt 0.333333 0.409091
vt 0.333333 0.454545
vt 0.333333 0.500000
vt 0.333333 0.545455
vt 0.333333 0.590909
vt 0.333333 0.636364
vt 0.333333 0.681818
vt 0.333333 0.727273
vt 0.333333 0.772727
vt 0.333333 0.818182
vt 0.333333 0.863636
vt 0.333333 0.909091
vt 0.354167 1.000000
vt 0.354167 0.954545
vt 0.354167 0.045455
vt 0.354167 0.000000
vt 0.354167 0.090909
vt 0.354167 0.136364
vt 0.354167 0.181818
vt 0.354167 0.227273
vt 0.354167 0.272727
vt 0.354167 0.318182
vt 0.354167 0.363636
vt 0.354167 0.409091
vt 0.354167 0.454545
vt 0.354167 0.500000
vt 0.354167 0.545455
vt 0.354167 0.590909
vt 0.354167 0.636364
vt 0.354167 0.681818
vt 0.354167 0.727273
vt 0.354167 0.772727
vt 0.354167 0.818182
vt 0.354167 0.863636
vt 0.354167 0.909091
vt 0.375000 1.000000
vt 0.375000 0.954545
vt 0.375000 0.045455
vt 0.375000 0.000000
vt 0.375000 0.090909
vt 0.375000 0.136364
vt 0.375000 0.181818
vt 0.375000 0.227273
vt 0.375000 0.272727
vt 0.375000 0.318182
vt 0.375000 0.363636
vt 0.375000 0.409091
vt 0.375000 0.454545
vt 0.375000 0.500000
vt 0.375000 0.545455
vt 0.375000 0.590909
vt 0.375000 0.636364
vt 0.375000 0.681818
vt 0.375000 0.727273
vt 0.375000 0.772727
vt 0.375000 0.818182
vt 0.375000 0.863636
vt 0.375000 0.909091
vt 0.395833 1.000000
vt 0.395833 0.954545
vt 0.395833 0.045455
vt 0.395833 0.000000
vt 0.395833 0.090909
vt 0.395833 0.136364
vt 0.395833 0.181818
vt 0.395833 0.227273
vt 0.395833 0.272727
vt 0.395833 0.318182
vt 0.395833 0.363636
vt 0.395833 0.409091
vt 0.395833 0.454545
vt 0.395833 0.500000
vt 0.395833 0.545455
vt 0.395833 0.590909
vt 0.395833 0.636364
vt 0.395833 0.681818
vt 0.395833 0.727273
vt 0.395833 0.772727
vt 0.395833 0.818182
vt 0.395833 0.863636
vt 0.395833 0.909091
vt 0.416667 1.000000
vt 0.416667 0.954545
vt 0.416667 0.045455
vt 0.416667 0.000000
vt 0.416667 0.090909
vt 0.416667 0.136364
vt 0.416667 0.181818
vt 0.416667 0.227273
vt 0.416667 0.272727
vt 0.416667 0.318182
vt 0.416667 0.363636
vt 0.416667 0.409091
vt 0.416667 0.454545
vt 0.416667 0.500000
vt 0.416667 0.545455
vt 0.416667 0.590909
vt 0.416667 0.636364
vt 0.416667 0.681818
vt 0.416667 0.727273
vt 0.416667 0.772727
vt 0.416667 0.818182
vt 0.416667 0.863636
vt 0.416667 0.909091
vt 0.437500 1.000000
vt 0.437500 0.954545
vt 0.437500 0.045455
vt 0.437500 0.000000
vt 0.437500 0.090909
vt 0.437500 0.136364
vt 0.437500 0.181818
vt 0.437500 0.227273
vt 0.437500 0.272727
vt 0.437500 0.318182
vt 0.437500 0.363636
vt 0.437500 0.409091
vt 0.437500 0.454545
vt 0.437500 0.500000
vt 0.437500 0.545455
vt 0.437500 0.590909
vt 0.437500 0.636364
vt 0.437500 0.681818
vt 0.437500 0.727273
vt 0.437500 0.772727
vt 0.437500 0.818182
vt 0.437500 0.863636
vt 0.437500 0.909091
vt 0.458333 1.000000
vt 0.458333 0.954545
vt 0.458333 0.045455
vt 0.458333 0.000000
vt 0.458333 0.090909
vt 0.458333 0.136364
vt 0.458333 0.181818
vt 0.458333 0.227273
vt 0.458333 0.272727
vt 0.458333 0.318182
vt 0.458333 0.363636
vt 0.458333 0.409091
vt 0.458333 0.454545
vt 0.458333 0.500000
vt 0.458333 0.545455
vt 0.458333 0.590909
vt 0.458333 0.636364
vt 0.458333 0.681818
vt 0.458333 0.727273
vt 0.458333 0.772727
vt 0.458333 0.818182
vt 0.458333 0.863636
vt 0.458333 0.909091
vt 0.479167 1.000000
vt 0.479167 0.954545
vt 0.479167 0.045455
vt 0.479167 0.000000
vt 0.479167 0.090909
vt 0.479167 0.136364
vt 0.479167 0.181818
vt 0.479167 0.227273
vt 0.479167 0.272727
vt 0.479167 0.318182
vt 0.479167 0.363636
vt 0.479167 0.409091
vt 0.479167 0.454545
vt 0.479167 0.500000
vt 0.479167 0.545455
vt 0.479167 0.590909
vt 0.479167 0.636364
vt 0.479167 0.681818
vt 0.479167 0.727273
vt 0.479167 0.772727
vt 0.479167 0.818182
vt 0.479167 0.863636
vt 0.479167 0.909091
vt 0.500000 1.000000
vt 0.500000 0.954545
vt 0.500000 0.045455
vt 0.500000 0.000000
vt 0.500000 0.090909
vt 0.500000 0.136364
vt 0.500000 0.181818
vt 0.500000 0.227273
vt 0.500000 0.272727
vt 0.500000 0.318182
vt 0.500000 0.363636
vt 0.500000 0.409091
vt 0.500000 0.454545
vt 0.500000 0.500000
vt 0.500000 0.545455
vt 0.500000 0.590909
vt 0.500000 0.636364
vt 0.500000 0.681818
vt 0.500000 0.727273
vt 0.500000 0.772727
vt 0.500000 0.818182
vt 0.500000 0.863636
vt 0.500000 0.909091
vt 0.520833 1.000000
vt 0.520833 0.954545
vt 0.520833 0.045455
vt 0.520833 0.000000
vt 0.520833 0.090909
vt 0.520833 0.136364
vt 0.520833 0.181818
vt 0.520833 0.227273
vt 0.520833 0.272727
vt 0.520833 0.318182
vt 0.520833 0.363636
vt 0.520833 0.409091
vt 0.520833 0.454545
vt 0.520833 0.500000
vt 0.520833 0.545455
vt 0.520833 0.590909
vt 0.520833 0.636364
vt 0.520833 0.681818
vt 0.520833 0.727273
vt 0.520833 0.772727
vt 0.520833 0.818182
vt 0.520833 0.863636
vt 0.520833 0.909091
vt 0.541667 1.000000
vt 0.541667 0.954545
vt 0.541667 0.045455
vt 0.541667 0.000000
vt 0.541667 0.090909
vt 0.541667 0.136364
vt 0.541667 0.181818
vt 0.541667 0.227273
vt 0.541667 0.272727
vt 0.541667 0.318182
vt 0.541667 0.363636
vt 0.541667 0.409091
vt 0.541667 0.454545
vt 0.541667 0.500000
vt 0.541667 0.545455
vt 0.541667 0.590909
vt 0.541667 0.636364
vt 0.541667 0.681818
vt 0.541667 0.727273
vt 0.541667 0.772727
vt 0.541667 0.818182
vt 0.541667 0.863636
vt 0.541667 0.909091
vt 0.562500 1.000000
vt 0.562500 0.954545
vt 0.562500 0.045455
vt 0.562500 0.000000
vt 0.562500 0.090909
vt 0.562500 0.136364
vt 0.562500 0.181818
vt 0.562500 0.227273
vt 0.562500 0.272727
vt 0.562500 0.318182
vt 0.562500 0.363636
vt 0.562500 0.409091
vt 0.562500 0.454545
vt 0.562500 0.500000
vt 0.562500 0.545455
vt 0.562500 0.590909
vt 0.562500 0.636364
vt 0.562500 0.681818
vt 0.562500 0.727273
vt 0.562500 0.772727
vt 0.562500 0.818182
vt 0.562500 0.863636
vt 0.562500 0.909091
vt 0.583333 1.000000
vt 0.583333 0.954545
vt 0.583333 0.045455
vt 0.583333 0.000000
vt 0.583333 0.090909
vt 0.583333 0.136364
vt 0.583333 0.181818
vt 0.583333 0.227273
vt 0.583333 0.272727
vt 0.583333 0.318182
vt 0.583333 0.363636
vt 0.583333 0.409091
vt 0.583333 0.454545
vt 0.583333 0.500000
vt 0.583333 0.545455
vt 0.583333 0.590909
vt 0.583333 0.636364
vt 0.583333 0.681818
vt 0.583333 0.727273
vt 0.583333 0.772727
vt 0.583333 0.818182
vt 0.583333 0.863636
vt 0.583333 0.909091
vt 0.604167 1.000000
vt 0.604167 0.954545
vt 0.604167 0.045455
vt 0.604167 0.000000
vt 0.604167 0.090909
vt 0.604167 0.136364
vt 0.604167 0.181818
vt 0.604167 0.227273
vt 0.604167 0.272727
vt 0.604167 0.318182
vt 0.604167 0.363636
vt 0.604167 0.409091
vt 0.604167 0.454545
vt 0.604167 0.500000
vt 0.604167 0.545455
vt 0.604167 0.590909
vt 0.604167 0.636364
vt 0.604167 0.681818
vt 0.604167 0.727273
vt 0.604167 0.772727
vt 0.604167 0.818182
vt 0.604167 0.863636
vt 0.604167 0.909091
vt 0.625000 1.000000
vt 0.625000 0.954545
vt 0.625000 0.045455
vt 0.625000 0.000000
vt 0.625000 0.090909
vt 0.625000 0.136364
vt 0.625000 0.181818
vt 0.625000 0.227273
vt 0.625000 0.272727
vt 0.625000 0.318182
vt 0.625000 0.363636
vt 0.625000 0.409091
vt 0.625000 0.454545
vt 0.625000 0.500000
vt 0.625000 0.545455
vt 0.625000 0.590909
vt 0.625000 0.636364
vt 0.625000 0.681818
vt 0.625000 0.727273
vt 0.625000 0.772727
vt 0.625000 0.818182
vt 0.625000 0.863636
vt 0.625000 0.909091
vt 0.645833 1.000000
vt 0.645833 0.954545
vt 0.645833 0.045455
vt 0.645833 0.000000
vt 0.645833 0.090909
vt 0.645833 0.136364
vt 0.645833 0.181818
vt 0.645833 0.227273
vt 0.645833 0.272727
vt 0.645833 0.318182
vt 0.645833 0.363636
vt 0.645833 0.409091
vt 0.645833 0.454545
vt 0.645833 0.500000
vt 0.645833 0.545455
vt 0.645833 0.590909
vt 0.645833 0.636364
vt 0.645833 0.681818
vt 0.645833 0.727273
vt 0.645833 0.772727
vt 0.645833 0.818182
vt 0.645833 0.863636
vt 0.645833 0.909091
vt 0.666667 1.000000
vt 0.666667 0.954545
vt 0.666667 0.045455
vt 0.666667 0.000000
vt 0.666667 0.090909
vt 0.666667 0.136364
vt 0.666667 0.181818
vt 0.666667 0.227273
vt 0.666667 0.272727
vt 0.666667 0.318182
vt 0.666667 0.363636
vt 0.666667 0.409091
vt 0.666667 0.454545
vt 0.666667 0.500000
vt 0.666667 0.545455
vt 0.666667 0.590909
vt 0.666667 0.636364
vt 0.666667 0.681818
vt 0.666667 0.727273
vt 0.666667 0.772727
vt 0.666667 0.818182
vt 0.666667 0.863636
vt 0.666667 0.909091
vt 0.687500 1.000000
vt 0.687500 0.954545
vt 0.687500 0.045455
vt 0.687500 0.000000
vt 0.687500 0.090909
vt 0.687500 0.136364
vt 0.687500 0.181818
vt 0.687500 0.227273
vt 0.687500 0.272727
vt 0.687500 0.318182
vt 0.687500 0.363636
vt 0.687500 0.409091
vt 0.687500 0.454545
vt 0.687500 0.500000
vt 0.687500 0.545455
vt 0.687500 0.590909
vt 0.687500 0.636364
vt 0.687500 0.681818
vt 0.687500 0.727273
vt 0.687500 0.772727
vt 0.687500 0.818182
vt 0.687500 0.863636
vt 0.687500 0.909091
vt 0.708333 1.000000
vt 0.708333 0.954545
vt 0.708333 0.045455
vt 0.708333 0.000000
vt 0.708333 0.090909
vt 0.708333 0.136364
vt 0.708333 0.181818
vt 0.708333 0.227273
vt 0.708333 0.272727
vt 0.708333 0.318182
vt 0.708333 0.363636
vt 0.708333 0.409091
vt 0.708333 0.454545
vt 0.708333 0.500000
vt 0.708333 0.545455
vt 0.708333 0.590909
vt 0.708333 0.636364
vt 0.708333 0.681818
vt 0.708333 0.727273
vt 0.708333 0.772727
vt 0.708333 0.818182
vt 0.708333 0.863636
vt 0.708333 0.909091
vt 0.729167 1.000000
vt 0.729167 0.954545
vt 0.729167 0.045455
vt 0.729167 0.000000
vt 0.729167 0.090909
vt 0.729167 0.136364
vt 0.729167 0.181818
vt 0.729167 0.227273
vt 0.729167 0.272727
vt 0.729167 0.318182
vt 0.729167 0.363636
vt 0.729167 0.409091
vt 0.729167 0.454545
vt 0.729167 0.500000
vt 0.729167 0.545455
vt 0.729167 0.590909
vt 0.729167 0.636364
vt 0.729167 0.681818
vt 0.729167 0.727273
vt 0.729167 0.772727
vt 0.729167 0.818182
vt 0.729167 0.863636
vt 0.729167 0.909091
vt 0.750000 1.000000
vt 0.750000 0.954545
vt 0.750000 0.045455
vt 0.750000 0.000000
vt 0.750000 0.090909
vt 0.750000 0.136364
vt 0.750000 0.181818
vt 0.750000 0.227273
vt 0.750000 0.272727
vt 0.750000 0.318182
vt 0.750000 0.363636
vt 0.750000 0.409091
vt 0.750000 0.454545
vt 0.750000 0.500000
vt 0.750000 0.545455
vt 0.750000 0.590909
vt 0.750000 0.636364
vt 0.750000 0.681818
vt 0.750000 0.727273
vt 0.750000 0.772727
vt 0.750000 0.818182
vt 0.750000 0.863636
vt 0.750000 0.909091
vt 0.770833 1.000000
vt 0.770833 0.954545
vt 0.770833 0.045455
vt 0.770833 0.000000
vt 0.770833 0.090909
vt 0.770833 0.136364
vt 0.770833 0.181818
vt 0.770833 0.227273
vt 0.770833 0.272727
vt 0.770833 0.318182
vt 0.770833 0.363636
vt 0.770833 0.409091
vt 0.770833 0.454545
vt 0.770833 0.500000
vt 0.770833 0.545455
vt 0.770833 0.590909
vt 0.770833 0.636364
vt 0.770833 0.681818
vt 0.770833 0.727273
vt 0.770833 0.772727
vt 0.770833 0.818182
vt 0.770833 0.863636
vt 0.770833 0.909091
vt 0.791667 1.000000
vt 0.791667 0.954545
vt 0.791667 0.045455
vt 0.791667 0.000000
vt 0.791667 0.090909
vt 0.791667 0.136364
vt 0.791667 0.181818
vt 0.791667 0.227273
vt 0.791667 0.272727
vt 0.791667 0.318182
vt 0.791667 0.363636
vt 0.791667 0.409091
vt 0.791667 0.454545
vt 0.791667 0.500000
vt 0.791667 0.545455
vt 0.791667 0.590909
vt 0.791667 0.636364
vt 0.791667 0.681818
vt 0.791667 0.727273
vt 0.791667 0.772727
vt 0.791667 0.818182
vt 0.791667 0.863636
vt 0.791667 0.909091
vt 0.812500 1.000000
vt 0.812500 0.954545
vt 0.812500 0.045455
vt 0.812500 0.000000
vt 0.812500 0.090909
vt 0.812500 0.136364
vt 0.812500 0.181818
vt 0.812500 0.227273
vt 0.812500 0.272727
vt 0.812500 0.318182
vt 0.812500 0.363636
vt 0.812500 0.409091
vt 0.812500 0.454545
vt 0.812500 0.500000
vt 0.812500 0.545455
vt 0.812500 0.590909
vt 0.812500 0.636364
vt 0.812500 0.681818
vt 0.812500 0.727273
vt 0.812500 0.772727
vt 0.812500 0.818182
vt 0.812500 0.863636
vt 0.812500 0.909091
vt 0.833333 1.000000
vt 0.833333 0.954545
vt 0.833333 0.045455
vt 0.833333 0.000000
vt 0.833333 0.090909
vt 0.833333 0.136364
vt 0.833333 0.181818
vt 0.833333 0.227273
vt 0.833333 0.272727
vt 0.833333 0.318182
vt 0.833333 0.363636
vt 0.833333 0.409091
vt 0.833333 0.454545
vt 0.833333 0.500000
vt 0.833333 0.545455
vt 0.833333 0.590909
vt 0.833333 0.636364
vt 0.833333 0.681818
vt 0.833333 0.727273
vt 0.833333 0.772727
vt 0.833333 0.818182
vt 0.833333 0.863636
vt 0.833333 0.909091
vt 0.854167 1.000000
vt 0.854167 0.954545
vt 0.854167 0.045455
vt 0.854167 0.000000
vt 0.854167 0.090909
vt 0.854167 0.136364
vt 0.854167 0.181818
vt 0.854167 0.227273
vt 0.854167 0.272727
vt 0.854167 0.318182
vt 0.854167 0.363636
vt 0.854167 0.409091
vt 0.854167 0.454545
vt 0.854167 0.500000
vt 0.854167 0.545455
vt 0.854167 0.590909
vt 0.854167 0.636364
vt 0.854167 0.681818
vt 0.854167 0.727273
vt 0.854167 0.772727
vt 0.854167 0.818182
vt 0.854167 0.863636
vt 0.854167 0.909091
vt 0.875000 1.000000
vt 0.875000 0.954545
vt 0.875000 0.045455
vt 0.875000 0.000000
vt 0.875000 0.090909
vt 0.875000 0.136364
vt 0.875000 0.181818
vt 0.875000 0.227273
vt 0.875000 0.272727
vt 0.875000 0.318182
vt 0.875000 0.363636
vt 0.875000 0.409091
vt 0.875000 0.454545
vt 0.875000 0.500000
vt 0.875000 0.545455
vt 0.875000 0.590909
vt 0.875000 0.636364
vt 0.875000 0.681818
vt 0.875000 0.727273
vt 0.875000 0.772727
vt 0.875000 0.818182
vt 0.875000 0.863636
vt 0.875000 0.909091
vt 0.895833 1.000000
vt 0.895833 0.954545
vt 0.895833 0.045455
vt 0.895833 0.000000
vt 0.895833 0.090909
vt 0.895833 0.136364
vt 0.895833 0.181818
vt 0.895833 0.227273
vt 0.895833 0.272727
vt 0.895833 0.318182
vt 0.895833 0.363636
vt 0.895833 0.409091
vt 0.895833 0.454545
vt 0.895833 0.500000
vt 0.895833 0.545455
vt 0.895833 0.590909
vt 0.895833 0.636364
vt 0.895833 0.681818
vt 0.895833 0.727273
vt 0.895833 0.772727
vt 0.895833 0.818182
vt 0.895833 0.863636
vt 0.895833 0.909091
vt 0.916667 1.000000
vt 0.916667 0.954545
vt 0.916667 0.045455
vt 0.916667 0.000000
vt 0.916667 0.090909
vt 0.916667 0.136364
vt 0.916667 0.181818
vt 0.916667 0.227273
vt 0.916667 0.272727
vt 0.916667 0.318182
vt 0.916667 0.363636
vt 0.916667 0.409091
vt 0.916667 0.454545
vt 0.916667 0.500000
vt 0.916667 0.545455
vt 0.916667 0.590909
vt 0.916667 0.636364
vt 0.916667 0.681818
vt 0.916667 0.727273
vt 0.916667 0.772727
vt 0.916667 0.818182
vt 0.916667 0.863636
vt 0.916667 0.909091
vt 0.937500 1.000000
vt 0.937500 0.954545
vt 0.937500 0.045455
vt 0.937500 0.000000
vt 0.937500 0.090909
vt 0.937500 0.136364
vt 0.937500 0.181818
vt 0.937500 0.227273
vt 0.937500 0.272727
vt 0.937500 0.318182
vt 0.937500 0.363636
vt 0.937500 0.409091
vt 0.937500 0.454545
vt 0.937500 0.500000
vt 0.937500 0.545455
vt 0.937500 0.590909
vt 0.937500 0.636364
vt 0.937500 0.681818
vt 0.937500 0.727273
vt 0.937500 0.772727
vt 0.937500 0.818182
vt 0.937500 0.863636
vt 0.937500 0.909091
vt 0.958333 1.000000
vt 0.958333 0.954545
vt 0.958333 0.045455
vt 0.958333 0.000000
vt 0.958333 0.090909
vt 0.958333 0.136364
vt 0.958333 0.181818
vt 0.958333 0.227273
vt 0.958333 0.272727
vt 0.958333 0.318182
vt 0.958333 0.363636
vt 0.958333 0.409091
vt 0.958333 0.454545
vt 0.958333 0.500000
vt 0.958333 0.545455
vt 0.958333 0.590909
vt 0.958333 0.636364
vt 0.958333 0.681818
vt 0.958333 0.727273
vt 0.958333 0.772727
vt 0.958333 0.818182
vt 0.958333 0.863636
vt 0.958333 0.909091
vt 0.979167 1.000000
vt 0.979167 0.954545
vt 0.979167 0.045455
vt 0.979167 0.000000
vt 0.979167 0.090909
vt 0.979167 0.136364
vt 0.979167 0.181818
vt 0.979167 0.227273
vt 0.979167 0.272727
vt 0.979167 0.318182
vt 0.979167 0.363636
vt 0.979167 0.409091
vt 0.979167 0.454545
vt 0.979167 0.500000
vt 0.979167 0.545455
vt 0.979167 0.590909
vt 0.979167 0.636364
vt 0.979167 0.681818
vt 0.979167 0.727273
vt 0.979167 0.772727
vt 0.979167 0.818182
vt 0.979167 0.863636
vt 0.979167 0.909091
vt 1.000000 1.000000
vt 1.000000 0.954545
vt 1.000000 0.045455
vt 1.000000 0.000000
vt 1.000000 0.090909
vt 1.000000 0.136364
vt 1.000000 0.181818
vt 1.000000 0.227273
vt 1.000000 0.272727
vt 1.000000 0.318182
vt 1.000000 0.363636
vt 1.000000 0.409091
vt 1.000000 0.454545
vt 1.000000 0.500000
vt 1.000000 0.545455
vt 1.000000 0.590909
vt 1.000000 0.636364
vt 1.000000 0.681818
vt 1.000000 0.727273
vt 1.000000 0.772727
vt 1.000000 0.818182
vt 1.000000 0.863636
vt 1.000000 0.909091
s 1
usemtl Braces_Chrome.001
f 1079/1128/1079 1101/1129/1101 1122/1130/1122 1100/1131/1100
f 1080/1132/1080 1102/1133/1102 1101/1134/1101 1079/1135/1079
f 1081/1136/1081 1103/1137/1103 1102/1133/1102 1080/1132/1080
f 1082/1138/1082 1104/1139/1104 1103/1137/1103 1081/1136/1081
f 1083/1140/1083 1105/1141/1105 1104/1139/1104 1082/1138/1082
f 1084/1142/1084 1106/1143/1106 1105/1141/1105 1083/1140/1083
f 1085/1144/1085 1107/1145/1107 1106/1143/1106 1084/1142/1084
f 1086/1146/1086 1108/1147/1108 1107/1145/1107 1085/1144/1085
f 1087/1148/1087 1109/1149/1109 1108/1147/1108 1086/1146/1086
f 1088/1150/1088 1110/1151/1110 1109/1149/1109 1087/1148/1087
f 1089/1152/1089 1111/1153/1111 1110/1151/1110 1088/1150/1088
f 1090/1154/1090 1112/1155/1112 1111/1153/1111 1089/1152/1089
f 1091/1156/1091 1113/1157/1113 1112/1155/1112 1090/1154/1090
f 1092/1158/1092 1114/1159/1114 1113/1157/1113 1091/1156/1091
f 1093/1160/1093 1115/1161/1115 1114/1159/1114 1092/1158/1092
f 1094/1162/1094 1116/1163/1116 1115/1161/1115 1093/1160/1093
f 1095/1164/1095 1117/1165/1117 1116/1163/1116 1094/1162/1094
f 1096/1166/1096 1118/1167/1118 1117/1165/1117 1095/1164/1095
f 1097/1168/1097 1119/1169/1119 1118/1167/1118 1096/1166/1096
f 1098/1170/1098 1120/1171/1120 1119/1169/1119 1097/1168/1097
f 1099/1172/1099 1121/1173/1121 1120/1171/1120 1098/1170/1098
f 1100/1131/1100 1122/1130/1122 1121/1173/1121 1099/1172/1099
f 1101/1129/1101 1123/1174/1123 1144/1175/1144 1122/1130/1122
f 1102/1133/1102 1124/1176/1124 1123/1177/1123 1101/1134/1101
f 1103/1137/1103 1125/1178/1125 1124/1176/1124 1102/1133/1102
f 1104/1139/1104 1126/1179/1126 1125/1178/1125 1103/1137/1103
f 1105/1141/1105 1127/1180/1127 1126/1179/1126 1104/1139/1104
f 1106/1143/1106 1128/1181/1128 1127/1180/1127 1105/1141/1105
f 1107/1145/1107 1129/1182/1129 1128/1181/1128 1106/1143/1106
f 1108/1147/1108 1130/1183/1130 1129/1182/1129 1107/1145/1107
f 1109/1149/1109 1131/1184/1131 1130/1183/1130 1108/1147/1108
f 1110/1151/1110 1132/1185/1132 1131/1184/1131 1109/1149/1109
f 1111/1153/1111 1133/1186/1133 1132/1185/1132 1110/1151/1110
f 1112/1155/1112 1134/1187/1134 1133/1186/1133 1111/1153/1111
f 1113/1157/1113 1135/1188/1135 1134/1187/1134 1112/1155/1112
f 1114/1159/1114 1136/1189/1136 1135/1188/1135 1113/1157/1113
f 1115/1161/1115 1137/1190/1137 1136/1189/1136 1114/1159/1114
f 1116/1163/1116 1138/1191/1138 1137/1190/1137 1115/1161/1115
f 1117/1165/1117 1139/1192/1139 1138/1191/1138 1116/1163/1116
f 1118/1167/1118 1140/1193/1140 1139/1192/1139 1117/1165/1117
f 1119/1169/1119 1141/1194/1141 1140/1193/1140 1118/1167/1118
f 1120/1171/1120 1142/1195/1142 1141/1194/1141 1119/1169/1119
f 1121/1173/1121 1143/1196/1143 1142/1195/1142 1120/1171/1120
f 1122/1130/1122 1144/1175/1144 1143/1196/1143 1121/1173/1121
f 1123/1174/1123 1145/1197/1145 1166/1198/1166 1144/1175/1144
f 1124/1176/1124 1146/1199/1146 1145/1200/1145 1123/1177/1123
f 1125/1178/1125 1147/1201/1147 1146/1199/1146 1124/1176/1124
f 1126/1179/1126 1148/1202/1148 1147/1201/1147 1125/1178/1125
f 1127/1180/1127 1149/1203/1149 1148/1202/1148 1126/1179/1126
f 1128/1181/1128 1150/1204/1150 1149/1203/1149 1127/1180/1127
f 1129/1182/1129 1151/1205/1151 1150/1204/1150 1128/1181/1128
f 1130/1183/1130 1152/1206/1152 1151/1205/1151 1129/1182/1129
f 1131/1184/1131 1153/1207/1153 1152/1206/1152 1130/1183/1130
f 1132/1185/1132 1154/1208/1154 1153/1207/1153 1131/1184/1131
f 1133/1186/1133 1155/1209/1155 1154/1208/1154 1132/1185/1132
f 1134/1187/1134 1156/1210/1156 1155/1209/1155 1133/1186/1133
f 1135/1188/1135 1157/1211/1157 1156/1210/1156 1134/1187/1134
f 1136/1189/1136 1158/1212/1158 1157/1211/1157 1135/1188/1135
f 1137/1190/1137 1159/1213/1159 1158/1212/1158 1136/1189/1136
f 1138/1191/1138 1160/1214/1160 1159/1213/1159 1137/1190/1137
f 1139/1192/1139 1161/1215/1161 1160/1214/1160 1138/1191/1138
f 1140/1193/1140 1162/1216/1162 1161/1215/1161 1139/1192/1139
f 1141/1194/1141 1163/1217/1163 1162/1216/1162 1140/1193/1140
f 1142/1195/1142 1164/1218/1164 1163/1217/1163 1141/1194/1141
f 1143/1196/1143 1165/1219/1165 1164/1218/1164 1142/1195/1142
f 1144/1175/1144 1166/1198/1166 1165/1219/1165 1143/1196/1143
f 1145/1197/1145 1167/1220/1167 1188/1221/1188 1166/1198/1166
f 1146/1199/1146 1168/1222/1168 1167/1223/1167 1145/1200/1145
f 1147/1201/1147 1169/1224/1169 1168/1222/1168 1146/1199/1146
f 1148/1202/1148 1170/1225/1170 1169/1224/1169 1147/1201/1147
f 1149/1203/1149 1171/1226/1171 1170/1225/1170 1148/1202/1148
f 1150/1204/1150 1172/1227/1172 1171/1226/1171 1149/1203/1149
f 1151/1205/1151 1173/1228/1173 1172/1227/1172 1150/1204/1150
f 1152/1206/1152 1174/1229/1174 1173/1228/1173 1151/1205/1151
f 1153/1207/1153 1175/1230/1175 1174/1229/1174 1152/1206/1152
f 1154/1208/1154 1176/1231/1176 1175/1230/1175 1153/1207/1153
f 1155/1209/1155 1177/1232/1177 1176/1231/1176 1154/1208/1154
f 1156/1210/1156 1178/1233/1178 1177/1232/1177 1155/1209/1155
f 1157/1211/1157 1179/1234/1179 1178/1233/1178 1156/1210/1156
f 1158/1212/1158 1180/1235/1180 1179/1234/1179 1157/1211/1157
f 1159/1213/1159 1181/1236/1181 1180/1235/1180 1158/1212/1158
f 1160/1214/1160 1182/1237/1182 1181/1236/1181 1159/1213/1159
f 1161/1215/1161 1183/1238/1183 1182/1237/1182 1160/1214/1160
f 1162/1216/1162 1184/1239/1184 1183/1238/1183 1161/1215/1161
f 1163/1217/1163 1185/1240/1185 1184/1239/1184 1162/1216/1162
f 1164/1218/1164 1186/1241/1186 1185/1240/1185 1163/1217/1163
f 1165/1219/1165 1187/1242/1187 1186/1241/1186 1164/1218/1164
f 1166/1198/1166 1188/1221/1188 1187/1242/1187 1165/1219/1165
f 1167/1220/1167 1189/1243/1189 1210/1244/1210 1188/1221/1188
f 1168/1222/1168 1190/1245/1190 1189/1246/1189 1167/1223/1167
f 1169/1224/1169 1191/1247/1191 1190/1245/1190 1168/1222/1168
f 1170/1225/1170 1192/1248/1192 1191/1247/1191 1169/1224/1169
f 1171/1226/1171 1193/1249/1193 1192/1248/1192 1170/1225/1170
f 1172/1227/1172 1194/1250/1194 1193/1249/1193 1171/1226/1171
f 1173/1228/1173 1195/1251/1195 1194/1250/1194 1172/1227/1172
f 1174/1229/1174 1196/1252/1196 1195/1251/1195 1173/1228/1173
f 1175/1230/1175 1197/1253/1197 1196/1252/1196 1174/1229/1174
f 1176/1231/1176 1198/1254/1198 1197/1253/1197 1175/1230/1175
f 1177/1232/1177 1199/1255/1199 1198/1254/1198 1176/1231/1176
f 1178/1233/1178 1200/1256/1200 1199/1255/1199 1177/1232/1177
f 1179/1234/1179 1201/1257/1201 1200/1256/1200 1178/1233/1178
f 1180/1235/1180 1202/1258/1202 1201/1257/1201 1179/1234/1179
f 1181/1236/1181 1203/1259/1203 1202/1258/1202 1180/1235/1180
f 1182/1237/1182 1204/1260/1204 1203/1259/1203 1181/1236/1181
f 1183/1238/1183 1205/1261/1205 1204/1260/1204 1182/1237/1182
f 1184/1239/1184 1206/1262/1206 1205/1261/1205 1183/1238/1183
f 1185/1240/1185 1207/1263/1207 1206/1262/1206 1184/1239/1184
f 1186/1241/1186 1208/1264/1208 1207/1263/1207 1185/1240/1185
f 1187/1242/1187 1209/1265/1209 1208/1264/1208 1186/1241/1186
f 1188/1221/1188 1210/1244/1210 1209/1265/1209 1187/1242/1187
f 1189/1243/1189 1211/1266/1211 1232/1267/1232 1210/1244/1210
f 1190/1245/1190 1212/1268/1212 1211/1269/1211 1189/1246/1189
f 1191/1247/1191 1213/1270/1213 1212/1268/1212 1190/1245/1190
f 1192/1248/1192 1214/1271/1214 1213/1270/1213 1191/1247/1191
f 1193/1249/1193 1215/1272/1215 1214/1271/1214 1192/1248/1192
f 1194/1250/1194 1216/1273/1216 1215/1272/1215 1193/1249/1193
f 1195/1251/1195 1217/1274/1217 1216/1273/1216 1194/1250/1194
f 1196/1252/1196 1218/1275/1218 1217/1274/1217 1195/1251/1195
f 1197/1253/1197 1219/1276/1219 1218/1275/1218 1196/1252/1196
f 1198/1254/1198 1220/1277/1220 1219/1276/1219 1197/1253/1197
f 1199/1255/1199 1221/1278/1221 1220/1277/1220 1198/1254/1198
f 1200/1256/1200 1222/1279/1222 1221/1278/1221 1199/1255/1199
f 1201/1257/1201 1223/1280/1223 1222/1279/1222 1200/1256/1200
f 1202/1258/1202 1224/1281/1224 1223/1280/1223 1201/1257/1201
f 1203/1259/1203 1225/1282/1225 1224/1281/1224 1202/1258/1202
f 1204/1260/1204 1226/1283/1226 1225/1282/1225 1203/1259/1203
f 1205/1261/1205 1227/1284/1227 1226/1283/1226 1204/1260/1204
f 1206/1262/1206 1228/1285/1228 1227/1284/1227 1205/1261/1205
f 1207/1263/1207 1229/1286/1229 1228/1285/1228 1206/1262/1206
f 1208/1264/1208 1230/1287/1230 1229/1286/1229 1207/1263/1207
f 1209/1265/1209 1231/1288/1231 1230/1287/1230 1208/1264/1208
f 1210/1244/1210 1232/1267/1232 1231/1288/1231 1209/1265/1209
f 1211/1266/1211 1233/1289/1233 1254/1290/1254 1232/1267/1232
f 1212/1268/1212 1234/1291/1234 1233/1292/1233 1211/1269/1211
f 1213/1270/1213 1235/1293/1235 1234/1291/1234 1212/1268/1212
f 1214/1271/1214 1236/1294/1236 1235/1293/1235 1213/1270/1213
f 1215/1272/1215 1237/1295/1237 1236/1294/1236 1214/1271/1214
f 1216/1273/1216 1238/1296/1238 1237/1295/1237 1215/1272/1215
f 1217/1274/1217 1239/1297/1239 1238/1296/1238 1216/1273/1216
f 1218/1275/1218 1240/1298/1240 1239/1297/1239 1217/1274/1217
f 1219/1276/1219 1241/1299/1241 1240/1298/1240 1218/1275/1218
f 1220/1277/1220 1242/1300/1242 1241/1299/1241 1219/1276/1219
f 1221/1278/1221 1243/1301/1243 1242/1300/1242 1220/1277/1220
f 1222/1279/1222 1244/1302/1244 1243/1301/1243 1221/1278/1221
f 1223/1280/1223 1245/1303/1245 1244/1302/1244 1222/1279/1222
f 1224/1281/1224 1246/1304/1246 1245/1303/1245 1223/1280/1223
f 1225/1282/1225 1247/1305/1247 1246/1304/1246 1224/1281/1224
f 1226/1283/1226 1248/1306/1248 1247/1305/1247 1225/1282/1225
f 1227/1284/1227 1249/1307/1249 1248/1306/1248 1226/1283/1226
f 1228/1285/1228 1250/1308/1250 1249/1307/1249 1227/1284/1227
f 1229/1286/1229 1251/1309/1251 1250/1308/1250 1228/1285/1228
f 1230/1287/1230 1252/1310/1252 1251/1309/1251 1229/1286/1229
f 1231/1288/1231 1253/1311/1253 1252/1310/1252 1230/1287/1230
f 1232/1267/1232 1254/1290/1254 1253/1311/1253 1231/1288/1231
f 1233/1289/1233 1255/1312/1255 1276/1313/1276 1254/1290/1254
f 1234/1291/1234 1256/1314/1256 1255/1315/1255 1233/1292/1233
f 1235/1293/1235 1257/1316/1257 1256/1314/1256 1234/1291/1234
f 1236/1294/1236 1258/1317/1258 1257/1316/1257 1235/1293/1235
f 1237/1295/1237 1259/1318/1259 1258/1317/1258 1236/1294/1236
f 1238/1296/1238 1260/1319/1260 1259/1318/1259 1237/1295/1237
f 1239/1297/1239 1261/1320/1261 1260/1319/1260 1238/1296/1238
f 1240/1298/1240 1262/1321/1262 1261/1320/1261 1239/1297/1239
f 1241/1299/1241 1263/1322/1263 1262/1321/1262 1240/1298/1240
f 1242/1300/1242 1264/1323/1264 1263/1322/1263 1241/1299/1241
f 1243/1301/1243 1265/1324/1265 1264/1323/1264 1242/1300/1242
f 1244/1302/1244 1266/1325/1266 1265/1324/1265 1243/1301/1243
f 1245/1303/1245 1267/1326/1267 1266/1325/1266 1244/1302/1244
f 1246/1304/1246 1268/1327/1268 1267/1326/1267 1245/1303/1245
f 1247/1305/1247 1269/1328/1269 1268/1327/1268 1246/1304/1246
f 1248/1306/1248 1270/1329/1270 1269/1328/1269 1247/1305/1247
f 1249/1307/1249 1271/1330/1271 1270/1329/1270 1248/1306/1248
f 1250/1308/1250 1272/1331/1272 1271/1330/1271 1249/1307/1249
f 1251/1309/1251 1273/1332/1273 1272/1331/1272 1250/1308/1250
f 1252/1310/1252 1274/1333/1274 1273/1332/1273 1251/1309/1251
f 1253/1311/1253 1275/1334/1275 1274/1333/1274 1252/1310/1252
f 1254/1290/1254 1276/1313/1276 1275/1334/1275 1253/1311/1253
f 1255/1312/1255 1277/1335/1277 1298/1336/1298 1276/1313/1276
f 1256/1314/1256 1278/1337/1278 1277/1338/1277 1255/1315/1255
f 1257/1316/1257 1279/1339/1279 1278/1337/1278 1256/1314/1256
f 1258/1317/1258 1280/1340/1280 1279/1339/1279 1257/1316/1257
f 1259/1318/1259 1281/1341/1281 1280/1340/1280 1258/1317/1258
f 1260/1319/1260 1282/1342/1282 1281/1341/1281 1259/1318/1259
f 1261/1320/1261 1283/1343/1283 1282/1342/1282 1260/1319/1260
f 1262/1321/1262 1284/1344/1284 1283/1343/1283 1261/1320/1261
f 1263/1322/1263 1285/1345/1285 1284/1344/1284 1262/1321/1262
f 1264/1323/1264 1286/1346/1286 1285/1345/1285 1263/1322/1263
f 1265/1324/1265 1287/1347/1287 1286/1346/1286 1264/1323/1264
f 1266/1325/1266 1288/1348/1288 1287/1347/1287 1265/1324/1265
f 1267/1326/1267 1289/1349/1289 1288/1348/1288 1266/1325/1266
f 1268/1327/1268 1290/1350/1290 1289/1349/1289 1267/1326/1267
f 1269/1328/1269 1291/1351/1291 1290/1350/1290 1268/1327/1268
f 1270/1329/1270 1292/1352/1292 1291/1351/1291 1269/1328/1269
f 1271/1330/1271 1293/1353/1293 1292/1352/1292 1270/1329/1270
f 1272/1331/1272 1294/1354/1294 1293/1353/1293 1271/1330/1271
f 1273/1332/1273 1295/1355/1295 1294/1354/1294 1272/1331/1272
f 1274/1333/1274 1296/1356/1296 1295/1355/1295 1273/1332/1273
f 1275/1334/1275 1297/1357/1297 1296/1356/1296 1274/1333/1274
f 1276/1313/1276 1298/1336/1298 1297/1357/1297 1275/1334/1275
f 1277/1335/1277 1299/1358/1299 1320/1359/1320 1298/1336/1298
f 1278/1337/1278 1300/1360/1300 1299/1361/1299 1277/1338/1277
f 1279/1339/1279 1301/1362/1301 1300/1360/1300 1278/1337/1278
f 1280/1340/1280 1302/1363/1302 1301/1362/1301 1279/1339/1279
f 1281/1341/1281 1303/1364/1303 1302/1363/1302 1280/1340/1280
f 1282/1342/1282 1304/1365/1304 1303/1364/1303 1281/1341/1281
f 1283/1343/1283 1305/1366/1305 1304/1365/1304 1282/1342/1282
f 1284/1344/1284 1306/1367/1306 1305/1366/1305 1283/1343/1283
f 1285/1345/1285 1307/1368/1307 1306/1367/1306 1284/1344/1284
f 1286/1346/1286 1308/1369/1308 1307/1368/1307 1285/1345/1285
f 1287/1347/1287 1309/1370/1309 1308/1369/1308 1286/1346/1286
f 1288/1348/1288 1310/1371/1310 1309/1370/1309 1287/1347/1287
f 1289/1349/1289 1311/1372/1311 1310/1371/1310 1288/1348/1288
f 1290/1350/1290 1312/1373/1312 1311/1372/1311 1289/1349/1289
f 1291/1351/1291 1313/1374/1313 1312/1373/1312 1290/1350/1290
f 1292/1352/1292 1314/1375/1314 1313/1374/1313 1291/1351/1291
f 1293/1353/1293 1315/1376/1315 1314/1375/1314 1292/1352/1292
f 1294/1354/1294 1316/1377/1316 1315/1376/1315 1293/1353/1293
f 1295/1355/1295 1317/1378/1317 1316/1377/1316 1294/1354/1294
f 1296/1356/1296 1318/1379/1318 1317/1378/1317 1295/1355/1295
f 1297/1357/1297 1319/1380/1319 1318/1379/1318 1296/1356/1296
f 1298/1336/1298 1320/1359/1320 1319/1380/1319 1297/1357/1297
f 1299/1358/1299 1321/1381/1321 1342/1382/1342 1320/1359/1320
f 1300/1360/1300 1322/1383/1322 1321/1384/1321 1299/1361/1299
f 1301/1362/1301 1323/1385/1323 1322/1383/1322 1300/1360/1300
f 1302/1363/1302 1324/1386/1324 1323/1385/1323 1301/1362/1301
f 1303/1364/1303 1325/1387/1325 1324/1386/1324 1302/1363/1302
f 1304/1365/1304 1326/1388/1326 1325/1387/1325 1303/1364/1303
f 1305/1366/1305 1327/1389/1327 1326/1388/1326 1304/1365/1304
f 1306/1367/1306 1328/1390/1328 1327/1389/1327 1305/1366/1305
f 1307/1368/1307 1329/1391/1329 1328/1390/1328 1306/1367/1306
f 1308/1369/1308 1330/1392/1330 1329/1391/1329 1307/1368/1307
f 1309/1370/1309 1331/1393/1331 1330/1392/1330 1308/1369/1308
f 1310/1371/1310 1332/1394/1332 1331/1393/1331 1309/1370/1309
f 1311/1372/1311 1333/1395/1333 1332/1394/1332 1310/1371/1310
f 1312/1373/1312 1334/1396/1334 1333/1395/1333 1311/1372/1311
f 1313/1374/1313 1335/1397/1335 1334/1396/1334 1312/1373/1312
f 1314/1375/1314 1336/1398/1336 1335/1397/1335 1313/1374/1313
f 1315/1376/1315 1337/1399/1337 1336/1398/1336 1314/1375/1314
f 1316/1377/1316 1338/1400/1338 1337/1399/1337 1315/1376/1315
f 1317/1378/1317 1339/1401/1339 1338/1400/1338 1316/1377/1316
f 1318/1379/1318 1340/1402/1340 1339/1401/1339 1317/1378/1317
f 1319/1380/1319 1341/1403/1341 1340/1402/1340 1318/1379/1318
f 1320/1359/1320 1342/1382/1342 1341/1403/1341 1319/1380/1319
f 1321/1381/1321 1343/1404/1343 1364/1405/1364 1342/1382/1342
f 1322/1383/1322 1344/1406/1344 1343/1407/1343 1321/1384/1321
f 1323/1385/1323 1345/1408/1345 1344/1406/1344 1322/1383/1322
f 1324/1386/1324 1346/1409/1346 1345/1408/1345 1323/1385/1323
f 1325/1387/1325 1347/1410/1347 1346/1409/1346 1324/1386/1324
f 1326/1388/1326 1348/1411/1348 1347/1410/1347 1325/1387/1325
f 1327/1389/1327 1349/1412/1349 1348/1411/1348 1326/1388/1326
f 1328/1390/1328 1350/1413/1350 1349/1412/1349 1327/1389/1327
f 1329/1391/1329 1351/1414/1351 1350/1413/1350 1328/1390/1328
f 1330/1392/1330 1352/1415/1352 1351/1414/1351 1329/1391/1329
f 1331/1393/1331 1353/1416/1353 1352/1415/1352 1330/1392/1330
f 1332/1394/1332 1354/1417/1354 1353/1416/1353 1331/1393/1331
f 1333/1395/1333 1355/1418/1355 1354/1417/1354 1332/1394/1332
f 1334/1396/1334 1356/1419/1356 1355/1418/1355 1333/1395/1333
f 1335/1397/1335 1357/1420/1357 1356/1419/1356 1334/1396/1334
f 1336/1398/1336 1358/1421/1358 1357/1420/1357 1335/1397/1335
f 1337/1399/1337 1359/1422/1359 1358/1421/1358 1336/1398/1336
f 1338/1400/1338 1360/1423/1360 1359/1422/1359 1337/1399/1337
f 1339/1401/1339 1361/1424/1361 1360/1423/1360 1338/1400/1338
f 1340/1402/1340 1362/1425/1362 1361/1424/1361 1339/1401/1339
f 1341/1403/1341 1363/1426/1363 1362/1425/1362 1340/1402/1340
f 1342/1382/1342 1364/1405/1364 1363/1426/1363 1341/1403/1341
f 1343/1404/1343 1365/1427/1365 1386/1428/1386 1364/1405/1364
f 1344/1406/1344 1366/1429/1366 1365/1430/1365 1343/1407/1343
f 1345/1408/1345 1367/1431/1367 1366/1429/1366 1344/1406/1344
f 1346/1409/1346 1368/1432/1368 1367/1431/1367 1345/1408/1345
f 1347/1410/1347 1369/1433/1369 1368/1432/1368 1346/1409/1346
f 1348/1411/1348 1370/1434/1370 1369/1433/1369 1347/1410/1347
f 1349/1412/1349 1371/1435/1371 1370/1434/1370 1348/1411/1348
f 1350/1413/1350 1372/1436/1372 1371/1435/1371 1349/1412/1349
f 1351/1414/1351 1373/1437/1373 1372/1436/1372 1350/1413/1350
f 1352/1415/1352 1374/1438/1374 1373/1437/1373 1351/1414/1351
f 1353/1416/1353 1375/1439/1375 1374/1438/1374 1352/1415/1352
f 1354/1417/1354 1376/1440/1376 1375/1439/1375 1353/1416/1353
f 1355/1418/1355 1377/1441/1377 1376/1440/1376 1354/1417/1354
f 1356/1419/1356 1378/1442/1378 1377/1441/1377 1355/1418/1355
f 1357/1420/1357 1379/1443/1379 1378/1442/1378 1356/1419/1356
f 1358/1421/1358 1380/1444/1380 1379/1443/1379 1357/1420/1357
f 1359/1422/1359 1381/1445/1381 1380/1444/1380 1358/1421/1358
f 1360/1423/1360 1382/1446/1382 1381/1445/1381 1359/1422/1359
f 1361/1424/1361 1383/1447/1383 1382/1446/1382 1360/1423/1360
f 1362/1425/1362 1384/1448/1384 1383/1447/1383 1361/1424/1361
f 1363/1426/1363 1385/1449/1385 1384/1448/1384 1362/1425/1362
f 1364/1405/1364 1386/1428/1386 1385/1449/1385 1363/1426/1363
f 1365/1427/1365 1387/1450/1387 1408/1451/1408 1386/1428/1386
f 1366/1429/1366 1388/1452/1388 1387/1453/1387 1365/1430/1365
f 1367/1431/1367 1389/1454/1389 1388/1452/1388 1366/1429/1366
f 1368/1432/1368 1390/1455/1390 1389/1454/1389 1367/1431/1367
f 1369/1433/1369 1391/1456/1391 1390/1455/1390 1368/1432/1368
f 1370/1434/1370 1392/1457/1392 1391/1456/1391 1369/1433/1369
f 1371/1435/1371 1393/1458/1393 1392/1457/1392 1370/1434/1370
f 1372/1436/1372 1394/1459/1394 1393/1458/1393 1371/1435/1371
f 1373/1437/1373 1395/1460/1395 1394/1459/1394 1372/1436/1372
f 1374/1438/1374 1396/1461/1396 1395/1460/1395 1373/1437/1373
f 1375/1439/1375 1397/1462/1397 1396/1461/1396 1374/1438/1374
f 1376/1440/1376 1398/1463/1398 1397/1462/1397 1375/1439/1375
f 1377/1441/1377 1399/1464/1399 1398/1463/1398 1376/1440/1376
f 1378/1442/1378 1400/1465/1400 1399/1464/1399 1377/1441/1377
f 1379/1443/1379 1401/1466/1401 1400/1465/1400 1378/1442/1378
f 1380/1444/1380 1402/1467/1402 1401/1466/1401 1379/1443/1379
f 1381/1445/1381 1403/1468/1403 1402/1467/1402 1380/1444/1380
f 1382/1446/1382 1404/1469/1404 1403/1468/1403 1381/1445/1381
f 1383/1447/1383 1405/1470/1405 1404/1469/1404 1382/1446/1382
f 1384/1448/1384 1406/1471/1406 1405/1470/1405 1383/1447/1383
f 1385/1449/1385 1407/1472/1407 1406/1471/1406 1384/1448/1384
f 1386/1428/1386 1408/1451/1408 1407/1472/1407 1385/1449/1385
f 1387/1450/1387 1409/1473/1409 1430/1474/1430 1408/1451/1408
f 1388/1452/1388 1410/1475/1410 1409/1476/1409 1387/1453/1387
f 1389/1454/1389 1411/1477/1411 1410/1475/1410 1388/1452/1388
f 1390/1455/1390 1412/1478/1412 1411/1477/1411 1389/1454/1389
f 1391/1456/1391 1413/1479/1413 1412/1478/1412 1390/1455/1390
f 1392/1457/1392 1414/1480/1414 1413/1479/1413 1391/1456/1391
f 1393/1458/1393 1415/1481/1415 1414/1480/1414 1392/1457/1392
f 1394/1459/1394 1416/1482/1416 1415/1481/1415 1393/1458/1393
f 1395/1460/1395 1417/1483/1417 1416/1482/1416 1394/1459/1394
f 1396/1461/1396 1418/1484/1418 1417/1483/1417 1395/1460/1395
f 1397/1462/1397 1419/1485/1419 1418/1484/1418 1396/1461/1396
f 1398/1463/1398 1420/1486/1420 1419/1485/1419 1397/1462/1397
f 1399/1464/1399 1421/1487/1421 1420/1486/1420 1398/1463/1398
f 1400/1465/1400 1422/1488/1422 1421/1487/1421 1399/1464/1399
f 1401/1466/1401 1423/1489/1423 1422/1488/1422 1400/1465/1400
f 1402/1467/1402 1424/1490/1424 1423/1489/1423 1401/1466/1401
f 1403/1468/1403 1425/1491/1425 1424/1490/1424 1402/1467/1402
f 1404/1469/1404 1426/1492/1426 1425/1491/1425 1403/1468/1403
f 1405/1470/1405 1427/1493/1427 1426/1492/1426 1404/1469/1404
f 1406/1471/1406 1428/1494/1428 1427/1493/1427 1405/1470/1405
f 1407/1472/1407 1429/1495/1429 1428/1494/1428 1406/1471/1406
f 1408/1451/1408 1430/1474/1430 1429/1495/1429 1407/1472/1407
f 1409/1473/1409 1431/1496/1431 1452/1497/1452 1430/1474/1430
f 1410/1475/1410 1432/1498/1432 1431/1499/1431 1409/1476/1409
f 1411/1477/1411 1433/1500/1433 1432/1498/1432 1410/1475/1410
f 1412/1478/1412 1434/1501/1434 1433/1500/1433 1411/1477/1411
f 1413/1479/1413 1435/1502/1435 1434/1501/1434 1412/1478/1412
f 1414/1480/1414 1436/1503/1436 1435/1502/1435 1413/1479/1413
f 1415/1481/1415 1437/1504/1437 1436/1503/1436 1414/1480/1414
f 1416/1482/1416 1438/1505/1438 1437/1504/1437 1415/1481/1415
f 1417/1483/1417 1439/1506/1439 1438/1505/1438 1416/1482/1416
f 1418/1484/1418 1440/1507/1440 1439/1506/1439 1417/1483/1417
f 1419/1485/1419 1441/1508/1441 1440/1507/1440 1418/1484/1418
f 1420/1486/1420 1442/1509/1442 1441/1508/1441 1419/1485/1419
f 1421/1487/1421 1443/1510/1443 1442/1509/1442 1420/1486/1420
f 1422/1488/1422 1444/1511/1444 1443/1510/1443 1421/1487/1421
f 1423/1489/1423 1445/1512/1445 1444/1511/1444 1422/1488/1422
f 1424/1490/1424 1446/1513/1446 1445/1512/1445 1423/1489/1423
f 1425/1491/1425 1447/1514/1447 1446/1513/1446 1424/1490/1424
f 1426/1492/1426 1448/1515/1448 1447/1514/1447 1425/1491/1425
f 1427/1493/1427 1449/1516/1449 1448/1515/1448 1426/1492/1426
f 1428/1494/1428 1450/1517/1450 1449/1516/1449 1427/1493/1427
f 1429/1495/1429 1451/1518/1451 1450/1517/1450 1428/1494/1428
f 1430/1474/1430 1452/1497/1452 1451/1518/1451 1429/1495/1429
f 1431/1496/1431 1453/1519/1453 1474/1520/1474 1452/1497/1452
f 1432/1498/1432 1454/1521/1454 1453/1522/1453 1431/1499/1431
f 1433/1500/1433 1455/1523/1455 1454/1521/1454 1432/1498/1432
f 1434/1501/1434 1456/1524/1456 1455/1523/1455 1433/1500/1433
f 1435/1502/1435 1457/1525/1457 1456/1524/1456 1434/1501/1434
f 1436/1503/1436 1458/1526/1458 1457/1525/1457 1435/1502/1435
f 1437/1504/1437 1459/1527/1459 1458/1526/1458 1436/1503/1436
f 1438/1505/1438 1460/1528/1460 1459/1527/1459 1437/1504/1437
f 1439/1506/1439 1461/1529/1461 1460/1528/1460 1438/1505/1438
f 1440/1507/1440 1462/1530/1462 1461/1529/1461 1439/1506/1439
f 1441/1508/1441 1463/1531/1463 1462/1530/1462 1440/1507/1440
f 1442/1509/1442 1464/1532/1464 1463/1531/1463 1441/1508/1441
f 1443/1510/1443 1465/1533/1465 1464/1532/1464 1442/1509/1442
f 1444/1511/1444 1466/1534/1466 1465/1533/1465 1443/1510/1443
f 1445/1512/1445 1467/1535/1467 1466/1534/1466 1444/1511/1444
f 1446/1513/1446 1468/1536/1468 1467/1535/1467 1445/1512/1445
f 1447/1514/1447 1469/1537/1469 1468/1536/1468 1446/1513/1446
f 1448/1515/1448 1470/1538/1470 1469/1537/1469 1447/1514/1447
f 1449/1516/1449 1471/1539/1471 1470/1538/1470 1448/1515/1448
f 1450/1517/1450 1472/1540/1472 1471/1539/1471 1449/1516/1449
f 1451/1518/1451 1473/1541/1473 1472/1540/1472 1450/1517/1450
f 1452/1497/1452 1474/1520/1474 1473/1541/1473 1451/1518/1451
f 1453/1519/1453 1475/1542/1475 1496/1543/1496 1474/1520/1474
f 1454/1521/1454 1476/1544/1476 1475/1545/1475 1453/1522/1453
f 1455/1523/1455 1477/1546/1477 1476/1544/1476 1454/1521/1454
f 1456/1524/1456 1478/1547/1478 1477/1546/1477 1455/1523/1455
f 1457/1525/1457 1479/1548/1479 1478/1547/1478 1456/1524/1456
f 1458/1526/1458 1480/1549/1480 1479/1548/1479 1457/1525/1457
f 1459/1527/1459 1481/1550/1481 1480/1549/1480 1458/1526/1458
f 1460/1528/1460 1482/1551/1482 1481/1550/1481 1459/1527/1459
f 1461/1529/1461 1483/1552/1483 1482/1551/1482 1460/1528/1460
f 1462/1530/1462 1484/1553/1484 1483/1552/1483 1461/1529/1461
f 1463/1531/1463 1485/1554/1485 1484/1553/1484 1462/1530/1462
f 1464/1532/1464 1486/1555/1486 1485/1554/1485 1463/1531/1463
f 1465/1533/1465 1487/1556/1487 1486/1555/1486 1464/1532/1464
f 1466/1534/1466 1488/1557/1488 1487/1556/1487 1465/1533/1465
f 1467/1535/1467 1489/1558/1489 1488/1557/1488 1466/1534/1466
f 1468/1536/1468 1490/1559/1490 1489/1558/1489 1467/1535/1467
f 1469/1537/1469 1491/1560/1491 1490/1559/1490 1468/1536/1468
f 1470/1538/1470 1492/1561/1492 1491/1560/1491 1469/1537/1469
f 1471/1539/1471 1493/1562/1493 1492/1561/1492 1470/1538/1470
f 1472/1540/1472 1494/1563/1494 1493/1562/1493 1471/1539/1471
f 1473/1541/1473 1495/1564/1495 1494/1563/1494 1472/1540/1472
f 1474/1520/1474 1496/1543/1496 1495/1564/1495 1473/1541/1473
f 1475/1542/1475 1497/1565/1497 1518/1566/1518 1496/1543/1496
f 1476/1544/1476 1498/1567/1498 1497/1568/1497 1475/1545/1475
f 1477/1546/1477 1499/1569/1499 1498/1567/1498 1476/1544/1476
f 1478/1547/1478 1500/1570/1500 1499/1569/1499 1477/1546/1477
f 1479/1548/1479 1501/1571/1501 1500/1570/1500 1478/1547/1478
f 1480/1549/1480 1502/1572/1502 1501/1571/1501 1479/1548/1479
f 1481/1550/1481 1503/1573/1503 1502/1572/1502 1480/1549/1480
f 1482/1551/1482 1504/1574/1504 1503/1573/1503 1481/1550/1481
f 1483/1552/1483 1505/1575/1505 1504/1574/1504 1482/1551/1482
f 1484/1553/1484 1506/1576/1506 1505/1575/1505 1483/1552/1483
f 1485/1554/1485 1507/1577/1507 1506/1576/1506 1484/1553/1484
f 1486/1555/1486 1508/1578/1508 1507/1577/1507 1485/1554/1485
f 1487/1556/1487 1509/1579/1509 1508/1578/1508 1486/1555/1486
f 1488/1557/1488 1510/1580/1510 1509/1579/1509 1487/1556/1487
f 1489/1558/1489 1511/1581/1511 1510/1580/1510 1488/1557/1488
f 1490/1559/1490 1512/1582/1512 1511/1581/1511 1489/1558/1489
f 1491/1560/1491 1513/1583/1513 1512/1582/1512 1490/1559/1490
f 1492/1561/1492 1514/1584/1514 1513/1583/1513 1491/1560/1491
f 1493/1562/1493 1515/1585/1515 1514/1584/1514 1492/1561/1492
f 1494/1563/1494 1516/1586/1516 1515/1585/1515 1493/1562/1493
f 1495/1564/1495 1517/1587/1517 1516/1586/1516 1494/1563/1494
f 1496/1543/1496 1518/1566/1518 1517/1587/1517 1495/1564/1495
f 1497/1565/1497 1519/1588/1519 1540/1589/1540 1518/1566/1518
f 1498/1567/1498 1520/1590/1520 1519/1591/1519 1497/1568/1497
f 1499/1569/1499 1521/1592/1521 1520/1590/1520 1498/1567/1498
f 1500/1570/1500 1522/1593/1522 1521/1592/1521 1499/1569/1499
f 1501/1571/1501 1523/1594/1523 1522/1593/1522 1500/1570/1500
f 1502/1572/1502 1524/1595/1524 1523/1594/1523 1501/1571/1501
f 1503/1573/1503 1525/1596/1525 1524/1595/1524 1502/1572/1502
f 1504/1574/1504 1526/1597/1526 1525/1596/1525 1503/1573/1503
f 1505/1575/1505 1527/1598/1527 1526/1597/1526 1504/1574/1504
f 1506/1576/1506 1528/1599/1528 1527/1598/1527 1505/1575/1505
f 1507/1577/1507 1529/1600/1529 1528/1599/1528 1506/1576/1506
f 1508/1578/1508 1530/1601/1530 1529/1600/1529 1507/1577/1507
f 1509/1579/1509 1531/1602/1531 1530/1601/1530 1508/1578/1508
f 1510/1580/1510 1532/1603/1532 1531/1602/1531 1509/1579/1509
f 1511/1581/1511 1533/1604/1533 1532/1603/1532 1510/1580/1510
f 1512/1582/1512 1534/1605/1534 1533/1604/1533 1511/1581/1511
f 1513/1583/1513 1535/1606/1535 1534/1605/1534 1512/1582/1512
f 1514/1584/1514 1536/1607/1536 1535/1606/1535 1513/1583/1513
f 1515/1585/1515 1537/1608/1537 1536/1607/1536 1514/1584/1514
f 1516/1586/1516 1538/1609/1538 1537/1608/1537 1515/1585/1515
f 1517/1587/1517 1539/1610/1539 1538/1609/1538 1516/1586/1516
f 1518/1566/1518 1540/1589/1540 1539/1610/1539 1517/1587/1517
f 1519/1588/1519 1541/1611/1541 1562/1612/1562 1540/1589/1540
f 1520/1590/1520 1542/1613/1542 1541/1614/1541 1519/1591/1519
f 1521/1592/1521 1543/1615/1543 1542/1613/1542 1520/1590/1520
f 1522/1593/1522 1544/1616/1544 1543/1615/1543 1521/1592/1521
f 1523/1594/1523 1545/1617/1545 1544/1616/1544 1522/1593/1522
f 1524/1595/1524 1546/1618/1546 1545/1617/1545 1523/1594/1523
f 1525/1596/1525 1547/1619/1547 1546/1618/1546 1524/1595/1524
f 1526/1597/1526 1548/1620/1548 1547/1619/1547 1525/1596/1525
f 1527/1598/1527 1549/1621/1549 1548/1620/1548 1526/1597/1526
f 1528/1599/1528 1550/1622/1550 1549/1621/1549 1527/1598/1527
f 1529/1600/1529 1551/1623/1551 1550/1622/1550 1528/1599/1528
f 1530/1601/1530 1552/1624/1552 1551/1623/1551 1529/1600/1529
f 1531/1602/1531 1553/1625/1553 1552/1624/1552 1530/1601/1530
f 1532/1603/1532 1554/1626/1554 1553/1625/1553 1531/1602/1531
f 1533/1604/1533 1555/1627/1555 1554/1626/1554 1532/1603/1532
f 1534/1605/1534 1556/1628/1556 1555/1627/1555 1533/1604/1533
f 1535/1606/1535 1557/1629/1557 1556/1628/1556 1534/1605/1534
f 1536/1607/1536 1558/1630/1558 1557/1629/1557 1535/1606/1535
f 1537/1608/1537 1559/1631/1559 1558/1630/1558 1536/1607/1536
f 1538/1609/1538 1560/1632/1560 1559/1631/1559 1537/1608/1537
f 1539/1610/1539 1561/1633/1561 1560/1632/1560 1538/1609/1538
f 1540/1589/1540 1562/1612/1562 1561/1633/1561 1539/1610/1539
f 1541/1611/1541 1563/1634/1563 1584/1635/1584 1562/1612/1562
f 1542/1613/1542 1564/1636/1564 1563/1637/1563 1541/1614/1541
f 1543/1615/1543 1565/1638/1565 1564/1636/1564 1542/1613/1542
f 1544/1616/1544 1566/1639/1566 1565/1638/1565 1543/1615/1543
f 1545/1617/1545 1567/1640/1567 1566/1639/1566 1544/1616/1544
f 1546/1618/1546 1568/1641/1568 1567/1640/1567 1545/1617/1545
f 1547/1619/1547 1569/1642/1569 1568/1641/1568 1546/1618/1546
f 1548/1620/1548 1570/1643/1570 1569/1642/1569 1547/1619/1547
f 1549/1621/1549 1571/1644/1571 1570/1643/1570 1548/1620/1548
f 1550/1622/1550 1572/1645/1572 1571/1644/1571 1549/1621/1549
f 1551/1623/1551 1573/1646/1573 1572/1645/1572 1550/1622/1550
f 1552/1624/1552 1574/1647/1574 1573/1646/1573 1551/1623/1551
f 1553/1625/1553 1575/1648/1575 1574/1647/1574 1552/1624/1552
f 1554/1626/1554 1576/1649/1576 1575/1648/1575 1553/1625/1553
f 1555/1627/1555 1577/1650/1577 1576/1649/1576 1554/1626/1554
f 1556/1628/1556 1578/1651/1578 1577/1650/1577 1555/1627/1555
f 1557/1629/1557 1579/1652/1579 1578/1651/1578 1556/1628/1556
f 1558/1630/1558 1580/1653/1580 1579/1652/1579 1557/1629/1557
f 1559/1631/1559 1581/1654/1581 1580/1653/1580 1558/1630/1558
f 1560/1632/1560 1582/1655/1582 1581/1654/1581 1559/1631/1559
f 1561/1633/1561 1583/1656/1583 1582/1655/1582 1560/1632/1560
f 1562/1612/1562 1584/1635/1584 1583/1656/1583 1561/1633/1561
f 1563/1634/1563 1585/1657/1585 1606/1658/1606 1584/1635/1584
f 1564/1636/1564 1586/1659/1586 1585/1660/1585 1563/1637/1563
f 1565/1638/1565 1587/1661/1587 1586/1659/1586 1564/1636/1564
f 1566/1639/1566 1588/1662/1588 1587/1661/1587 1565/1638/1565
f 1567/1640/1567 1589/1663/1589 1588/1662/1588 1566/1639/1566
f 1568/1641/1568 1590/1664/1590 1589/1663/1589 1567/1640/1567
f 1569/1642/1569 1591/1665/1591 1590/1664/1590 1568/1641/1568
f 1570/1643/1570 1592/1666/1592 1591/1665/1591 1569/1642/1569
f 1571/1644/1571 1593/1667/1593 1592/1666/1592 1570/1643/1570
f 1572/1645/1572 1594/1668/1594 1593/1667/1593 1571/1644/1571
f 1573/1646/1573 1595/1669/1595 1594/1668/1594 1572/1645/1572
f 1574/1647/1574 1596/1670/1596 1595/1669/1595 1573/1646/1573
f 1575/1648/1575 1597/1671/1597 1596/1670/1596 1574/1647/1574
f 1576/1649/1576 1598/1672/1598 1597/1671/1597 1575/1648/1575
f 1577/1650/1577 1599/1673/1599 1598/1672/1598 1576/1649/1576
f 1578/1651/1578 1600/1674/1600 1599/1673/1599 1577/1650/1577
f 1579/1652/1579 1601/1675/1601 1600/1674/1600 1578/1651/1578
f 1580/1653/1580 1602/1676/1602 1601/1675/1601 1579/1652/1579
f 1581/1654/1581 1603/1677/1603 1602/1676/1602 1580/1653/1580
f 1582/1655/1582 1604/1678/1604 1603/1677/1603 1581/1654/1581
f 1583/1656/1583 1605/1679/1605 1604/1678/1604 1582/1655/1582
f 1584/1635/1584 1606/1658/1606 1605/1679/1605 1583/1656/1583
f 1585/1657/1585 1607/1680/1607 1628/1681/1628 1606/1658/1606
f 1586/1659/1586 1608/1682/1608 1607/1683/1607 1585/1660/1585
f 1587/1661/1587 1609/1684/1609 1608/1682/1608 1586/1659/1586
f 1588/1662/1588 1610/1685/1610 1609/1684/1609 1587/1661/1587
f 1589/1663/1589 1611/1686/1611 1610/1685/1610 1588/1662/1588
f 1590/1664/1590 1612/1687/1612 1611/1686/1611 1589/1663/1589
f 1591/1665/1591 1613/1688/1613 1612/1687/1612 1590/1664/1590
f 1592/1666/1592 1614/1689/1614 1613/1688/1613 1591/1665/1591
f 1593/1667/1593 1615/1690/1615 1614/1689/1614 1592/1666/1592
f 1594/1668/1594 1616/1691/1616 1615/1690/1615 1593/1667/1593
f 1595/1669/1595 1617/1692/1617 1616/1691/1616 1594/1668/1594
f 1596/1670/1596 1618/1693/1618 1617/1692/1617 1595/1669/1595
f 1597/1671/1597 1619/1694/1619 1618/1693/1618 1596/1670/1596
f 1598/1672/1598 1620/1695/1620 1619/1694/1619 1597/1671/1597
f 1599/1673/1599 1621/1696/1621 1620/1695/1620 1598/1672/1598
f 1600/1674/1600 1622/1697/1622 1621/1696/1621 1599/1673/1599
f 1601/1675/1601 1623/1698/1623 1622/1697/1622 1600/1674/1600
f 1602/1676/1602 1624/1699/1624 1623/1698/1623 1601/1675/1601
f 1603/1677/1603 1625/1700/1625 1624/1699/1624 1602/1676/1602
f 1604/1678/1604 1626/1701/1626 1625/1700/1625 1603/1677/1603
f 1605/1679/1605 1627/1702/1627 1626/1701/1626 1604/1678/1604
f 1606/1658/1606 1628/1681/1628 1627/1702/1627 1605/1679/1605
f 1607/1680/1607 1629/1703/1629 1650/1704/1650 1628/1681/1628
f 1608/1682/1608 1630/1705/1630 1629/1706/1629 1607/1683/1607
f 1609/1684/1609 1631/1707/1631 1630/1705/1630 1608/1682/1608
f 1610/1685/1610 1632/1708/1632 1631/1707/1631 1609/1684/1609
f 1611/1686/1611 1633/1709/1633 1632/1708/1632 1610/1685/1610
f 1612/1687/1612 1634/1710/1634 1633/1709/1633 1611/1686/1611
f 1613/1688/1613 1635/1711/1635 1634/1710/1634 1612/1687/1612
f 1614/1689/1614 1636/1712/1636 1635/1711/1635 1613/1688/1613
f 1615/1690/1615 1637/1713/1637 1636/1712/1636 1614/1689/1614
f 1616/1691/1616 1638/1714/1638 1637/1713/1637 1615/1690/1615
f 1617/1692/1617 1639/1715/1639 1638/1714/1638 1616/1691/1616
f 1618/1693/1618 1640/1716/1640 1639/1715/1639 1617/1692/1617
f 1619/1694/1619 1641/1717/1641 1640/1716/1640 1618/1693/1618
f 1620/1695/1620 1642/1718/1642 1641/1717/1641 1619/1694/1619
f 1621/1696/1621 1643/1719/1643 1642/1718/1642 1620/1695/1620
f 1622/1697/1622 1644/1720/1644 1643/1719/1643 1621/1696/1621
f 1623/1698/1623 1645/1721/1645 1644/1720/1644 1622/1697/1622
f 1624/1699/1624 1646/1722/1646 1645/1721/1645 1623/1698/1623
f 1625/1700/1625 1647/1723/1647 1646/1722/1646 1624/1699/1624
f 1626/1701/1626 1648/1724/1648 1647/1723/1647 1625/1700/1625
f 1627/1702/1627 1649/1725/1649 1648/1724/1648 1626/1701/1626
f 1628/1681/1628 1650/1704/1650 1649/1725/1649 1627/1702/1627
f 1629/1703/1629 1651/1726/1651 1672/1727/1672 1650/1704/1650
f 1630/1705/1630 1652/1728/1652 1651/1729/1651 1629/1706/1629
f 1631/1707/1631 1653/1730/1653 1652/1728/1652 1630/1705/1630
f 1632/1708/1632 1654/1731/1654 1653/1730/1653 1631/1707/1631
f 1633/1709/1633 1655/1732/1655 1654/1731/1654 1632/1708/1632
f 1634/1710/1634 1656/1733/1656 1655/1732/1655 1633/1709/1633
f 1635/1711/1635 1657/1734/1657 1656/1733/1656 1634/1710/1634
f 1636/1712/1636 1658/1735/1658 1657/1734/1657 1635/1711/1635
f 1637/1713/1637 1659/1736/1659 1658/1735/1658 1636/1712/1636
f 1638/1714/1638 1660/1737/1660 1659/1736/1659 1637/1713/1637
f 1639/1715/1639 1661/1738/1661 1660/1737/1660 1638/1714/1638
f 1640/1716/1640 1662/1739/1662 1661/1738/1661 1639/1715/1639
f 1641/1717/1641 1663/1740/1663 1662/1739/1662 1640/1716/1640
f 1642/1718/1642 1664/1741/1664 1663/1740/1663 1641/1717/1641
f 1643/1719/1643 1665/1742/1665 1664/1741/1664 1642/1718/1642
f 1644/1720/1644 1666/1743/1666 1665/1742/1665 1643/1719/1643
f 1645/1721/1645 1667/1744/1667 1666/1743/1666 1644/1720/1644
f 1646/1722/1646 1668/1745/1668 1667/1744/1667 1645/1721/1645
f 1647/1723/1647 1669/1746/1669 1668/1745/1668 1646/1722/1646
f 1648/1724/1648 1670/1747/1670 1669/1746/1669 1647/1723/1647
f 1649/1725/1649 1671/1748/1671 1670/1747/1670 1648/1724/1648
f 1650/1704/1650 1672/1727/1672 1671/1748/1671 1649/1725/1649
f 1651/1726/1651 1673/1749/1673 1694/1750/1694 1672/1727/1672
f 1652/1728/1652 1674/1751/1674 1673/1752/1673 1651/1729/1651
f 1653/1730/1653 1675/1753/1675 1674/1751/1674 1652/1728/1652
f 1654/1731/1654 1676/1754/1676 1675/1753/1675 1653/1730/1653
f 1655/1732/1655 1677/1755/1677 1676/1754/1676 1654/1731/1654
f 1656/1733/1656 1678/1756/1678 1677/1755/1677 1655/1732/1655
f 1657/1734/1657 1679/1757/1679 1678/1756/1678 1656/1733/1656
f 1658/1735/1658 1680/1758/1680 1679/1757/1679 1657/1734/1657
f 1659/1736/1659 1681/1759/1681 1680/1758/1680 1658/1735/1658
f 1660/1737/1660 1682/1760/1682 1681/1759/1681 1659/1736/1659
f 1661/1738/1661 1683/1761/1683 1682/1760/1682 1660/1737/1660
f 1662/1739/1662 1684/1762/1684 1683/1761/1683 1661/1738/1661
f 1663/1740/1663 1685/1763/1685 1684/1762/1684 1662/1739/1662
f 1664/1741/1664 1686/1764/1686 1685/1763/1685 1663/1740/1663
f 1665/1742/1665 1687/1765/1687 1686/1764/1686 1664/1741/1664
f 1666/1743/1666 1688/1766/1688 1687/1765/1687 1665/1742/1665
f 1667/1744/1667 1689/1767/1689 1688/1766/1688 1666/1743/1666
f 1668/1745/1668 1690/1768/1690 1689/1767/1689 1667/1744/1667
f 1669/1746/1669 1691/1769/1691 1690/1768/1690 1668/1745/1668
f 1670/1747/1670 1692/1770/1692 1691/1769/1691 1669/1746/1669
f 1671/1748/1671 1693/1771/1693 1692/1770/1692 1670/1747/1670
f 1672/1727/1672 1694/1750/1694 1693/1771/1693 1671/1748/1671
f 1673/1749/1673 1695/1772/1695 1716/1773/1716 1694/1750/1694
f 1674/1751/1674 1696/1774/1696 1695/1775/1695 1673/1752/1673
f 1675/1753/1675 1697/1776/1697 1696/1774/1696 1674/1751/1674
f 1676/1754/1676 1698/1777/1698 1697/1776/1697 1675/1753/1675
f 1677/1755/1677 1699/1778/1699 1698/1777/1698 1676/1754/1676
f 1678/1756/1678 1700/1779/1700 1699/1778/1699 1677/1755/1677
f 1679/1757/1679 1701/1780/1701 1700/1779/1700 1678/1756/1678
f 1680/1758/1680 1702/1781/1702 1701/1780/1701 1679/1757/1679
f 1681/1759/1681 1703/1782/1703 1702/1781/1702 1680/1758/1680
f 1682/1760/1682 1704/1783/1704 1703/1782/1703 1681/1759/1681
f 1683/1761/1683 1705/1784/1705 1704/1783/1704 1682/1760/1682
f 1684/1762/1684 1706/1785/1706 1705/1784/1705 1683/1761/1683
f 1685/1763/1685 1707/1786/1707 1706/1785/1706 1684/1762/1684
f 1686/1764/1686 1708/1787/1708 1707/1786/1707 1685/1763/1685
f 1687/1765/1687 1709/1788/1709 1708/1787/1708 1686/1764/1686
f 1688/1766/1688 1710/1789/1710 1709/1788/1709 1687/1765/1687
f 1689/1767/1689 1711/1790/1711 1710/1789/1710 1688/1766/1688
f 1690/1768/1690 1712/1791/1712 1711/1790/1711 1689/1767/1689
f 1691/1769/1691 1713/1792/1713 1712/1791/1712 1690/1768/1690
f 1692/1770/1692 1714/1793/1714 1713/1792/1713 1691/1769/1691
f 1693/1771/1693 1715/1794/1715 1714/1793/1714 1692/1770/1692
f 1694/1750/1694 1716/1773/1716 1715/1794/1715 1693/1771/1693
f 1695/1772/1695 1717/1795/1717 1738/1796/1738 1716/1773/1716
f 1696/1774/1696 1718/1797/1718 1717/1798/1717 1695/1775/1695
f 1697/1776/1697 1719/1799/1719 1718/1797/1718 1696/1774/1696
f 1698/1777/1698 1720/1800/1720 1719/1799/1719 1697/1776/1697
f 1699/1778/1699 1721/1801/1721 1720/1800/1720 1698/1777/1698
f 1700/1779/1700 1722/1802/1722 1721/1801/1721 1699/1778/1699
f 1701/1780/1701 1723/1803/1723 1722/1802/1722 1700/1779/1700
f 1702/1781/1702 1724/1804/1724 1723/1803/1723 1701/1780/1701
f 1703/1782/1703 1725/1805/1725 1724/1804/1724 1702/1781/1702
f 1704/1783/1704 1726/1806/1726 1725/1805/1725 1703/1782/1703
f 1705/1784/1705 1727/1807/1727 1726/1806/1726 1704/1783/1704
f 1706/1785/1706 1728/1808/1728 1727/1807/1727 1705/1784/1705
f 1707/1786/1707 1729/1809/1729 1728/1808/1728 1706/1785/1706
f 1708/1787/1708 1730/1810/1730 1729/1809/1729 1707/1786/1707
f 1709/1788/1709 1731/1811/1731 1730/1810/1730 1708/1787/1708
f 1710/1789/1710 1732/1812/1732 1731/1811/1731 1709/1788/1709
f 1711/1790/1711 1733/1813/1733 1732/1812/1732 1710/1789/1710
f 1712/1791/1712 1734/1814/1734 1733/1813/1733 1711/1790/1711
f 1713/1792/1713 1735/1815/1735 1734/1814/1734 1712/1791/1712
f 1714/1793/1714 1736/1816/1736 1735/1815/1735 1713/1792/1713
f 1715/1794/1715 1737/1817/1737 1736/1816/1736 1714/1793/1714
f 1716/1773/1716 1738/1796/1738 1737/1817/1737 1715/1794/1715
f 1717/1795/1717 1739/1818/1739 1760/1819/1760 1738/1796/1738
f 1718/1797/1718 1740/1820/1740 1739/1821/1739 1717/1798/1717
f 1719/1799/1719 1741/1822/1741 1740/1820/1740 1718/1797/1718
f 1720/1800/1720 1742/1823/1742 1741/1822/1741 1719/1799/1719
f 1721/1801/1721 1743/1824/1743 1742/1823/1742 1720/1800/1720
f 1722/1802/1722 1744/1825/1744 1743/1824/1743 1721/1801/1721
f 1723/1803/1723 1745/1826/1745 1744/1825/1744 1722/1802/1722
f 1724/1804/1724 1746/1827/1746 1745/1826/1745 1723/1803/1723
f 1725/1805/1725 1747/1828/1747 1746/1827/1746 1724/1804/1724
f 1726/1806/1726 1748/1829/1748 1747/1828/1747 1725/1805/1725
f 1727/1807/1727 1749/1830/1749 1748/1829/1748 1726/1806/1726
f 1728/1808/1728 1750/1831/1750 1749/1830/1749 1727/1807/1727
f 1729/1809/1729 1751/1832/1751 1750/1831/1750 1728/1808/1728
f 1730/1810/1730 1752/1833/1752 1751/1832/1751 1729/1809/1729
f 1731/1811/1731 1753/1834/1753 1752/1833/1752 1730/1810/1730
f 1732/1812/1732 1754/1835/1754 1753/1834/1753 1731/1811/1731
f 1733/1813/1733 1755/1836/1755 1754/1835/1754 1732/1812/1732
f 1734/1814/1734 1756/1837/1756 1755/1836/1755 1733/1813/1733
f 1735/1815/1735 1757/1838/1757 1756/1837/1756 1734/1814/1734
f 1736/1816/1736 1758/1839/1758 1757/1838/1757 1735/1815/1735
f 1737/1817/1737 1759/1840/1759 1758/1839/1758 1736/1816/1736
f 1738/1796/1738 1760/1819/1760 1759/1840/1759 1737/1817/1737
f 1739/1818/1739 1761/1841/1761 1782/1842/1782 1760/1819/1760
f 1740/1820/1740 1762/1843/1762 1761/1844/1761 1739/1821/1739
f 1741/1822/1741 1763/1845/1763 1762/1843/1762 1740/1820/1740
f 1742/1823/1742 1764/1846/1764 1763/1845/1763 1741/1822/1741
f 1743/1824/1743 1765/1847/1765 1764/1846/1764 1742/1823/1742
f 1744/1825/1744 1766/1848/1766 1765/1847/1765 1743/1824/1743
f 1745/1826/1745 1767/1849/1767 1766/1848/1766 1744/1825/1744
f 1746/1827/1746 1768/1850/1768 1767/1849/1767 1745/1826/1745
f 1747/1828/1747 1769/1851/1769 1768/1850/1768 1746/1827/1746
f 1748/1829/1748 1770/1852/1770 1769/1851/1769 1747/1828/1747
f 1749/1830/1749 1771/1853/1771 1770/1852/1770 1748/1829/1748
f 1750/1831/1750 1772/1854/1772 1771/1853/1771 1749/1830/1749
f 1751/1832/1751 1773/1855/1773 1772/1854/1772 1750/1831/1750
f 1752/1833/1752 1774/1856/1774 1773/1855/1773 1751/1832/1751
f 1753/1834/1753 1775/1857/1775 1774/1856/1774 1752/1833/1752
f 1754/1835/1754 1776/1858/1776 1775/1857/1775 1753/1834/1753
f 1755/1836/1755 1777/1859/1777 1776/1858/1776 1754/1835/1754
f 1756/1837/1756 1778/1860/1778 1777/1859/1777 1755/1836/1755
f 1757/1838/1757 1779/1861/1779 1778/1860/1778 1756/1837/1756
f 1758/1839/1758 1780/1862/1780 1779/1861/1779 1757/1838/1757
f 1759/1840/1759 1781/1863/1781 1780/1862/1780 1758/1839/1758
f 1760/1819/1760 1782/1842/1782 1781/1863/1781 1759/1840/1759
f 1761/1841/1761 1783/1864/1783 1804/1865/1804 1782/1842/1782
f 1762/1843/1762 1784/1866/1784 1783/1867/1783 1761/1844/1761
f 1763/1845/1763 1785/1868/1785 1784/1866/1784 1762/1843/1762
f 1764/1846/1764 1786/1869/1786 1785/1868/1785 1763/1845/1763
f 1765/1847/1765 1787/1870/1787 1786/1869/1786 1764/1846/1764
f 1766/1848/1766 1788/1871/1788 1787/1870/1787 1765/1847/1765
f 1767/1849/1767 1789/1872/1789 1788/1871/1788 1766/1848/1766
f 1768/1850/1768 1790/1873/1790 1789/1872/1789 1767/1849/1767
f 1769/1851/1769 1791/1874/1791 1790/1873/1790 1768/1850/1768
f 1770/1852/1770 1792/1875/1792 1791/1874/1791 1769/1851/1769
f 1771/1853/1771 1793/1876/1793 1792/1875/1792 1770/1852/1770
f 1772/1854/1772 1794/1877/1794 1793/1876/1793 1771/1853/1771
f 1773/1855/1773 1795/1878/1795 1794/1877/1794 1772/1854/1772
f 1774/1856/1774 1796/1879/1796 1795/1878/1795 1773/1855/1773
f 1775/1857/1775 1797/1880/1797 1796/1879/1796 1774/1856/1774
f 1776/1858/1776 1798/1881/1798 1797/1880/1797 1775/1857/1775
f 1777/1859/1777 1799/1882/1799 1798/1881/1798 1776/1858/1776
f 1778/1860/1778 1800/1883/1800 1799/1882/1799 1777/1859/1777
f 1779/1861/1779 1801/1884/1801 1800/1883/1800 1778/1860/1778
f 1780/1862/1780 1802/1885/1802 1801/1884/1801 1779/1861/1779
f 1781/1863/1781 1803/1886/1803 1802/1885/1802 1780/1862/1780
f 1782/1842/1782 1804/1865/1804 1803/1886/1803 1781/1863/1781
f 1783/1864/1783 1805/1887/1805 1826/1888/1826 1804/1865/1804
f 1784/1866/1784 1806/1889/1806 1805/1890/1805 1783/1867/1783
f 1785/1868/1785 1807/1891/1807 1806/1889/1806 1784/1866/1784
f 1786/1869/1786 1808/1892/1808 1807/1891/1807 1785/1868/1785
f 1787/1870/1787 1809/1893/1809 1808/1892/1808 1786/1869/1786
f 1788/1871/1788 1810/1894/1810 1809/1893/1809 1787/1870/1787
f 1789/1872/1789 1811/1895/1811 1810/1894/1810 1788/1871/1788
f 1790/1873/1790 1812/1896/1812 1811/1895/1811 1789/1872/1789
f 1791/1874/1791 1813/1897/1813 1812/1896/1812 1790/1873/1790
f 1792/1875/1792 1814/1898/1814 1813/1897/1813 1791/1874/1791
f 1793/1876/1793 1815/1899/1815 1814/1898/1814 1792/1875/1792
f 1794/1877/1794 1816/1900/1816 1815/1899/1815 1793/1876/1793
f 1795/1878/1795 1817/1901/1817 1816/1900/1816 1794/1877/1794
f 1796/1879/1796 1818/1902/1818 1817/1901/1817 1795/1878/1795
f 1797/1880/1797 1819/1903/1819 1818/1902/1818 1796/1879/1796
f 1798/1881/1798 1820/1904/1820 1819/1903/1819 1797/1880/1797
f 1799/1882/1799 1821/1905/1821 1820/1904/1820 1798/1881/1798
f 1800/1883/1800 1822/1906/1822 1821/1905/1821 1799/1882/1799
f 1801/1884/1801 1823/1907/1823 1822/1906/1822 1800/1883/1800
f 1802/1885/1802 1824/1908/1824 1823/1907/1823 1801/1884/1801
f 1803/1886/1803 1825/1909/1825 1824/1908/1824 1802/1885/1802
f 1804/1865/1804 1826/1888/1826 1825/1909/1825 1803/1886/1803
f 1805/1887/1805 1827/1910/1827 1848/1911/1848 1826/1888/1826
f 1806/1889/1806 1828/1912/1828 1827/1913/1827 1805/1890/1805
f 1807/1891/1807 1829/1914/1829 1828/1912/1828 1806/1889/1806
f 1808/1892/1808 1830/1915/1830 1829/1914/1829 1807/1891/1807
f 1809/1893/1809 1831/1916/1831 1830/1915/1830 1808/1892/1808
f 1810/1894/1810 1832/1917/1832 1831/1916/1831 1809/1893/1809
f 1811/1895/1811 1833/1918/1833 1832/1917/1832 1810/1894/1810
f 1812/1896/1812 1834/1919/1834 1833/1918/1833 1811/1895/1811
f 1813/1897/1813 1835/1920/1835 1834/1919/1834 1812/1896/1812
f 1814/1898/1814 1836/1921/1836 1835/1920/1835 1813/1897/1813
f 1815/1899/1815 1837/1922/1837 1836/1921/1836 1814/1898/1814
f 1816/1900/1816 1838/1923/1838 1837/1922/1837 1815/1899/1815
f 1817/1901/1817 1839/1924/1839 1838/1923/1838 1816/1900/1816
f 1818/1902/1818 1840/1925/1840 1839/1924/1839 1817/1901/1817
f 1819/1903/1819 1841/1926/1841 1840/1925/1840 1818/1902/1818
f 1820/1904/1820 1842/1927/1842 1841/1926/1841 1819/1903/1819
f 1821/1905/1821 1843/1928/1843 1842/1927/1842 1820/1904/1820
f 1822/1906/1822 1844/1929/1844 1843/1928/1843 1821/1905/1821
f 1823/1907/1823 1845/1930/1845 1844/1929/1844 1822/1906/1822
f 1824/1908/1824 1846/1931/1846 1845/1930/1845 1823/1907/1823
f 1825/1909/1825 1847/1932/1847 1846/1931/1846 1824/1908/1824
f 1826/1888/1826 1848/1911/1848 1847/1932/1847 1825/1909/1825
f 1827/1910/1827 1849/1933/1849 1870/1934/1870 1848/1911/1848
f 1828/1912/1828 1850/1935/1850 1849/1936/1849 1827/1913/1827
f 1829/1914/1829 1851/1937/1851 1850/1935/1850 1828/1912/1828
f 1830/1915/1830 1852/1938/1852 1851/1937/1851 1829/1914/1829
f 1831/1916/1831 1853/1939/1853 1852/1938/1852 1830/1915/1830
f 1832/1917/1832 1854/1940/1854 1853/1939/1853 1831/1916/1831
f 1833/1918/1833 1855/1941/1855 1854/1940/1854 1832/1917/1832
f 1834/1919/1834 1856/1942/1856 1855/1941/1855 1833/1918/1833
f 1835/1920/1835 1857/1943/1857 1856/1942/1856 1834/1919/1834
f 1836/1921/1836 1858/1944/1858 1857/1943/1857 1835/1920/1835
f 1837/1922/1837 1859/1945/1859 1858/1944/1858 1836/1921/1836
f 1838/1923/1838 1860/1946/1860 1859/1945/1859 1837/1922/1837
f 1839/1924/1839 1861/1947/1861 1860/1946/1860 1838/1923/1838
f 1840/1925/1840 1862/1948/1862 1861/1947/1861 1839/1924/1839
f 1841/1926/1841 1863/1949/1863 1862/1948/1862 1840/1925/1840
f 1842/1927/1842 1864/1950/1864 1863/1949/1863 1841/1926/1841
f 1843/1928/1843 1865/1951/1865 1864/1950/1864 1842/1927/1842
f 1844/1929/1844 1866/1952/1866 1865/1951/1865 1843/1928/1843
f 1845/1930/1845 1867/1953/1867 1866/1952/1866 1844/1929/1844
f 1846/1931/1846 1868/1954/1868 1867/1953/1867 1845/1930/1845
f 1847/1932/1847 1869/1955/1869 1868/1954/1868 1846/1931/1846
f 1848/1911/1848 1870/1934/1870 1869/1955/1869 1847/1932/1847
f 1849/1933/1849 1871/1956/1871 1892/1957/1892 1870/1934/1870
f 1850/1935/1850 1872/1958/1872 1871/1959/1871 1849/1936/1849
f 1851/1937/1851 1873/1960/1873 1872/1958/1872 1850/1935/1850
f 1852/1938/1852 1874/1961/1874 1873/1960/1873 1851/1937/1851
f 1853/1939/1853 1875/1962/1875 1874/1961/1874 1852/1938/1852
f 1854/1940/1854 1876/1963/1876 1875/1962/1875 1853/1939/1853
f 1855/1941/1855 1877/1964/1877 1876/1963/1876 1854/1940/1854
f 1856/1942/1856 1878/1965/1878 1877/1964/1877 1855/1941/1855
f 1857/1943/1857 1879/1966/1879 1878/1965/1878 1856/1942/1856
f 1858/1944/1858 1880/1967/1880 1879/1966/1879 1857/1943/1857
f 1859/1945/1859 1881/1968/1881 1880/1967/1880 1858/1944/1858
f 1860/1946/1860 1882/1969/1882 1881/1968/1881 1859/1945/1859
f 1861/1947/1861 1883/1970/1883 1882/1969/1882 1860/1946/1860
f 1862/1948/1862 1884/1971/1884 1883/1970/1883 1861/1947/1861
f 1863/1949/1863 1885/1972/1885 1884/1971/1884 1862/1948/1862
f 1864/1950/1864 1886/1973/1886 1885/1972/1885 1863/1949/1863
f 1865/1951/1865 1887/1974/1887 1886/1973/1886 1864/1950/1864
f 1866/1952/1866 1888/1975/1888 1887/1974/1887 1865/1951/1865
f 1867/1953/1867 1889/1976/1889 1888/1975/1888 1866/1952/1866
f 1868/1954/1868 1890/1977/1890 1889/1976/1889 1867/1953/1867
f 1869/1955/1869 1891/1978/1891 1890/1977/1890 1868/1954/1868
f 1870/1934/1870 1892/1957/1892 1891/1978/1891 1869/1955/1869
f 1871/1956/1871 1893/1979/1893 1914/1980/1914 1892/1957/1892
f 1872/1958/1872 1894/1981/1894 1893/1982/1893 1871/1959/1871
f 1873/1960/1873 1895/1983/1895 1894/1981/1894 1872/1958/1872
f 1874/1961/1874 1896/1984/1896 1895/1983/1895 1873/1960/1873
f 1875/1962/1875 1897/1985/1897 1896/1984/1896 1874/1961/1874
f 1876/1963/1876 1898/1986/1898 1897/1985/1897 1875/1962/1875
f 1877/1964/1877 1899/1987/1899 1898/1986/1898 1876/1963/1876
f 1878/1965/1878 1900/1988/1900 1899/1987/1899 1877/1964/1877
f 1879/1966/1879 1901/1989/1901 1900/1988/1900 1878/1965/1878
f 1880/1967/1880 1902/1990/1902 1901/1989/1901 1879/1966/1879
f 1881/1968/1881 1903/1991/1903 1902/1990/1902 1880/1967/1880
f 1882/1969/1882 1904/1992/1904 1903/1991/1903 1881/1968/1881
f 1883/1970/1883 1905/1993/1905 1904/1992/1904 1882/1969/1882
f 1884/1971/1884 1906/1994/1906 1905/1993/1905 1883/1970/1883
f 1885/1972/1885 1907/1995/1907 1906/1994/1906 1884/1971/1884
f 1886/1973/1886 1908/1996/1908 1907/1995/1907 1885/1972/1885
f 1887/1974/1887 1909/1997/1909 1908/1996/1908 1886/1973/1886
f 1888/1975/1888 1910/1998/1910 1909/1997/1909 1887/1974/1887
f 1889/1976/1889 1911/1999/1911 1910/1998/1910 1888/1975/1888
f 1890/1977/1890 1912/2000/1912 1911/1999/1911 1889/1976/1889
f 1891/1978/1891 1913/2001/1913 1912/2000/1912 1890/1977/1890
f 1892/1957/1892 1914/1980/1914 1913/2001/1913 1891/1978/1891
f 1893/1979/1893 1915/2002/1915 1936/2003/1936 1914/1980/1914
f 1894/1981/1894 1916/2004/1916 1915/2005/1915 1893/1982/1893
f 1895/1983/1895 1917/2006/1917 1916/2004/1916 1894/1981/1894
f 1896/1984/1896 1918/2007/1918 1917/2006/1917 1895/1983/1895
f 1897/1985/1897 1919/2008/1919 1918/2007/1918 1896/1984/1896
f 1898/1986/1898 1920/2009/1920 1919/2008/1919 1897/1985/1897
f 1899/1987/1899 1921/2010/1921 1920/2009/1920 1898/1986/1898
f 1900/1988/1900 1922/2011/1922 1921/2010/1921 1899/1987/1899
f 1901/1989/1901 1923/2012/1923 1922/2011/1922 1900/1988/1900
f 1902/1990/1902 1924/2013/1924 1923/2012/1923 1901/1989/1901
f 1903/1991/1903 1925/2014/1925 1924/2013/1924 1902/1990/1902
f 1904/1992/1904 1926/2015/1926 1925/2014/1925 1903/1991/1903
f 1905/1993/1905 1927/2016/1927 1926/2015/1926 1904/1992/1904
f 1906/1994/1906 1928/2017/1928 1927/2016/1927 1905/1993/1905
f 1907/1995/1907 1929/2018/1929 1928/2017/1928 1906/1994/1906
f 1908/1996/1908 1930/2019/1930 1929/2018/1929 1907/1995/1907
f 1909/1997/1909 1931/2020/1931 1930/2019/1930 1908/1996/1908
f 1910/1998/1910 1932/2021/1932 1931/2020/1931 1909/1997/1909
f 1911/1999/1911 1933/2022/1933 1932/2021/1932 1910/1998/1910
f 1912/2000/1912 1934/2023/1934 1933/2022/1933 1911/1999/1911
f 1913/2001/1913 1935/2024/1935 1934/2023/1934 1912/2000/1912
f 1914/1980/1914 1936/2003/1936 1935/2024/1935 1913/2001/1913
f 1915/2002/1915 1937/2025/1937 1958/2026/1958 1936/2003/1936
f 1916/2004/1916 1938/2027/1938 1937/2028/1937 1915/2005/1915
f 1917/2006/1917 1939/2029/1939 1938/2027/1938 1916/2004/1916
f 1918/2007/1918 1940/2030/1940 1939/2029/1939 1917/2006/1917
f 1919/2008/1919 1941/2031/1941 1940/2030/1940 1918/2007/1918
f 1920/2009/1920 1942/2032/1942 1941/2031/1941 1919/2008/1919
f 1921/2010/1921 1943/2033/1943 1942/2032/1942 1920/2009/1920
f 1922/2011/1922 1944/2034/1944 1943/2033/1943 1921/2010/1921
f 1923/2012/1923 1945/2035/1945 1944/2034/1944 1922/2011/1922
f 1924/2013/1924 1946/2036/1946 1945/2035/1945 1923/2012/1923
f 1925/2014/1925 1947/2037/1947 1946/2036/1946 1924/2013/1924
f 1926/2015/1926 1948/2038/1948 1947/2037/1947 1925/2014/1925
f 1927/2016/1927 1949/2039/1949 1948/2038/1948 1926/2015/1926
f 1928/2017/1928 1950/2040/1950 1949/2039/1949 1927/2016/1927
f 1929/2018/1929 1951/2041/1951 1950/2040/1950 1928/2017/1928
f 1930/2019/1930 1952/2042/1952 1951/2041/1951 1929/2018/1929
f 1931/2020/1931 1953/2043/1953 1952/2042/1952 1930/2019/1930
f 1932/2021/1932 1954/2044/1954 1953/2043/1953 1931/2020/1931
f 1933/2022/1933 1955/2045/1955 1954/2044/1954 1932/2021/1932
f 1934/2023/1934 1956/2046/1956 1955/2045/1955 1933/2022/1933
f 1935/2024/1935 1957/2047/1957 1956/2046/1956 1934/2023/1934
f 1936/2003/1936 1958/2026/1958 1957/2047/1957 1935/2024/1935
f 1937/2025/1937 1959/2048/1959 1980/2049/1980 1958/2026/1958
f 1938/2027/1938 1960/2050/1960 1959/2051/1959 1937/2028/1937
f 1939/2029/1939 1961/2052/1961 1960/2050/1960 1938/2027/1938
f 1940/2030/1940 1962/2053/1962 1961/2052/1961 1939/2029/1939
f 1941/2031/1941 1963/2054/1963 1962/2053/1962 1940/2030/1940
f 1942/2032/1942 1964/2055/1964 1963/2054/1963 1941/2031/1941
f 1943/2033/1943 1965/2056/1965 1964/2055/1964 1942/2032/1942
f 1944/2034/1944 1966/2057/1966 1965/2056/1965 1943/2033/1943
f 1945/2035/1945 1967/2058/1967 1966/2057/1966 1944/2034/1944
f 1946/2036/1946 1968/2059/1968 1967/2058/1967 1945/2035/1945
f 1947/2037/1947 1969/2060/1969 1968/2059/1968 1946/2036/1946
f 1948/2038/1948 1970/2061/1970 1969/2060/1969 1947/2037/1947
f 1949/2039/1949 1971/2062/1971 1970/2061/1970 1948/2038/1948
f 1950/2040/1950 1972/2063/1972 1971/2062/1971 1949/2039/1949
f 1951/2041/1951 1973/2064/1973 1972/2063/1972 1950/2040/1950
f 1952/2042/1952 1974/2065/1974 1973/2064/1973 1951/2041/1951
f 1953/2043/1953 1975/2066/1975 1974/2065/1974 1952/2042/1952
f 1954/2044/1954 1976/2067/1976 1975/2066/1975 1953/2043/1953
f 1955/2045/1955 1977/2068/1977 1976/2067/1976 1954/2044/1954
f 1956/2046/1956 1978/2069/1978 1977/2068/1977 1955/2045/1955
f 1957/2047/1957 1979/2070/1979 1978/2069/1978 1956/2046/1956
f 1958/2026/1958 1980/2049/1980 1979/2070/1979 1957/2047/1957
f 1959/2048/1959 1981/2071/1981 2002/2072/2002 1980/2049/1980
f 1960/2050/1960 1982/2073/1982 1981/2074/1981 1959/2051/1959
f 1961/2052/1961 1983/2075/1983 1982/2073/1982 1960/2050/1960
f 1962/2053/1962 1984/2076/1984 1983/2075/1983 1961/2052/1961
f 1963/2054/1963 1985/2077/1985 1984/2076/1984 1962/2053/1962
f 1964/2055/1964 1986/2078/1986 1985/2077/1985 1963/2054/1963
f 1965/2056/1965 1987/2079/1987 1986/2078/1986 1964/2055/1964
f 1966/2057/1966 1988/2080/1988 1987/2079/1987 1965/2056/1965
f 1967/2058/1967 1989/2081/1989 1988/2080/1988 1966/2057/1966
f 1968/2059/1968 1990/2082/1990 1989/2081/1989 1967/2058/1967
f 1969/2060/1969 1991/2083/1991 1990/2082/1990 1968/2059/1968
f 1970/2061/1970 1992/2084/1992 1991/2083/1991 1969/2060/1969
f 1971/2062/1971 1993/2085/1993 1992/2084/1992 1970/2061/1970
f 1972/2063/1972 1994/2086/1994 1993/2085/1993 1971/2062/1971
f 1973/2064/1973 1995/2087/1995 1994/2086/1994 1972/2063/1972
f 1974/2065/1974 1996/2088/1996 1995/2087/1995 1973/2064/1973
f 1975/2066/1975 1997/2089/1997 1996/2088/1996 1974/2065/1974
f 1976/2067/1976 1998/2090/1998 1997/2089/1997 1975/2066/1975
f 1977/2068/1977 1999/2091/1999 1998/2090/1998 1976/2067/1976
f 1978/2069/1978 2000/2092/2000 1999/2091/1999 1977/2068/1977
f 1979/2070/1979 2001/2093/2001 2000/2092/2000 1978/2069/1978
f 1980/2049/1980 2002/2072/2002 2001/2093/2001 1979/2070/1979
f 1981/2071/1981 2003/2094/2003 2024/2095/2024 2002/2072/2002
f 1982/2073/1982 2004/2096/2004 2003/2097/2003 1981/2074/1981
f 1983/2075/1983 2005/2098/2005 2004/2096/2004 1982/2073/1982
f 1984/2076/1984 2006/2099/2006 2005/2098/2005 1983/2075/1983
f 1985/2077/1985 2007/2100/2007 2006/2099/2006 1984/2076/1984
f 1986/2078/1986 2008/2101/2008 2007/2100/2007 1985/2077/1985
f 1987/2079/1987 2009/2102/2009 2008/2101/2008 1986/2078/1986
f 1988/2080/1988 2010/2103/2010 2009/2102/2009 1987/2079/1987
f 1989/2081/1989 2011/2104/2011 2010/2103/2010 1988/2080/1988
f 1990/2082/1990 2012/2105/2012 2011/2104/2011 1989/2081/1989
f 1991/2083/1991 2013/2106/2013 2012/2105/2012 1990/2082/1990
f 1992/2084/1992 2014/2107/2014 2013/2106/2013 1991/2083/1991
f 1993/2085/1993 2015/2108/2015 2014/2107/2014 1992/2084/1992
f 1994/2086/1994 2016/2109/2016 2015/2108/2015 1993/2085/1993
f 1995/2087/1995 2017/2110/2017 2016/2109/2016 1994/2086/1994
f 1996/2088/1996 2018/2111/2018 2017/2110/2017 1995/2087/1995
f 1997/2089/1997 2019/2112/2019 2018/2111/2018 1996/2088/1996
f 1998/2090/1998 2020/2113/2020 2019/2112/2019 1997/2089/1997
f 1999/2091/1999 2021/2114/2021 2020/2113/2020 1998/2090/1998
f 2000/2092/2000 2022/2115/2022 2021/2114/2021 1999/2091/1999
f 2001/2093/2001 2023/2116/2023 2022/2115/2022 2000/2092/2000
f 2002/2072/2002 2024/2095/2024 2023/2116/2023 2001/2093/2001
f 2003/2094/2003 2025/2117/2025 2046/2118/2046 2024/2095/2024
f 2004/2096/2004 2026/2119/2026 2025/2120/2025 2003/2097/2003
f 2005/2098/2005 2027/2121/2027 2026/2119/2026 2004/2096/2004
f 2006/2099/2006 2028/2122/2028 2027/2121/2027 2005/2098/2005
f 2007/2100/2007 2029/2123/2029 2028/2122/2028 2006/2099/2006
f 2008/2101/2008 2030/2124/2030 2029/2123/2029 2007/2100/2007
f 2009/2102/2009 2031/2125/2031 2030/2124/2030 2008/2101/2008
f 2010/2103/2010 2032/2126/2032 2031/2125/2031 2009/2102/2009
f 2011/2104/2011 2033/2127/2033 2032/2126/2032 2010/2103/2010
f 2012/2105/2012 2034/2128/2034 2033/2127/2033 2011/2104/2011
f 2013/2106/2013 2035/2129/2035 2034/2128/2034 2012/2105/2012
f 2014/2107/2014 2036/2130/2036 2035/2129/2035 2013/2106/2013
f 2015/2108/2015 2037/2131/2037 2036/2130/2036 2014/2107/2014
f 2016/2109/2016 2038/2132/2038 2037/2131/2037 2015/2108/2015
f 2017/2110/2017 2039/2133/2039 2038/2132/2038 2016/2109/2016
f 2018/2111/2018 2040/2134/2040 2039/2133/2039 2017/2110/2017
f 2019/2112/2019 2041/2135/2041 2040/2134/2040 2018/2111/2018
f 2020/2113/2020 2042/2136/2042 2041/2135/2041 2019/2112/2019
f 2021/2114/2021 2043/2137/2043 2042/2136/2042 2020/2113/2020
f 2022/2115/2022 2044/2138/2044 2043/2137/2043 2021/2114/2021
f 2023/2116/2023 2045/2139/2045 2044/2138/2044 2022/2115/2022
f 2024/2095/2024 2046/2118/2046 2045/2139/2045 2023/2116/2023
f 2025/2117/2025 2047/2140/2047 2068/2141/2068 2046/2118/2046
f 2026/2119/2026 2048/2142/2048 2047/2143/2047 2025/2120/2025
f 2027/2121/2027 2049/2144/2049 2048/2142/2048 2026/2119/2026
f 2028/2122/2028 2050/2145/2050 2049/2144/2049 2027/2121/2027
f 2029/2123/2029 2051/2146/2051 2050/2145/2050 2028/2122/2028
f 2030/2124/2030 2052/2147/2052 2051/2146/2051 2029/2123/2029
f 2031/2125/2031 2053/2148/2053 2052/2147/2052 2030/2124/2030
f 2032/2126/2032 2054/2149/2054 2053/2148/2053 2031/2125/2031
f 2033/2127/2033 2055/2150/2055 2054/2149/2054 2032/2126/2032
f 2034/2128/2034 2056/2151/2056 2055/2150/2055 2033/2127/2033
f 2035/2129/2035 2057/2152/2057 2056/2151/2056 2034/2128/2034
f 2036/2130/2036 2058/2153/2058 2057/2152/2057 2035/2129/2035
f 2037/2131/2037 2059/2154/2059 2058/2153/2058 2036/2130/2036
f 2038/2132/2038 2060/2155/2060 2059/2154/2059 2037/2131/2037
f 2039/2133/2039 2061/2156/2061 2060/2155/2060 2038/2132/2038
f 2040/2134/2040 2062/2157/2062 2061/2156/2061 2039/2133/2039
f 2041/2135/2041 2063/2158/2063 2062/2157/2062 2040/2134/2040
f 2042/2136/2042 2064/2159/2064 2063/2158/2063 2041/2135/2041
f 2043/2137/2043 2065/2160/2065 2064/2159/2064 2042/2136/2042
f 2044/2138/2044 2066/2161/2066 2065/2160/2065 2043/2137/2043
f 2045/2139/2045 2067/2162/2067 2066/2161/2066 2044/2138/2044
f 2046/2118/2046 2068/2141/2068 2067/2162/2067 2045/2139/2045
f 2047/2140/2047 2069/2163/2069 2090/2164/2090 2068/2141/2068
f 2048/2142/2048 2070/2165/2070 2069/2166/2069 2047/2143/2047
f 2049/2144/2049 2071/2167/2071 2070/2165/2070 2048/2142/2048
f 2050/2145/2050 2072/2168/2072 2071/2167/2071 2049/2144/2049
f 2051/2146/2051 2073/2169/2073 2072/2168/2072 2050/2145/2050
f 2052/2147/2052 2074/2170/2074 2073/2169/2073 2051/2146/2051
f 2053/2148/2053 2075/2171/2075 2074/2170/2074 2052/2147/2052
f 2054/2149/2054 2076/2172/2076 2075/2171/2075 2053/2148/2053
f 2055/2150/2055 2077/2173/2077 2076/2172/2076 2054/2149/2054
f 2056/2151/2056 2078/2174/2078 2077/2173/2077 2055/2150/2055
f 2057/2152/2057 2079/2175/2079 2078/2174/2078 2056/2151/2056
f 2058/2153/2058 2080/2176/2080 2079/2175/2079 2057/2152/2057
f 2059/2154/2059 2081/2177/2081 2080/2176/2080 2058/2153/2058
f 2060/2155/2060 2082/2178/2082 2081/2177/2081 2059/2154/2059
f 2061/2156/2061 2083/2179/2083 2082/2178/2082 2060/2155/2060
f 2062/2157/2062 2084/2180/2084 2083/2179/2083 2061/2156/2061
f 2063/2158/2063 2085/2181/2085 2084/2180/2084 2062/2157/2062
f 2064/2159/2064 2086/2182/2086 2085/2181/2085 2063/2158/2063
f 2065/2160/2065 2087/2183/2087 2086/2182/2086 2064/2159/2064
f 2066/2161/2066 2088/2184/2088 2087/2183/2087 2065/2160/2065
f 2067/2162/2067 2089/2185/2089 2088/2184/2088 2066/2161/2066
f 2068/2141/2068 2090/2164/2090 2089/2185/2089 2067/2162/2067
f 2069/2163/2069 2091/2186/2091 2112/2187/2112 2090/2164/2090
f 2070/2165/2070 2092/2188/2092 2091/2189/2091 2069/2166/2069
f 2071/2167/2071 2093/2190/2093 2092/2188/2092 2070/2165/2070
f 2072/2168/2072 2094/2191/2094 2093/2190/2093 2071/2167/2071
f 2073/2169/2073 2095/2192/2095 2094/2191/2094 2072/2168/2072
f 2074/2170/2074 2096/2193/2096 2095/2192/2095 2073/2169/2073
f 2075/2171/2075 2097/2194/2097 2096/2193/2096 2074/2170/2074
f 2076/2172/2076 2098/2195/2098 2097/2194/2097 2075/2171/2075
f 2077/2173/2077 2099/2196/2099 2098/2195/2098 2076/2172/2076
f 2078/2174/2078 2100/2197/2100 2099/2196/2099 2077/2173/2077
f 2079/2175/2079 2101/2198/2101 2100/2197/2100 2078/2174/2078
f 2080/2176/2080 2102/2199/2102 2101/2198/2101 2079/2175/2079
f 2081/2177/2081 2103/2200/2103 2102/2199/2102 2080/2176/2080
f 2082/2178/2082 2104/2201/2104 2103/2200/2103 2081/2177/2081
f 2083/2179/2083 2105/2202/2105 2104/2201/2104 2082/2178/2082
f 2084/2180/2084 2106/2203/2106 2105/2202/2105 2083/2179/2083
f 2085/2181/2085 2107/2204/2107 2106/2203/2106 2084/2180/2084
f 2086/2182/2086 2108/2205/2108 2107/2204/2107 2085/2181/2085
f 2087/2183/2087 2109/2206/2109 2108/2205/2108 2086/2182/2086
f 2088/2184/2088 2110/2207/2110 2109/2206/2109 2087/2183/2087
f 2089/2185/2089 2111/2208/2111 2110/2207/2110 2088/2184/2088
f 2090/2164/2090 2112/2187/2112 2111/2208/2111 2089/2185/2089
f 2091/2186/2091 2113/2209/2113 2134/2210/2134 2112/2187/2112
f 2092/2188/2092 2114/2211/2114 2113/2212/2113 2091/2189/2091
f 2093/2190/2093 2115/2213/2115 2114/2211/2114 2092/2188/2092
f 2094/2191/2094 2116/2214/2116 2115/2213/2115 2093/2190/2093
f 2095/2192/2095 2117/2215/2117 2116/2214/2116 2094/2191/2094
f 2096/2193/2096 2118/2216/2118 2117/2215/2117 2095/2192/2095
f 2097/2194/2097 2119/2217/2119 2118/2216/2118 2096/2193/2096
f 2098/2195/2098 2120/2218/2120 2119/2217/2119 2097/2194/2097
f 2099/2196/2099 2121/2219/2121 2120/2218/2120 2098/2195/2098
f 2100/2197/2100 2122/2220/2122 2121/2219/2121 2099/2196/2099
f 2101/2198/2101 2123/2221/2123 2122/2220/2122 2100/2197/2100
f 2102/2199/2102 2124/2222/2124 2123/2221/2123 2101/2198/2101
f 2103/2200/2103 2125/2223/2125 2124/2222/2124 2102/2199/2102
f 2104/2201/2104 2126/2224/2126 2125/2223/2125 2103/2200/2103
f 2105/2202/2105 2127/2225/2127 2126/2224/2126 2104/2201/2104
f 2106/2203/2106 2128/2226/2128 2127/2225/2127 2105/2202/2105
f 2107/2204/2107 2129/2227/2129 2128/2226/2128 2106/2203/2106
f 2108/2205/2108 2130/2228/2130 2129/2227/2129 2107/2204/2107
f 2109/2206/2109 2131/2229/2131 2130/2228/2130 2108/2205/2108
f 2110/2207/2110 2132/2230/2132 2131/2229/2131 2109/2206/2109
f 2111/2208/2111 2133/2231/2133 2132/2230/2132 2110/2207/2110
f 2112/2187/2112 2134/2210/2134 2133/2231/2133 2111/2208/2111
f 2113/2209/2113 2135/2232/2135 2156/2233/2156 2134/2210/2134
f 2114/2211/2114 2136/2234/2136 2135/2235/2135 2113/2212/2113
f 2115/2213/2115 2137/2236/2137 2136/2234/2136 2114/2211/2114
f 2116/2214/2116 2138/2237/2138 2137/2236/2137 2115/2213/2115
f 2117/2215/2117 2139/2238/2139 2138/2237/2138 2116/2214/2116
f 2118/2216/2118 2140/2239/2140 2139/2238/2139 2117/2215/2117
f 2119/2217/2119 2141/2240/2141 2140/2239/2140 2118/2216/2118
f 2120/2218/2120 2142/2241/2142 2141/2240/2141 2119/2217/2119
f 2121/2219/2121 2143/2242/2143 2142/2241/2142 2120/2218/2120
f 2122/2220/2122 2144/2243/2144 2143/2242/2143 2121/2219/2121
f 2123/2221/2123 2145/2244/2145 2144/2243/2144 2122/2220/2122
f 2124/2222/2124 2146/2245/2146 2145/2244/2145 2123/2221/2123
f 2125/2223/2125 2147/2246/2147 2146/2245/2146 2124/2222/2124
f 2126/2224/2126 2148/2247/2148 2147/2246/2147 2125/2223/2125
f 2127/2225/2127 2149/2248/2149 2148/2247/2148 2126/2224/2126
f 2128/2226/2128 2150/2249/2150 2149/2248/2149 2127/2225/2127
f 2129/2227/2129 2151/2250/2151 2150/2249/2150 2128/2226/2128
f 2130/2228/2130 2152/2251/2152 2151/2250/2151 2129/2227/2129
f 2131/2229/2131 2153/2252/2153 2152/2251/2152 2130/2228/2130
f 2132/2230/2132 2154/2253/2154 2153/2252/2153 2131/2229/2131
f 2133/2231/2133 2155/2254/2155 2154/2253/2154 2132/2230/2132
f 2134/2210/2134 2156/2233/2156 2155/2254/2155 2133/2231/2133
o Archwire_Top
v -0.275514 4.940209 -0.130891
v -0.275847 4.940178 -0.130948
v -0.276148 4.940090 -0.130981
v -0.276388 4.939951 -0.130987
v -0.276544 4.939775 -0.130966
v -0.276600 4.939581 -0.130919
v -0.276675 4.935385 -0.129688
v -0.276626 4.935190 -0.129620
v -0.276476 4.935014 -0.129538
v -0.276241 4.934875 -0.129450
v -0.275943 4.934785 -0.129365
v -0.275611 4.934753 -0.129290
v -0.275279 4.934784 -0.129233
v -0.274978 4.934873 -0.129199
v -0.274737 4.935011 -0.129193
v -0.274582 4.935187 -0.129214
v -0.274525 4.935381 -0.129261
v -0.274451 4.939578 -0.130493
v -0.274500 4.939772 -0.130560
v -0.274649 4.939948 -0.130642
v -0.274885 4.940088 -0.130730
v -0.275183 4.940177 -0.130816
v -0.276773 4.941091 -0.097954
v -0.277107 4.941061 -0.097962
v -0.277410 4.940974 -0.097946
v -0.277652 4.940836 -0.097908
v -0.277809 4.940662 -0.097853
v -0.277866 4.940468 -0.097784
v -0.277953 4.936280 -0.096242
v -0.277904 4.936085 -0.096168
v -0.277754 4.935909 -0.096095
v -0.277518 4.935769 -0.096030
v -0.277218 4.935678 -0.095980
v -0.276885 4.935646 -0.095950
v -0.276551 4.935675 -0.095943
v -0.276248 4.935762 -0.095959
v -0.276006 4.935900 -0.095996
v -0.275849 4.936074 -0.096052
v -0.275792 4.936268 -0.096121
v -0.275705 4.940456 -0.097662
v -0.275754 4.940651 -0.097737
v -0.275904 4.940827 -0.097810
v -0.276140 4.940967 -0.097874
v -0.276440 4.941058 -0.097924
v -0.276591 4.942167 -0.066277
v -0.276925 4.942140 -0.066233
v -0.277228 4.942054 -0.066166
v -0.277469 4.941917 -0.066083
v -0.277626 4.941744 -0.065992
v -0.277683 4.941551 -0.065902
v -0.277768 4.937373 -0.064069
v -0.277719 4.937179 -0.063989
v -0.277569 4.937002 -0.063926
v -0.277333 4.936861 -0.063888
v -0.277034 4.936769 -0.063877
v -0.276701 4.936735 -0.063894
v -0.276367 4.936762 -0.063938
v -0.276064 4.936848 -0.064005
v -0.275823 4.936984 -0.064088
v -0.275666 4.937157 -0.064179
v -0.275609 4.937350 -0.064269
v -0.275524 4.941529 -0.066102
v -0.275573 4.941723 -0.066182
v -0.275723 4.941899 -0.066245
v -0.275959 4.942040 -0.066284
v -0.276258 4.942132 -0.066295
v -0.274987 4.943405 -0.035755
v -0.275318 4.943380 -0.035657
v -0.275618 4.943296 -0.035538
v -0.275858 4.943162 -0.035409
v -0.276013 4.942990 -0.035284
v -0.276068 4.942798 -0.035174
v -0.276139 4.938630 -0.033081
v -0.276090 4.938436 -0.032997
v -0.275941 4.938259 -0.032948
v -0.275706 4.938117 -0.032938
v -0.275410 4.938023 -0.032968
v -0.275079 4.937987 -0.033035
v -0.274748 4.938012 -0.033133
v -0.274448 4.938096 -0.033252
v -0.274209 4.938230 -0.033381
v -0.274054 4.938402 -0.033506
v -0.273998 4.938594 -0.033616
v -0.273927 4.942762 -0.035708
v -0.273976 4.942956 -0.035792
v -0.274126 4.943133 -0.035842
v -0.274360 4.943275 -0.035852
v -0.274657 4.943369 -0.035822
v -0.271978 4.944773 -0.006286
v -0.272304 4.944751 -0.006134
v -0.272599 4.944669 -0.005963
v -0.272833 4.944537 -0.005790
v -0.272985 4.944367 -0.005631
v -0.273039 4.944175 -0.005503
v -0.273088 4.940017 -0.003194
v -0.273038 4.939823 -0.003108
v -0.272891 4.939646 -0.003074
v -0.272659 4.939502 -0.003093
v -0.272367 4.939406 -0.003166
v -0.272042 4.939368 -0.003284
v -0.271716 4.939391 -0.003435
v -0.271421 4.939472 -0.003606
v -0.271187 4.939604 -0.003779
v -0.271035 4.939775 -0.003938
v -0.270981 4.939966 -0.004066
v -0.270932 4.944124 -0.006375
v -0.270982 4.944318 -0.006461
v -0.271129 4.944495 -0.006496
v -0.271361 4.944639 -0.006476
v -0.271653 4.944735 -0.006403
v -0.267581 4.946238 0.022230
v -0.267899 4.946218 0.022434
v -0.268186 4.946139 0.022655
v -0.268414 4.946009 0.022870
v -0.268561 4.945841 0.023059
v -0.268612 4.945650 0.023203
v -0.268635 4.941501 0.025680
v -0.268586 4.941307 0.025766
v -0.268441 4.941128 0.025784
v -0.268214 4.940983 0.025733
v -0.267928 4.940885 0.025618
v -0.267611 4.940844 0.025450
v -0.267293 4.940864 0.025246
v -0.267006 4.940943 0.025026
v -0.266778 4.941073 0.024810
v -0.266631 4.941242 0.024621
v -0.266579 4.941432 0.024477
v -0.266557 4.945581 0.022000
v -0.266606 4.945776 0.021914
v -0.266751 4.945954 0.021896
v -0.266978 4.946099 0.021947
v -0.267264 4.946197 0.022062
v -0.261811 4.947768 0.049889
v -0.262118 4.947751 0.050143
v -0.262396 4.947674 0.050409
v -0.262616 4.947546 0.050663
v -0.262757 4.947379 0.050880
v -0.262806 4.947189 0.051037
v -0.262804 4.943046 0.053630
v -0.262756 4.942852 0.053713
v -0.262614 4.942673 0.053714
v -0.262394 4.942526 0.053632
v -0.262117 4.942425 0.053476
v -0.261809 4.942382 0.053260
v -0.261502 4.942399 0.053007
v -0.261224 4.942475 0.052740
v -0.261004 4.942603 0.052486
v -0.260863 4.942770 0.052270
v -0.260814 4.942960 0.052112
v -0.260816 4.947104 0.049519
v -0.260865 4.947298 0.049436
v -0.261006 4.947477 0.049435
v -0.261226 4.947624 0.049517
v -0.261503 4.947724 0.049674
v -0.254684 4.949328 0.076787
v -0.254980 4.949314 0.077086
v -0.255246 4.949240 0.077394
v -0.255457 4.949114 0.077683
v -0.255592 4.948948 0.077922
v -0.255638 4.948759 0.078090
v -0.255619 4.944620 0.080748
v -0.255572 4.944425 0.080827
v -0.255435 4.944245 0.080810
v -0.255223 4.944096 0.080698
v -0.254956 4.943994 0.080502
v -0.254660 4.943947 0.080242
v -0.254365 4.943962 0.079943
v -0.254098 4.944036 0.079634
v -0.253887 4.944162 0.079346
v -0.253752 4.944328 0.079106
v -0.253706 4.944517 0.078939
v -0.253725 4.948656 0.076281
v -0.253772 4.948851 0.076202
v -0.253909 4.949031 0.076219
v -0.254121 4.949180 0.076331
v -0.254388 4.949282 0.076527
v -0.246217 4.950887 0.103015
v -0.246499 4.950875 0.103355
v -0.246754 4.950803 0.103701
v -0.246955 4.950679 0.104018
v -0.247084 4.950514 0.104277
v -0.247128 4.950325 0.104452
v -0.247104 4.946187 0.107128
v -0.247058 4.945992 0.107201
v -0.246927 4.945811 0.107166
v -0.246724 4.945661 0.107026
v -0.246468 4.945556 0.106794
v -0.246186 4.945508 0.106493
v -0.245903 4.945520 0.106154
v -0.245649 4.945591 0.105808
v -0.245447 4.945716 0.105490
v -0.245319 4.945880 0.105231
v -0.245275 4.946069 0.105056
v -0.245299 4.950208 0.102381
v -0.245345 4.950402 0.102307
v -0.245476 4.950583 0.102343
v -0.245679 4.950734 0.102483
v -0.245934 4.950839 0.102715
v -0.236427 4.952411 0.128666
v -0.236696 4.952401 0.129041
v -0.236938 4.952331 0.129419
v -0.237130 4.952208 0.129761
v -0.237253 4.952044 0.130036
v -0.237295 4.951856 0.130215
v -0.237280 4.947716 0.132868
v -0.237236 4.947521 0.132934
v -0.237112 4.947339 0.132881
v -0.236919 4.947187 0.132715
v -0.236676 4.947080 0.132450
v -0.236407 4.947030 0.132114
v -0.236139 4.947040 0.131738
v -0.235896 4.947109 0.131361
v -0.235704 4.947232 0.131018
v -0.235581 4.947396 0.130743
v -0.235539 4.947585 0.130564
v -0.235555 4.951724 0.127912
v -0.235598 4.951919 0.127845
v -0.235722 4.952102 0.127898
v -0.235915 4.952254 0.128065
v -0.236158 4.952360 0.128329
v -0.225333 4.953866 0.153829
v -0.225588 4.953857 0.154235
v -0.225818 4.953789 0.154640
v -0.226001 4.953668 0.155003
v -0.226119 4.953505 0.155289
v -0.226160 4.953316 0.155471
v -0.226170 4.949173 0.158066
v -0.226130 4.948977 0.158125
v -0.226013 4.948794 0.158055
v -0.225831 4.948641 0.157864
v -0.225601 4.948533 0.157570
v -0.225346 4.948480 0.157202
v -0.225090 4.948488 0.156796
v -0.224860 4.948557 0.156392
v -0.224677 4.948678 0.156029
v -0.224559 4.948842 0.155742
v -0.224518 4.949030 0.155561
v -0.224508 4.953173 0.152966
v -0.224548 4.953368 0.152907
v -0.224665 4.953552 0.152976
v -0.224847 4.953705 0.153167
v -0.225077 4.953814 0.153461
v -0.212953 4.955218 0.178596
v -0.213195 4.955212 0.179028
v -0.213414 4.955144 0.179455
v -0.213589 4.955024 0.179834
v -0.213703 4.954861 0.180129
v -0.213744 4.954673 0.180311
v -0.213795 4.950525 0.182822
v -0.213760 4.950329 0.182873
v -0.213650 4.950145 0.182788
v -0.213479 4.949990 0.182575
v -0.213262 4.949881 0.182255
v -0.213020 4.949827 0.181860
v -0.212778 4.949833 0.181428
v -0.212558 4.949901 0.181001
v -0.212383 4.950021 0.180622
v -0.212270 4.950184 0.180327
v -0.212229 4.950373 0.180145
v -0.212177 4.954520 0.177634
v -0.212213 4.954716 0.177583
v -0.212322 4.954900 0.177668
v -0.212494 4.955055 0.177881
v -0.212711 4.955164 0.178201
v -0.199315 4.956434 0.203043
v -0.199544 4.956429 0.203499
v -0.199752 4.956362 0.203945
v -0.199919 4.956243 0.204339
v -0.200028 4.956080 0.204642
v -0.200069 4.955892 0.204824
v -0.200167 4.951740 0.207252
v -0.200135 4.951544 0.207295
v -0.200034 4.951359 0.207196
v -0.199874 4.951203 0.206963
v -0.199670 4.951092 0.206620
v -0.199442 4.951037 0.206200
v -0.199213 4.951043 0.205744
v -0.199005 4.951109 0.205298
v -0.198838 4.951229 0.204904
v -0.198729 4.951391 0.204601
v -0.198688 4.951580 0.204419
v -0.198590 4.955731 0.201991
v -0.198622 4.955927 0.201947
v -0.198723 4.956112 0.202047
v -0.198883 4.956268 0.202280
v -0.199087 4.956379 0.202623
v -0.184022 4.957547 0.227541
v -0.184236 4.957542 0.228021
v -0.184431 4.957478 0.228490
v -0.184587 4.957358 0.228900
v -0.184690 4.957197 0.229212
v -0.184730 4.957008 0.229396
v -0.184858 4.952854 0.231776
v -0.184830 4.952658 0.231813
v -0.184738 4.952472 0.231700
v -0.184590 4.952316 0.231447
v -0.184401 4.952204 0.231081
v -0.184189 4.952147 0.230635
v -0.183975 4.952152 0.230155
v -0.183780 4.952217 0.229687
v -0.183624 4.952336 0.229276
v -0.183521 4.952498 0.228964
v -0.183481 4.952686 0.228781
v -0.183353 4.956840 0.226400
v -0.183381 4.957037 0.226363
v -0.183473 4.957222 0.226476
v -0.183621 4.957379 0.226729
v -0.183811 4.957491 0.227096
v -0.168755 4.958458 0.248853
v -0.168950 4.958455 0.249360
v -0.169128 4.958391 0.249851
v -0.169272 4.958272 0.250279
v -0.169367 4.958111 0.250603
v -0.169404 4.957922 0.250790
v -0.169548 4.953768 0.253147
v -0.169524 4.953571 0.253179
v -0.169441 4.953384 0.253053
v -0.169307 4.953228 0.252781
v -0.169136 4.953115 0.252390
v -0.168943 4.953057 0.251918
v -0.168748 4.953060 0.251412
v -0.168570 4.953125 0.250920
v -0.168426 4.953243 0.250492
v -0.168331 4.953404 0.250169
v -0.168294 4.953592 0.249982
v -0.168149 4.957747 0.247624
v -0.168173 4.957944 0.247592
v -0.168256 4.958130 0.247718
v -0.168390 4.958288 0.247990
v -0.168562 4.958400 0.248381
v -0.153409 4.959191 0.267185
v -0.153583 4.959188 0.267717
v -0.153742 4.959126 0.268231
v -0.153871 4.959008 0.268677
v -0.153956 4.958847 0.269012
v -0.153991 4.958659 0.269202
v -0.154145 4.954504 0.271547
v -0.154125 4.954306 0.271574
v -0.154052 4.954120 0.271436
v -0.153934 4.953962 0.271146
v -0.153782 4.953848 0.270731
v -0.153610 4.953789 0.270234
v -0.153436 4.953792 0.269702
v -0.153277 4.953855 0.269188
v -0.153149 4.953973 0.268742
v -0.153063 4.954134 0.268407
v -0.153029 4.954321 0.268217
v -0.152874 4.958477 0.265872
v -0.152894 4.958674 0.265845
v -0.152967 4.958860 0.265983
v -0.153085 4.959019 0.266274
v -0.153238 4.959132 0.266688
v -0.137887 4.959770 0.282732
v -0.138037 4.959768 0.283287
v -0.138176 4.959706 0.283822
v -0.138288 4.959589 0.284285
v -0.138363 4.959428 0.284630
v -0.138394 4.959240 0.284824
v -0.138551 4.955085 0.287167
v -0.138534 4.954888 0.287190
v -0.138472 4.954701 0.287041
v -0.138370 4.954542 0.286734
v -0.138239 4.954427 0.286299
v -0.138091 4.954368 0.285778
v -0.137940 4.954370 0.285223
v -0.137802 4.954432 0.284688
v -0.137690 4.954549 0.284225
v -0.137615 4.954710 0.283880
v -0.137584 4.954897 0.283686
v -0.137427 4.959053 0.281343
v -0.137443 4.959250 0.281320
v -0.137506 4.959437 0.281469
v -0.137607 4.959596 0.281776
v -0.137739 4.959711 0.282212
v -0.122090 4.960219 0.295691
v -0.122217 4.960218 0.296266
v -0.122333 4.960156 0.296819
v -0.122427 4.960040 0.297296
v -0.122491 4.959879 0.297650
v -0.122518 4.959692 0.297848
v -0.122667 4.955536 0.300197
v -0.122655 4.955339 0.300217
v -0.122603 4.955152 0.300059
v -0.122519 4.954993 0.299738
v -0.122409 4.954877 0.299285
v -0.122285 4.954817 0.298744
v -0.122159 4.954818 0.298170
v -0.122043 4.954880 0.297616
v -0.121948 4.954997 0.297139
v -0.121884 4.955157 0.296785
v -0.121858 4.955345 0.296588
v -0.121708 4.959500 0.294239
v -0.121721 4.959697 0.294218
v -0.121772 4.959884 0.294376
v -0.121857 4.960043 0.294697
v -0.121966 4.960159 0.295150
v -0.105921 4.960562 0.306258
v -0.106023 4.960561 0.306849
v -0.106117 4.960500 0.307417
v -0.106193 4.960383 0.307906
v -0.106245 4.960224 0.308268
v -0.106267 4.960036 0.308468
v -0.106400 4.955881 0.310829
v -0.106390 4.955684 0.310847
v -0.106349 4.955496 0.310682
v -0.106281 4.955337 0.310350
v -0.106193 4.955221 0.309883
v -0.106093 4.955161 0.309327
v -0.105991 4.955161 0.308736
v -0.105897 4.955222 0.308168
v -0.105821 4.955338 0.307680
v -0.105769 4.955498 0.307317
v -0.105747 4.955686 0.307117
v -0.105615 4.959841 0.304756
v -0.105624 4.960038 0.304738
v -0.105665 4.960226 0.304903
v -0.105733 4.960385 0.305235
v -0.105821 4.960501 0.305702
v -0.089280 4.960822 0.314632
v -0.089359 4.960822 0.315235
v -0.089431 4.960761 0.315813
v -0.089490 4.960645 0.316311
v -0.089530 4.960485 0.316679
v -0.089548 4.960298 0.316882
v -0.089652 4.956143 0.319257
v -0.089644 4.955946 0.319274
v -0.089613 4.955758 0.319104
v -0.089561 4.955598 0.318764
v -0.089493 4.955482 0.318287
v -0.089416 4.955421 0.317719
v -0.089337 4.955421 0.317116
v -0.089265 4.955482 0.316538
v -0.089206 4.955598 0.316040
v -0.089166 4.955758 0.315672
v -0.089149 4.955946 0.315469
v -0.089044 4.960100 0.313094
v -0.089052 4.960298 0.313077
v -0.089083 4.960485 0.313247
v -0.089135 4.960645 0.313587
v -0.089203 4.960761 0.314064
v -0.072068 4.961024 0.321009
v -0.072125 4.961024 0.321620
v -0.072178 4.960964 0.322206
v -0.072221 4.960848 0.322710
v -0.072249 4.960689 0.323082
v -0.072262 4.960501 0.323287
v -0.072329 4.956347 0.325675
v -0.072323 4.956150 0.325692
v -0.072300 4.955962 0.325520
v -0.072261 4.955802 0.325174
v -0.072212 4.955686 0.324690
v -0.072156 4.955624 0.324114
v -0.072099 4.955624 0.323504
v -0.072046 4.955685 0.322918
v -0.072003 4.955801 0.322414
v -0.071974 4.955960 0.322041
v -0.071962 4.956148 0.321837
v -0.071895 4.960301 0.319448
v -0.071901 4.960499 0.319431
v -0.071924 4.960687 0.319604
v -0.071963 4.960846 0.319949
v -0.072012 4.960963 0.320434
v -0.054185 4.961192 0.325587
v -0.054223 4.961192 0.326202
v -0.054258 4.961132 0.326793
v -0.054286 4.961016 0.327301
v -0.054304 4.960856 0.327676
v -0.054312 4.960669 0.327882
v -0.054334 4.956516 0.330282
v -0.054329 4.956318 0.330298
v -0.054312 4.956130 0.330124
v -0.054286 4.955970 0.329776
v -0.054252 4.955854 0.329287
v -0.054214 4.955792 0.328707
v -0.054176 4.955792 0.328091
v -0.054141 4.955853 0.327501
v -0.054113 4.955968 0.326993
v -0.054095 4.956128 0.326618
v -0.054088 4.956315 0.326412
v -0.054065 4.960468 0.324012
v -0.054070 4.960666 0.323995
v -0.054087 4.960854 0.324170
v -0.054113 4.961014 0.324518
v -0.054147 4.961130 0.325006
v -0.035531 4.961349 0.328560
v -0.035553 4.961349 0.329179
v -0.035572 4.961289 0.329772
v -0.035588 4.961174 0.330281
v -0.035597 4.961014 0.330658
v -0.035599 4.960826 0.330865
v -0.035570 4.956674 0.333273
v -0.035565 4.956476 0.333290
v -0.035554 4.956288 0.333115
v -0.035537 4.956128 0.332765
v -0.035516 4.956011 0.332274
v -0.035494 4.955950 0.331691
v -0.035471 4.955949 0.331073
v -0.035452 4.956010 0.330480
v -0.035437 4.956125 0.329970
v -0.035428 4.956285 0.329593
v -0.035425 4.956472 0.329387
v -0.035454 4.960625 0.326978
v -0.035459 4.960823 0.326962
v -0.035470 4.961010 0.327137
v -0.035487 4.961171 0.327487
v -0.035508 4.961287 0.327977
v -0.016005 4.961519 0.330126
v -0.016014 4.961520 0.330745
v -0.016021 4.961459 0.331339
v -0.016025 4.961344 0.331850
v -0.016026 4.961185 0.332227
v -0.016024 4.960997 0.332435
v -0.015940 4.956844 0.334848
v -0.015935 4.956647 0.334864
v -0.015927 4.956459 0.334689
v -0.015917 4.956299 0.334338
v -0.015907 4.956182 0.333847
v -0.015896 4.956120 0.333263
v -0.015887 4.956120 0.332644
v -0.015880 4.956180 0.332049
v -0.015876 4.956295 0.331539
v -0.015875 4.956455 0.331161
v -0.015877 4.956642 0.330954
v -0.015961 4.960795 0.328541
v -0.015966 4.960992 0.328525
v -0.015974 4.961180 0.328700
v -0.015984 4.961340 0.329051
v -0.015994 4.961457 0.329542
v 0.004484 4.961726 0.330479
v 0.004485 4.961727 0.331098
v 0.004489 4.961666 0.331692
v 0.004494 4.961551 0.332203
v 0.004501 4.961392 0.332581
v 0.004508 4.961205 0.332788
v 0.004662 4.957053 0.335203
v 0.004669 4.956855 0.335219
v 0.004676 4.956667 0.335044
v 0.004680 4.956507 0.334693
v 0.004683 4.956390 0.334201
v 0.004684 4.956328 0.333617
v 0.004683 4.956327 0.332998
v 0.004679 4.956388 0.332403
v 0.004674 4.956503 0.331893
v 0.004667 4.956662 0.331515
v 0.004660 4.956850 0.331308
v 0.004505 4.961001 0.328893
v 0.004498 4.961199 0.328877
v 0.004492 4.961387 0.329052
v 0.004487 4.961547 0.329403
v 0.004484 4.961664 0.329894
v 0.024832 4.962018 0.329751
v 0.024844 4.962019 0.330370
v 0.024859 4.961959 0.330964
v 0.024875 4.961843 0.331474
v 0.024890 4.961684 0.331852
v 0.024903 4.961497 0.332059
v 0.025152 4.957347 0.334469
v 0.025162 4.957150 0.334486
v 0.025168 4.956961 0.334310
v 0.025169 4.956801 0.333960
v 0.025165 4.956684 0.333469
v 0.025156 4.956622 0.332885
v 0.025144 4.956621 0.332266
v 0.025129 4.956681 0.331672
v 0.025113 4.956797 0.331161
v 0.025098 4.956955 0.330784
v 0.025085 4.957143 0.330577
v 0.024836 4.961293 0.328166
v 0.024826 4.961491 0.328150
v 0.024820 4.961679 0.328325
v 0.024819 4.961839 0.328676
v 0.024823 4.961956 0.329167
v 0.044214 4.962399 0.327817
v 0.044239 4.962401 0.328434
v 0.044267 4.962341 0.329027
v 0.044295 4.962226 0.329536
v 0.044320 4.962067 0.329912
v 0.044340 4.961880 0.330119
v 0.044686 4.957732 0.332520
v 0.044698 4.957534 0.332536
v 0.044702 4.957346 0.332360
v 0.044698 4.957186 0.332010
v 0.044684 4.957069 0.331520
v 0.044664 4.957006 0.330938
v 0.044639 4.957006 0.330320
v 0.044611 4.957065 0.329727
v 0.044583 4.957180 0.329218
v 0.044558 4.957339 0.328842
v 0.044538 4.957526 0.328636
v 0.044192 4.961675 0.326235
v 0.044179 4.961872 0.326219
v 0.044175 4.962060 0.326394
v 0.044180 4.962221 0.326744
v 0.044193 4.962337 0.327234
v 0.062737 4.962825 0.324486
v 0.062779 4.962827 0.325100
v 0.062822 4.962768 0.325690
v 0.062864 4.962653 0.326197
v 0.062899 4.962494 0.326571
v 0.062925 4.962307 0.326776
v 0.063351 4.958160 0.329162
v 0.063365 4.957963 0.329179
v 0.063365 4.957775 0.329004
v 0.063352 4.957614 0.328655
v 0.063326 4.957497 0.328167
v 0.063291 4.957435 0.327588
v 0.063250 4.957433 0.326973
v 0.063206 4.957492 0.326383
v 0.063165 4.957607 0.325876
v 0.063129 4.957766 0.325502
v 0.063103 4.957953 0.325297
v 0.062677 4.962100 0.322911
v 0.062664 4.962297 0.322895
v 0.062664 4.962485 0.323069
v 0.062677 4.962646 0.323418
v 0.062702 4.962763 0.323906
v 0.080501 4.963248 0.319567
v 0.080562 4.963251 0.320176
v 0.080623 4.963192 0.320761
v 0.080680 4.963077 0.321263
v 0.080726 4.962919 0.321635
v 0.080757 4.962732 0.321838
v 0.081241 4.958587 0.324208
v 0.081254 4.958389 0.324224
v 0.081249 4.958201 0.324051
v 0.081224 4.958040 0.323706
v 0.081183 4.957922 0.323222
v 0.081130 4.957860 0.322647
v 0.081070 4.957858 0.322038
v 0.081008 4.957916 0.321453
v 0.080952 4.958031 0.320951
v 0.080906 4.958189 0.320579
v 0.080874 4.958376 0.320376
v 0.080391 4.962522 0.318006
v 0.080377 4.962719 0.317990
v 0.080383 4.962907 0.318163
v 0.080408 4.963068 0.318508
v 0.080448 4.963185 0.318992
v 0.097604 4.963623 0.312867
v 0.097685 4.963625 0.313468
v 0.097766 4.963567 0.314045
v 0.097839 4.963453 0.314541
v 0.097897 4.963295 0.314908
v 0.097933 4.963108 0.315110
v 0.098449 4.958963 0.317467
v 0.098461 4.958766 0.317484
v 0.098447 4.958577 0.317314
v 0.098408 4.958416 0.316974
v 0.098349 4.958298 0.316498
v 0.098275 4.958235 0.315931
v 0.098193 4.958232 0.315330
v 0.098112 4.958291 0.314753
v 0.098039 4.958405 0.314257
v 0.097982 4.958563 0.313890
v 0.097946 4.958750 0.313689
v 0.097429 4.962894 0.311332
v 0.097418 4.963092 0.311315
v 0.097432 4.963280 0.311485
v 0.097471 4.963441 0.311824
v 0.097530 4.963559 0.312301
v 0.114141 4.963902 0.304194
v 0.114246 4.963904 0.304783
v 0.114348 4.963846 0.305349
v 0.114438 4.963733 0.305836
v 0.114506 4.963574 0.306197
v 0.114546 4.963387 0.306397
v 0.115068 4.959243 0.308751
v 0.115076 4.959046 0.308770
v 0.115052 4.958857 0.308605
v 0.114997 4.958696 0.308274
v 0.114917 4.958577 0.307809
v 0.114820 4.958514 0.307254
v 0.114715 4.958511 0.306666
v 0.114613 4.958569 0.306100
v 0.114523 4.958683 0.305613
v 0.114455 4.958841 0.305251
v 0.114415 4.959027 0.305052
v 0.113893 4.963172 0.302698
v 0.113885 4.963369 0.302679
v 0.113909 4.963558 0.302843
v 0.113964 4.963719 0.303174
v 0.114044 4.963838 0.303640
v 0.130210 4.964038 0.293353
v 0.130339 4.964041 0.293926
v 0.130463 4.963983 0.294477
v 0.130569 4.963870 0.294953
v 0.130648 4.963712 0.295307
v 0.130691 4.963525 0.295505
v 0.131191 4.959380 0.297873
v 0.131194 4.959183 0.297895
v 0.131158 4.958994 0.297739
v 0.131085 4.958833 0.297420
v 0.130982 4.958714 0.296970
v 0.130861 4.958650 0.296433
v 0.130731 4.958647 0.295860
v 0.130608 4.958705 0.295309
v 0.130501 4.958819 0.294833
v 0.130423 4.958977 0.294479
v 0.130380 4.959164 0.294281
v 0.129880 4.963308 0.291913
v 0.129876 4.963506 0.291891
v 0.129913 4.963694 0.292047
v 0.129986 4.963856 0.292365
v 0.130088 4.963974 0.292816
v 0.145904 4.963986 0.280151
v 0.146057 4.963989 0.280703
v 0.146202 4.963931 0.281237
v 0.146325 4.963817 0.281699
v 0.146413 4.963659 0.282045
v 0.146457 4.963472 0.282242
v 0.146911 4.959328 0.284649
v 0.146909 4.959130 0.284676
v 0.146859 4.958942 0.284531
v 0.146767 4.958780 0.284228
v 0.146641 4.958662 0.283798
v 0.146495 4.958598 0.283281
v 0.146341 4.958595 0.282729
v 0.146196 4.958653 0.282196
v 0.146074 4.958767 0.281733
v 0.145986 4.958925 0.281387
v 0.145941 4.959112 0.281191
v 0.145487 4.963256 0.278783
v 0.145490 4.963454 0.278756
v 0.145540 4.963642 0.278901
v 0.145632 4.963804 0.279204
v 0.145758 4.963922 0.279635
v 0.161316 4.963698 0.264396
v 0.161493 4.963700 0.264924
v 0.161657 4.963642 0.265437
v 0.161794 4.963528 0.265885
v 0.161890 4.963370 0.266223
v 0.161936 4.963183 0.266418
v 0.162324 4.959040 0.268893
v 0.162314 4.958842 0.268927
v 0.162251 4.958654 0.268796
v 0.162140 4.958493 0.268513
v 0.161991 4.958375 0.268105
v 0.161821 4.958312 0.267613
v 0.161644 4.958309 0.267085
v 0.161480 4.958368 0.266572
v 0.161342 4.958481 0.266124
v 0.161246 4.958640 0.265786
v 0.161201 4.958827 0.265591
v 0.160813 4.962970 0.263116
v 0.160822 4.963167 0.263082
v 0.160886 4.963356 0.263213
v 0.160997 4.963517 0.263496
v 0.161146 4.963634 0.263904
v 0.176538 4.963127 0.245897
v 0.176736 4.963129 0.246400
v 0.176918 4.963069 0.246892
v 0.177068 4.962955 0.247323
v 0.177171 4.962797 0.247653
v 0.177216 4.962610 0.247849
v 0.177524 4.958469 0.250421
v 0.177508 4.958272 0.250464
v 0.177431 4.958085 0.250349
v 0.177301 4.957924 0.250088
v 0.177132 4.957807 0.249706
v 0.176939 4.957745 0.249241
v 0.176741 4.957743 0.248738
v 0.176558 4.957802 0.248247
v 0.176408 4.957916 0.247815
v 0.176306 4.958075 0.247485
v 0.176260 4.958261 0.247289
v 0.175952 4.962402 0.244717
v 0.175969 4.962599 0.244675
v 0.176046 4.962787 0.244790
v 0.176175 4.962947 0.245051
v 0.176345 4.963064 0.245432
v 0.191661 4.962226 0.224469
v 0.191878 4.962227 0.224945
v 0.192076 4.962166 0.225415
v 0.192237 4.962051 0.225831
v 0.192345 4.961893 0.226153
v 0.192389 4.961706 0.226351
v 0.192609 4.957571 0.229046
v 0.192586 4.957375 0.229099
v 0.192496 4.957187 0.229002
v 0.192350 4.957028 0.228764
v 0.192161 4.956912 0.228410
v 0.191948 4.956851 0.227973
v 0.191732 4.956850 0.227497
v 0.191534 4.956910 0.227027
v 0.191373 4.957025 0.226611
v 0.191265 4.957184 0.226288
v 0.191221 4.957370 0.226091
v 0.191000 4.961505 0.223396
v 0.191024 4.961702 0.223343
v 0.191113 4.961889 0.223440
v 0.191260 4.962049 0.223678
v 0.191448 4.962165 0.224032
v 0.206775 4.960949 0.199930
v 0.207007 4.960949 0.200381
v 0.207218 4.960887 0.200830
v 0.207387 4.960772 0.201233
v 0.207499 4.960613 0.201549
v 0.207542 4.960426 0.201749
v 0.207677 4.956298 0.204581
v 0.207647 4.956102 0.204644
v 0.207547 4.955916 0.204564
v 0.207386 4.955758 0.204350
v 0.207181 4.955643 0.204022
v 0.206952 4.955583 0.203611
v 0.206720 4.955584 0.203160
v 0.206510 4.955645 0.202711
v 0.206340 4.955760 0.202308
v 0.206228 4.955920 0.201992
v 0.206186 4.956106 0.201792
v 0.206050 4.960234 0.198960
v 0.206080 4.960430 0.198897
v 0.206180 4.960617 0.198976
v 0.206341 4.960775 0.199191
v 0.206546 4.960889 0.199519
v 0.219043 4.959613 0.177713
v 0.219287 4.959611 0.178141
v 0.219508 4.959549 0.178571
v 0.219685 4.959433 0.178961
v 0.219800 4.959273 0.179272
v 0.219841 4.959087 0.179474
v 0.219904 4.954967 0.182438
v 0.219869 4.954771 0.182511
v 0.219759 4.954586 0.182448
v 0.219587 4.954429 0.182255
v 0.219368 4.954316 0.181951
v 0.219125 4.954257 0.181566
v 0.218881 4.954259 0.181137
v 0.218659 4.954322 0.180707
v 0.218483 4.954438 0.180317
v 0.218368 4.954597 0.180006
v 0.218327 4.954784 0.179804
v 0.218264 4.958904 0.176840
v 0.218299 4.959100 0.176767
v 0.218409 4.959285 0.176830
v 0.218581 4.959442 0.177023
v 0.218800 4.959555 0.177327
v 0.230078 4.958133 0.155478
v 0.230335 4.958129 0.155881
v 0.230567 4.958066 0.156290
v 0.230751 4.957948 0.156665
v 0.230869 4.957788 0.156969
v 0.230910 4.957602 0.157172
v 0.230912 4.953490 0.160259
v 0.230871 4.953295 0.160342
v 0.230753 4.953111 0.160296
v 0.230569 4.952956 0.160126
v 0.230338 4.952845 0.159849
v 0.230081 4.952788 0.159491
v 0.229824 4.952792 0.159088
v 0.229592 4.952856 0.158680
v 0.229408 4.952973 0.158305
v 0.229290 4.953133 0.158001
v 0.229249 4.953319 0.157798
v 0.229247 4.957431 0.154711
v 0.229287 4.957626 0.154628
v 0.229405 4.957810 0.154673
v 0.229589 4.957965 0.154843
v 0.229821 4.958076 0.155121
v 0.239884 4.956522 0.133071
v 0.240155 4.956516 0.133443
v 0.240398 4.956450 0.133825
v 0.240590 4.956332 0.134181
v 0.240713 4.956171 0.134475
v 0.240753 4.955985 0.134679
v 0.240705 4.951881 0.137881
v 0.240660 4.951687 0.137974
v 0.240534 4.951504 0.137948
v 0.240338 4.951351 0.137805
v 0.240093 4.951241 0.137558
v 0.239822 4.951187 0.137233
v 0.239552 4.951193 0.136861
v 0.239308 4.951259 0.136479
v 0.239116 4.951378 0.136123
v 0.238994 4.951538 0.135829
v 0.238953 4.951725 0.135625
v 0.239001 4.955828 0.132423
v 0.239046 4.956022 0.132330
v 0.239172 4.956205 0.132356
v 0.239368 4.956358 0.132499
v 0.239613 4.956468 0.132746
v 0.248464 4.954792 0.110338
v 0.248748 4.954784 0.110674
v 0.249003 4.954716 0.111025
v 0.249204 4.954595 0.111358
v 0.249331 4.954433 0.111639
v 0.249373 4.954247 0.111842
v 0.249287 4.950151 0.115145
v 0.249238 4.949958 0.115249
v 0.249103 4.949777 0.115243
v 0.248897 4.949625 0.115130
v 0.248638 4.949519 0.114919
v 0.248353 4.949468 0.114632
v 0.248069 4.949476 0.114296
v 0.247814 4.949544 0.113945
v 0.247613 4.949665 0.113612
v 0.247485 4.949827 0.113331
v 0.247444 4.950013 0.113128
v 0.247530 4.954109 0.109825
v 0.247579 4.954302 0.109722
v 0.247714 4.954484 0.109727
v 0.247920 4.954635 0.109840
v 0.248179 4.954741 0.110051
v 0.255821 4.952958 0.087129
v 0.256118 4.952946 0.087423
v 0.256384 4.952875 0.087738
v 0.256594 4.952753 0.088044
v 0.256726 4.952590 0.088309
v 0.256768 4.952403 0.088509
v 0.256657 4.948313 0.091893
v 0.256604 4.948121 0.092007
v 0.256463 4.947942 0.092024
v 0.256246 4.947793 0.091944
v 0.255975 4.947690 0.091773
v 0.255676 4.947641 0.091528
v 0.255379 4.947653 0.091233
v 0.255112 4.947724 0.090918
v 0.254903 4.947847 0.090613
v 0.254770 4.948010 0.090347
v 0.254728 4.948196 0.090148
v 0.254840 4.952286 0.086764
v 0.254892 4.952478 0.086650
v 0.255034 4.952658 0.086632
v 0.255251 4.952806 0.086713
v 0.255522 4.952910 0.086884
v 0.261957 4.951032 0.063291
v 0.262266 4.951016 0.063539
v 0.262543 4.950942 0.063814
v 0.262761 4.950817 0.064088
v 0.262898 4.950652 0.064335
v 0.262941 4.950465 0.064530
v 0.262816 4.946380 0.067968
v 0.262761 4.946188 0.068092
v 0.262613 4.946011 0.068133
v 0.262387 4.945865 0.068088
v 0.262105 4.945765 0.067959
v 0.261794 4.945721 0.067761
v 0.261486 4.945736 0.067512
v 0.261209 4.945811 0.067237
v 0.260991 4.945936 0.066963
v 0.260854 4.946100 0.066717
v 0.260811 4.946287 0.066522
v 0.260936 4.950373 0.063083
v 0.260991 4.950564 0.062959
v 0.261139 4.950742 0.062918
v 0.261365 4.950887 0.062964
v 0.261647 4.950987 0.063092
v 0.266879 4.949027 0.038672
v 0.267198 4.949007 0.038872
v 0.267483 4.948929 0.039103
v 0.267708 4.948801 0.039343
v 0.267849 4.948635 0.039568
v 0.267894 4.948448 0.039756
v 0.267763 4.944364 0.043218
v 0.267707 4.944173 0.043351
v 0.267554 4.943998 0.043416
v 0.267321 4.943855 0.043405
v 0.267030 4.943758 0.043322
v 0.266710 4.943718 0.043172
v 0.266391 4.943738 0.042972
v 0.266106 4.943816 0.042741
v 0.265881 4.943944 0.042501
v 0.265740 4.944109 0.042276
v 0.265695 4.944297 0.042088
v 0.265826 4.948380 0.038626
v 0.265882 4.948571 0.038493
v 0.266035 4.948747 0.038428
v 0.266268 4.948890 0.038438
v 0.266559 4.948986 0.038522
v 0.270591 4.946955 0.013117
v 0.270917 4.946932 0.013267
v 0.271209 4.946850 0.013454
v 0.271438 4.946720 0.013657
v 0.271583 4.946552 0.013859
v 0.271629 4.946363 0.014039
v 0.271500 4.942279 0.017491
v 0.271443 4.942089 0.017631
v 0.271287 4.941915 0.017718
v 0.271049 4.941775 0.017744
v 0.270751 4.941682 0.017705
v 0.270424 4.941646 0.017605
v 0.270098 4.941670 0.017455
v 0.269806 4.941751 0.017269
v 0.269576 4.941882 0.017065
v 0.269431 4.942050 0.016863
v 0.269385 4.942238 0.016683
v 0.269514 4.946322 0.013231
v 0.269572 4.946513 0.013091
v 0.269727 4.946686 0.013004
v 0.269966 4.946826 0.012979
v 0.270263 4.946919 0.013018
v 0.273098 4.944831 -0.013528
v 0.273429 4.944803 -0.013427
v 0.273725 4.944718 -0.013286
v 0.273958 4.944584 -0.013119
v 0.274105 4.944415 -0.012942
v 0.274152 4.944226 -0.012772
v 0.274027 4.940138 -0.009363
v 0.273969 4.939949 -0.009217
v 0.273812 4.939776 -0.009109
v 0.273570 4.939639 -0.009050
v 0.273268 4.939549 -0.009046
v 0.272936 4.939517 -0.009096
v 0.272606 4.939545 -0.009197
v 0.272309 4.939630 -0.009338
v 0.272076 4.939764 -0.009506
v 0.271929 4.939933 -0.009683
v 0.271882 4.940123 -0.009853
v 0.272007 4.944210 -0.013262
v 0.272065 4.944400 -0.013408
v 0.272223 4.944572 -0.013516
v 0.272464 4.944709 -0.013575
v 0.272766 4.944798 -0.013579
v 0.274406 4.942666 -0.041423
v 0.274739 4.942634 -0.041369
v 0.275037 4.942546 -0.041272
v 0.275272 4.942410 -0.041140
v 0.275421 4.942238 -0.040987
v 0.275468 4.942048 -0.040828
v 0.275347 4.937954 -0.037492
v 0.275288 4.937765 -0.037342
v 0.275130 4.937594 -0.037216
v 0.274887 4.937459 -0.037126
v 0.274583 4.937373 -0.037081
v 0.274249 4.937345 -0.037086
v 0.273916 4.937376 -0.037139
v 0.273618 4.937464 -0.037237
v 0.273383 4.937601 -0.037368
v 0.273235 4.937772 -0.037521
v 0.273187 4.937962 -0.037681
v 0.273308 4.942055 -0.041017
v 0.273367 4.942245 -0.041167
v 0.273525 4.942416 -0.041293
v 0.273768 4.942551 -0.041383
v 0.274072 4.942636 -0.041427
v 0.274520 4.940472 -0.070725
v 0.274853 4.940437 -0.070715
v 0.275152 4.940346 -0.070659
v 0.275387 4.940207 -0.070561
v 0.275535 4.940033 -0.070432
v 0.275582 4.939842 -0.070284
v 0.275462 4.935742 -0.067046
v 0.275403 4.935553 -0.066894
v 0.275245 4.935383 -0.066752
v 0.275002 4.935250 -0.066635
v 0.274698 4.935167 -0.066553
v 0.274363 4.935141 -0.066515
v 0.274030 4.935175 -0.066525
v 0.273732 4.935267 -0.066582
v 0.273497 4.935406 -0.066679
v 0.273348 4.935579 -0.066809
v 0.273301 4.935770 -0.066956
v 0.273422 4.939871 -0.070195
v 0.273480 4.940060 -0.070347
v 0.273638 4.940229 -0.070489
v 0.273882 4.940362 -0.070606
v 0.274185 4.940446 -0.070688
v 0.273443 4.938261 -0.101597
v 0.273775 4.938224 -0.101627
v 0.274072 4.938130 -0.101609
v 0.274306 4.937988 -0.101543
v 0.274454 4.937813 -0.101437
v 0.274501 4.937622 -0.101300
v 0.274376 4.933513 -0.098176
v 0.274318 4.933324 -0.098023
v 0.274160 4.933155 -0.097868
v 0.273917 4.933024 -0.097726
v 0.273615 4.932943 -0.097612
v 0.273281 4.932920 -0.097536
v 0.272950 4.932957 -0.097505
v 0.272652 4.933052 -0.097524
v 0.272419 4.933193 -0.097590
v 0.272271 4.933368 -0.097696
v 0.272224 4.933559 -0.097832
v 0.272349 4.937668 -0.100957
v 0.272407 4.937858 -0.101110
v 0.272565 4.938026 -0.101265
v 0.272807 4.938157 -0.101407
v 0.273110 4.938238 -0.101521
vn 0.0046 0.9996 -0.0266
vn -0.1826 0.9826 -0.0333
vn -0.3878 0.9209 -0.0395
vn -0.6244 0.7798 -0.0447
vn -0.8720 0.4873 -0.0464
vn -0.9895 0.1382 -0.0415
vn -0.9913 -0.1273 -0.0345
vn -0.8776 -0.4790 -0.0207
vn -0.6340 -0.7734 -0.0035
vn -0.3995 -0.9167 0.0093
vn -0.1957 -0.9805 0.0188
vn -0.0090 -0.9996 0.0264
vn 0.1778 -0.9835 0.0331
vn 0.3825 -0.9231 0.0393
vn 0.6193 -0.7839 0.0446
vn 0.8687 -0.4931 0.0464
vn 0.9892 -0.1407 0.0416
vn 0.9915 0.1258 0.0345
vn 0.8775 0.4791 0.0207
vn 0.6320 0.7750 0.0034
vn 0.3963 0.9181 -0.0094
vn 0.1917 0.9813 -0.0189
vn 0.0047 0.9995 -0.0303
vn -0.1828 0.9826 -0.0328
vn -0.3875 0.9212 -0.0343
vn -0.6232 0.7813 -0.0338
vn -0.8701 0.4920 -0.0291
vn -0.9891 0.1457 -0.0205
vn -0.9928 -0.1192 -0.0125
vn -0.8813 -0.4726 -0.0000
vn -0.6376 -0.7703 0.0130
vn -0.4018 -0.9155 0.0213
vn -0.1967 -0.9801 0.0266
vn -0.0094 -0.9995 0.0302
vn 0.1777 -0.9835 0.0328
vn 0.3821 -0.9235 0.0342
vn 0.6180 -0.7854 0.0339
vn 0.8668 -0.4978 0.0292
vn 0.9887 -0.1482 0.0206
vn 0.9930 0.1178 0.0126
vn 0.8811 0.4729 -0.0001
vn 0.6353 0.7721 -0.0131
vn 0.3982 0.9170 -0.0214
vn 0.1925 0.9809 -0.0267
vn 0.0044 0.9993 -0.0374
vn -0.1827 0.9827 -0.0313
vn -0.3859 0.9222 -0.0231
vn -0.6189 0.7854 -0.0113
vn -0.8641 0.5033 0.0064
vn -0.9864 0.1629 0.0226
vn -0.9943 -0.1012 0.0327
vn -0.8875 -0.4589 0.0429
vn -0.6434 -0.7641 0.0472
vn -0.4048 -0.9133 0.0458
vn -0.1976 -0.9794 0.0422
vn -0.0094 -0.9993 0.0375
vn 0.1775 -0.9836 0.0315
vn 0.3804 -0.9245 0.0234
vn 0.6136 -0.7895 0.0116
vn 0.8608 -0.5089 -0.0061
vn 0.9860 -0.1652 -0.0225
vn 0.9945 0.1000 -0.0326
vn 0.8871 0.4596 -0.0429
vn 0.6408 0.7663 -0.0472
vn 0.4009 0.9150 -0.0457
vn 0.1931 0.9803 -0.0421
vn 0.0033 0.9990 -0.0437
vn -0.1822 0.9829 -0.0287
vn -0.3821 0.9240 -0.0107
vn -0.6108 0.7917 0.0127
vn -0.8539 0.5186 0.0433
vn -0.9805 0.1844 0.0676
vn -0.9936 -0.0798 0.0801
vn -0.8917 -0.4440 0.0881
vn -0.6464 -0.7585 0.0828
vn -0.4049 -0.9116 0.0709
vn -0.1964 -0.9788 0.0577
vn -0.0083 -0.9990 0.0441
vn 0.1768 -0.9838 0.0291
vn 0.3766 -0.9263 0.0112
vn 0.6057 -0.7956 -0.0121
vn 0.8507 -0.5238 -0.0428
vn 0.9801 -0.1864 -0.0675
vn 0.9937 0.0788 -0.0801
vn 0.8911 0.4452 -0.0881
vn 0.6435 0.7610 -0.0827
vn 0.4007 0.9135 -0.0706
vn 0.1916 0.9798 -0.0574
vn 0.0015 0.9988 -0.0490
vn -0.1806 0.9832 -0.0250
vn -0.3757 0.9267 0.0027
vn -0.5987 0.8001 0.0374
vn -0.8393 0.5376 0.0810
vn -0.9711 0.2097 0.1139
vn -0.9901 -0.0555 0.1293
vn -0.8934 -0.4285 0.1352
vn -0.6463 -0.7537 0.1195
vn -0.4020 -0.9106 0.0959
vn -0.1930 -0.9785 0.0725
vn -0.0065 -0.9987 0.0496
vn 0.1754 -0.9842 0.0257
vn 0.3704 -0.9289 -0.0020
vn 0.5938 -0.8038 -0.0366
vn 0.8363 -0.5423 -0.0804
vn 0.9707 -0.2115 -0.1138
vn 0.9901 0.0548 -0.1293
vn 0.8925 0.4303 -0.1351
vn 0.6430 0.7565 -0.1192
vn 0.3975 0.9126 -0.0954
vn 0.1881 0.9795 -0.0719
vn -0.0006 0.9986 -0.0531
vn -0.1778 0.9839 -0.0203
vn -0.3665 0.9303 0.0168
vn -0.5825 0.8104 0.0622
vn -0.8203 0.5596 0.1186
vn -0.9579 0.2381 0.1607
vn -0.9833 -0.0289 0.1795
vn -0.8921 -0.4130 0.1835
vn -0.6426 -0.7501 0.1563
vn -0.3959 -0.9104 0.1202
vn -0.1877 -0.9784 0.0861
vn -0.0043 -0.9985 0.0540
vn 0.1728 -0.9847 0.0212
vn 0.3616 -0.9322 -0.0158
vn 0.5781 -0.8137 -0.0612
vn 0.8175 -0.5637 -0.1179
vn 0.9575 -0.2396 -0.1605
vn 0.9833 0.0285 -0.1795
vn 0.8910 0.4153 -0.1834
vn 0.6390 0.7532 -0.1558
vn 0.3913 0.9125 -0.1195
vn 0.1829 0.9794 -0.0853
vn -0.0024 0.9984 -0.0560
vn -0.1734 0.9847 -0.0148
vn -0.3547 0.9345 0.0309
vn -0.5629 0.8220 0.0864
vn -0.7971 0.5835 0.1553
vn -0.9407 0.2686 0.2070
vn -0.9732 -0.0011 0.2300
vn -0.8875 -0.3981 0.2322
vn -0.6352 -0.7480 0.1924
vn -0.3871 -0.9109 0.1430
vn -0.1811 -0.9786 0.0982
vn -0.0022 -0.9984 0.0571
vn 0.1689 -0.9855 0.0159
vn 0.3502 -0.9362 -0.0297
vn 0.5588 -0.8249 -0.0853
vn 0.7946 -0.5871 -0.1545
vn 0.9405 -0.2697 -0.2069
vn 0.9732 0.0010 -0.2300
vn 0.8862 0.4009 -0.2321
vn 0.6315 0.7513 -0.1917
vn 0.3825 0.9130 -0.1421
vn 0.1764 0.9795 -0.0971
vn -0.0036 0.9983 -0.0575
vn -0.1675 0.9858 -0.0088
vn -0.3405 0.9392 0.0447
vn -0.5402 0.8344 0.1094
vn -0.7705 0.6084 0.1902
vn -0.9200 0.2998 0.2522
vn -0.9597 0.0269 0.2798
vn -0.8795 -0.3845 0.2805
vn -0.6245 -0.7473 0.2270
vn -0.3760 -0.9120 0.1638
vn -0.1737 -0.9788 0.1084
vn -0.0006 -0.9983 0.0588
vn 0.1634 -0.9865 0.0100
vn 0.3366 -0.9406 -0.0435
vn 0.5367 -0.8368 -0.1083
vn 0.7684 -0.6113 -0.1894
vn 0.9198 -0.3006 -0.2521
vn 0.9597 -0.0267 -0.2799
vn 0.8781 0.3878 -0.2803
vn 0.6207 0.7508 -0.2261
vn 0.3715 0.9141 -0.1626
vn 0.1693 0.9797 -0.1072
vn -0.0039 0.9983 -0.0580
vn -0.1600 0.9871 -0.0024
vn -0.3244 0.9441 0.0580
vn -0.5155 0.8469 0.1309
vn -0.7412 0.6331 0.2230
vn -0.8963 0.3307 0.2954
vn -0.9430 0.0542 0.3283
vn -0.8683 -0.3726 0.3274
vn -0.6109 -0.7481 0.2592
vn -0.3636 -0.9136 0.1821
vn -0.1663 -0.9792 0.1166
vn 0.0001 -0.9982 0.0593
vn 0.1564 -0.9877 0.0037
vn 0.3211 -0.9454 -0.0567
vn 0.5125 -0.8488 -0.1297
vn 0.7395 -0.6354 -0.2222
vn 0.8962 -0.3312 -0.2954
vn 0.9430 -0.0536 -0.3283
vn 0.8668 0.3765 -0.3271
vn 0.6071 0.7516 -0.2581
vn 0.3593 0.9156 -0.1807
vn 0.1622 0.9800 -0.1153
vn -0.0029 0.9984 -0.0573
vn -0.1510 0.9885 0.0041
vn -0.3069 0.9491 0.0704
vn -0.4894 0.8590 0.1505
vn -0.7104 0.6567 0.2531
vn -0.8702 0.3602 0.3361
vn -0.9238 0.0798 0.3746
vn -0.8543 -0.3630 0.3720
vn -0.5952 -0.7500 0.2883
vn -0.3506 -0.9154 0.1976
vn -0.1595 -0.9795 0.1229
vn -0.0004 -0.9983 0.0587
vn 0.1480 -0.9890 -0.0028
vn 0.3041 -0.9501 -0.0691
vn 0.4870 -0.8605 -0.1495
vn 0.7091 -0.6584 -0.2525
vn 0.8702 -0.3603 -0.3361
vn 0.9238 -0.0789 -0.3746
vn 0.8527 0.3672 -0.3716
vn 0.5915 0.7535 -0.2870
vn 0.3466 0.9173 -0.1961
vn 0.1558 0.9803 -0.1214
vn -0.0006 0.9984 -0.0559
vn -0.1409 0.9900 0.0105
vn -0.2886 0.9539 0.0819
vn -0.4628 0.8704 0.1684
vn -0.6788 0.6786 0.2806
vn -0.8427 0.3873 0.3740
vn -0.9026 0.1030 0.4181
vn -0.8381 -0.3557 0.4136
vn -0.5784 -0.7529 0.3140
vn -0.3379 -0.9174 0.2103
vn -0.1537 -0.9799 0.1273
vn -0.0022 -0.9984 0.0572
vn 0.1383 -0.9903 -0.0093
vn 0.2863 -0.9547 -0.0807
vn 0.4608 -0.8716 -0.1674
vn 0.6779 -0.6797 -0.2801
vn 0.8428 -0.3872 -0.3740
vn 0.9026 -0.1018 -0.4182
vn 0.8364 0.3603 -0.4131
vn 0.5747 0.7564 -0.3125
vn 0.3342 0.9191 -0.2087
vn 0.1505 0.9806 -0.1259
vn 0.0031 0.9985 -0.0538
vn -0.1298 0.9914 0.0168
vn -0.2698 0.9585 0.0924
vn -0.4362 0.8807 0.1844
vn -0.6473 0.6984 0.3054
vn -0.8145 0.4117 0.4087
vn -0.8802 0.1233 0.4584
vn -0.8204 -0.3507 0.4516
vn -0.5613 -0.7564 0.3359
vn -0.3262 -0.9193 0.2203
vn -0.1495 -0.9802 0.1302
vn -0.0055 -0.9985 0.0551
vn 0.1277 -0.9917 -0.0156
vn 0.2679 -0.9591 -0.0914
vn 0.4348 -0.8816 -0.1836
vn 0.6467 -0.6990 -0.3050
vn 0.8147 -0.4113 -0.4088
vn 0.8803 -0.1218 -0.4585
vn 0.8187 0.3556 -0.4509
vn 0.5578 0.7597 -0.3342
vn 0.3229 0.9208 -0.2186
vn 0.1467 0.9808 -0.1287
vn 0.0069 0.9986 -0.0517
vn -0.1185 0.9927 0.0226
vn -0.2509 0.9626 0.1022
vn -0.4097 0.8902 0.1993
vn -0.6152 0.7165 0.3289
vn -0.7847 0.4343 0.4423
vn -0.8555 0.1416 0.4981
vn -0.8001 -0.3478 0.4887
vn -0.5426 -0.7606 0.3564
vn -0.3143 -0.9212 0.2293
vn -0.1456 -0.9804 0.1326
vn -0.0092 -0.9986 0.0530
vn 0.1165 -0.9930 -0.0214
vn 0.2491 -0.9632 -0.1011
vn 0.4081 -0.8911 -0.1983
vn 0.6145 -0.7173 -0.3284
vn 0.7848 -0.4340 -0.4424
vn 0.8556 -0.1403 -0.4982
vn 0.7985 0.3525 -0.4880
vn 0.5393 0.7638 -0.3546
vn 0.3112 0.9227 -0.2276
vn 0.1429 0.9810 -0.1311
vn 0.0092 0.9987 -0.0503
vn -0.1075 0.9938 0.0280
vn -0.2310 0.9665 0.1118
vn -0.3803 0.8996 0.2145
vn -0.5780 0.7353 0.3539
vn -0.7480 0.4586 0.4798
vn -0.8238 0.1612 0.5435
vn -0.7728 -0.3464 0.5318
vn -0.5179 -0.7664 0.3800
vn -0.2983 -0.9238 0.2401
vn -0.1392 -0.9808 0.1363
vn -0.0118 -0.9986 0.0520
vn 0.1052 -0.9941 -0.0264
vn 0.2288 -0.9672 -0.1102
vn 0.3783 -0.9008 -0.2131
vn 0.5768 -0.7367 -0.3530
vn 0.7480 -0.4587 -0.4797
vn 0.8239 -0.1602 -0.5436
vn 0.7712 0.3511 -0.5310
vn 0.5145 0.7698 -0.3779
vn 0.2949 0.9254 -0.2380
vn 0.1362 0.9815 -0.1344
vn 0.0106 0.9987 -0.0496
vn -0.0958 0.9949 0.0329
vn -0.2085 0.9705 0.1211
vn -0.3460 0.9096 0.2300
vn -0.5327 0.7558 0.3808
vn -0.7010 0.4858 0.5222
vn -0.7812 0.1831 0.5968
vn -0.7350 -0.3463 0.5830
vn -0.4848 -0.7741 0.4071
vn -0.2768 -0.9272 0.2525
vn -0.1296 -0.9815 0.1409
vn -0.0131 -0.9986 0.0515
vn 0.0934 -0.9951 -0.0311
vn 0.2063 -0.9712 -0.1193
vn 0.3439 -0.9108 -0.2283
vn 0.5313 -0.7574 -0.3796
vn 0.7009 -0.4860 -0.5221
vn 0.7813 -0.1821 -0.5969
vn 0.7334 0.3514 -0.5819
vn 0.4812 0.7777 -0.4045
vn 0.2734 0.9288 -0.2500
vn 0.1267 0.9822 -0.1387
vn 0.0115 0.9987 -0.0492
vn -0.0832 0.9958 0.0374
vn -0.1837 0.9743 0.1300
vn -0.3075 0.9194 0.2451
vn -0.4800 0.7767 0.4079
vn -0.6433 0.5143 0.5672
vn -0.7268 0.2060 0.6553
vn -0.6856 -0.3484 0.6392
vn -0.4437 -0.7834 0.4353
vn -0.2510 -0.9310 0.2651
vn -0.1180 -0.9823 0.1457
vn -0.0139 -0.9986 0.0513
vn 0.0810 -0.9961 -0.0353
vn 0.1816 -0.9750 -0.1280
vn 0.3055 -0.9206 -0.2432
vn 0.4785 -0.7783 -0.4065
vn 0.6431 -0.5147 -0.5670
vn 0.7269 -0.2051 -0.6554
vn 0.6840 0.3537 -0.6379
vn 0.4403 0.7870 -0.4323
vn 0.2478 0.9327 -0.2622
vn 0.1153 0.9830 -0.1432
vn 0.0118 0.9987 -0.0490
vn -0.0702 0.9967 0.0413
vn -0.1574 0.9779 0.1379
vn -0.2658 0.9286 0.2589
vn -0.4206 0.7968 0.4339
vn -0.5747 0.5428 0.6125
vn -0.6589 0.2289 0.7165
vn -0.6231 -0.3527 0.6981
vn -0.3949 -0.7936 0.4629
vn -0.2212 -0.9351 0.2770
vn -0.1044 -0.9831 0.1503
vn -0.0140 -0.9986 0.0514
vn 0.0682 -0.9969 -0.0391
vn 0.1555 -0.9785 -0.1357
vn 0.2639 -0.9297 -0.2568
vn 0.4191 -0.7985 -0.4322
vn 0.5744 -0.5433 -0.6123
vn 0.6590 -0.2282 -0.7167
vn 0.6217 0.3580 -0.6967
vn 0.3917 0.7971 -0.4596
vn 0.2183 0.9366 -0.2739
vn 0.1020 0.9838 -0.1476
vn 0.0114 0.9987 -0.0491
vn -0.0573 0.9974 0.0444
vn -0.1306 0.9808 0.1445
vn -0.2224 0.9366 0.2708
vn -0.3564 0.8148 0.4571
vn -0.4962 0.5695 0.6554
vn -0.5777 0.2507 0.7768
vn -0.5474 -0.3586 0.7562
vn -0.3393 -0.8040 0.4883
vn -0.1883 -0.9390 0.2876
vn -0.0892 -0.9840 0.1544
vn -0.0132 -0.9986 0.0515
vn 0.0557 -0.9976 -0.0421
vn 0.1290 -0.9814 -0.1423
vn 0.2208 -0.9376 -0.2686
vn 0.3551 -0.8165 -0.4552
vn 0.4959 -0.5701 -0.6550
vn 0.5777 -0.2502 -0.7769
vn 0.5461 0.3638 -0.7546
vn 0.3366 0.8073 -0.4848
vn 0.1860 0.9405 -0.2845
vn 0.0872 0.9846 -0.1517
vn 0.0102 0.9987 -0.0495
vn -0.0453 0.9979 0.0467
vn -0.1045 0.9832 0.1496
vn -0.1792 0.9431 0.2803
vn -0.2903 0.8300 0.4763
vn -0.4109 0.5927 0.6927
vn -0.4853 0.2698 0.8317
vn -0.4605 -0.3655 0.8090
vn -0.2795 -0.8136 0.5099
vn -0.1539 -0.9426 0.2964
vn -0.0730 -0.9848 0.1578
vn -0.0115 -0.9986 0.0518
vn 0.0440 -0.9980 -0.0444
vn 0.1032 -0.9837 -0.1474
vn 0.1779 -0.9440 -0.2780
vn 0.2892 -0.8315 -0.4743
vn 0.4107 -0.5934 -0.6923
vn 0.4853 -0.2695 -0.8318
vn 0.4594 0.3702 -0.8074
vn 0.2774 0.8165 -0.5063
vn 0.1520 0.9438 -0.2934
vn 0.0715 0.9853 -0.1552
vn 0.0081 0.9987 -0.0499
vn -0.0347 0.9982 0.0482
vn -0.0803 0.9849 0.1533
vn -0.1383 0.9479 0.2872
vn -0.2257 0.8415 0.4909
vn -0.3236 0.6111 0.7224
vn -0.3866 0.2854 0.8770
vn -0.3669 -0.3720 0.8526
vn -0.2186 -0.8215 0.5266
vn -0.1193 -0.9454 0.3031
vn -0.0565 -0.9854 0.1605
vn -0.0091 -0.9986 0.0521
vn 0.0338 -0.9984 -0.0461
vn 0.0794 -0.9853 -0.1511
vn 0.1373 -0.9487 -0.2849
vn 0.2248 -0.8430 -0.4887
vn 0.3233 -0.6119 -0.7219
vn 0.3866 -0.2853 -0.8770
vn 0.3662 0.3760 -0.8512
vn 0.2171 0.8240 -0.5233
vn 0.1180 0.9465 -0.3002
vn 0.0555 0.9859 -0.1580
vn 0.0052 0.9987 -0.0503
vn -0.0259 0.9985 0.0490
vn -0.0591 0.9861 0.1556
vn -0.1013 0.9511 0.2917
vn -0.1657 0.8496 0.5008
vn -0.2393 0.6244 0.7435
vn -0.2881 0.2970 0.9104
vn -0.2730 -0.3771 0.8850
vn -0.1598 -0.8273 0.5385
vn -0.0863 -0.9475 0.3078
vn -0.0404 -0.9859 0.1623
vn -0.0058 -0.9986 0.0523
vn 0.0253 -0.9986 -0.0471
vn 0.0585 -0.9864 -0.1536
vn 0.1007 -0.9518 -0.2896
vn 0.1650 -0.8509 -0.4987
vn 0.2391 -0.6252 -0.7429
vn 0.2880 -0.2971 -0.9104
vn 0.2725 0.3803 -0.8838
vn 0.1588 0.8294 -0.5356
vn 0.0855 0.9484 -0.3052
vn 0.0397 0.9863 -0.1601
vn 0.0017 0.9987 -0.0508
vn -0.0191 0.9986 0.0494
vn -0.0413 0.9868 0.1568
vn -0.0696 0.9532 0.2943
vn -0.1128 0.8547 0.5068
vn -0.1627 0.6331 0.7568
vn -0.1962 0.3048 0.9320
vn -0.1847 -0.3804 0.9062
vn -0.1059 -0.8311 0.5460
vn -0.0560 -0.9489 0.3107
vn -0.0252 -0.9862 0.1635
vn -0.0020 -0.9986 0.0525
vn 0.0188 -0.9987 -0.0478
vn 0.0410 -0.9870 -0.1551
vn 0.0692 -0.9538 -0.2925
vn 0.1124 -0.8559 -0.5048
vn 0.1626 -0.6339 -0.7562
vn 0.1961 -0.3050 -0.9319
vn 0.1845 0.3827 -0.9053
vn 0.1054 0.8327 -0.5436
vn 0.0556 0.9496 -0.3085
vn 0.0248 0.9865 -0.1616
vn -0.0024 0.9987 -0.0511
vn -0.0145 0.9987 0.0495
vn -0.0273 0.9872 0.1574
vn -0.0436 0.9543 0.2956
vn -0.0684 0.8576 0.5098
vn -0.0969 0.6381 0.7638
vn -0.1157 0.3096 0.9438
vn -0.1067 -0.3819 0.9180
vn -0.0587 -0.8330 0.5501
vn -0.0293 -0.9496 0.3122
vn -0.0112 -0.9864 0.1640
vn 0.0023 -0.9986 0.0525
vn 0.0143 -0.9987 -0.0481
vn 0.0271 -0.9874 -0.1559
vn 0.0434 -0.9548 -0.2940
vn 0.0682 -0.8587 -0.5080
vn 0.0968 -0.6389 -0.7632
vn 0.1156 -0.3101 -0.9437
vn 0.1066 0.3834 -0.9174
vn 0.0585 0.8343 -0.5482
vn 0.0290 0.9501 -0.3105
vn 0.0110 0.9866 -0.1625
vn -0.0069 0.9987 -0.0514
vn -0.0118 0.9987 0.0494
vn -0.0170 0.9874 0.1575
vn -0.0234 0.9549 0.2960
vn -0.0329 0.8591 0.5108
vn -0.0433 0.6408 0.7665
vn -0.0491 0.3123 0.9487
vn -0.0414 -0.3820 0.9232
vn -0.0190 -0.8337 0.5519
vn -0.0063 -0.9498 0.3128
vn 0.0013 -0.9864 0.1642
vn 0.0068 -0.9986 0.0525
vn 0.0117 -0.9988 -0.0483
vn 0.0169 -0.9876 -0.1563
vn 0.0233 -0.9553 -0.2946
vn 0.0329 -0.8600 -0.5092
vn 0.0433 -0.6416 -0.7659
vn 0.0491 -0.3131 -0.9484
vn 0.0413 0.3827 -0.9229
vn 0.0190 0.8346 -0.5505
vn 0.0062 0.9502 -0.3115
vn -0.0013 0.9866 -0.1631
vn -0.0127 0.9986 -0.0515
vn -0.0118 0.9987 0.0493
vn -0.0106 0.9875 0.1575
vn -0.0089 0.9552 0.2960
vn -0.0058 0.8596 0.5109
vn -0.0007 0.6419 0.7668
vn 0.0050 0.3139 0.9495
vn 0.0132 -0.3814 0.9243
vn 0.0153 -0.8335 0.5522
vn 0.0145 -0.9497 0.3129
vn 0.0136 -0.9863 0.1642
vn 0.0127 -0.9985 0.0524
vn 0.0118 -0.9988 -0.0484
vn 0.0106 -0.9876 -0.1564
vn 0.0090 -0.9556 -0.2946
vn 0.0058 -0.8606 -0.5092
vn 0.0008 -0.6430 -0.7659
vn -0.0049 -0.3152 -0.9490
vn -0.0132 0.3807 -0.9246
vn -0.0153 0.8340 -0.5516
vn -0.0145 0.9500 -0.3120
vn -0.0136 0.9865 -0.1634
vn -0.0205 0.9985 -0.0514
vn -0.0137 0.9987 0.0495
vn -0.0061 0.9875 0.1575
vn 0.0038 0.9552 0.2959
vn 0.0199 0.8598 0.5103
vn 0.0409 0.6425 0.7652
vn 0.0588 0.3155 0.9471
vn 0.0690 -0.3789 0.9229
vn 0.0516 -0.8322 0.5520
vn 0.0374 -0.9491 0.3129
vn 0.0279 -0.9860 0.1642
vn 0.0206 -0.9984 0.0524
vn 0.0137 -0.9987 -0.0483
vn 0.0062 -0.9877 -0.1562
vn -0.0037 -0.9557 -0.2942
vn -0.0198 -0.8610 -0.5082
vn -0.0408 -0.6439 -0.7641
vn -0.0587 -0.3171 -0.9466
vn -0.0690 0.3779 -0.9233
vn -0.0515 0.8327 -0.5513
vn -0.0373 0.9494 -0.3118
vn -0.0278 0.9862 -0.1632
vn -0.0284 0.9983 -0.0510
vn -0.0144 0.9987 0.0496
vn 0.0009 0.9875 0.1574
vn 0.0209 0.9552 0.2951
vn 0.0527 0.8596 0.5082
vn 0.0926 0.6428 0.7604
vn 0.1246 0.3176 0.9400
vn 0.1362 -0.3732 0.9177
vn 0.0947 -0.8293 0.5508
vn 0.0639 -0.9478 0.3124
vn 0.0439 -0.9855 0.1640
vn 0.0286 -0.9982 0.0524
vn 0.0146 -0.9987 -0.0482
vn -0.0007 -0.9878 -0.1558
vn -0.0206 -0.9558 -0.2933
vn -0.0524 -0.8609 -0.5061
vn -0.0924 -0.6440 -0.7595
vn -0.1245 -0.3188 -0.9396
vn -0.1362 0.3735 -0.9176
vn -0.0945 0.8302 -0.5493
vn -0.0637 0.9483 -0.3109
vn -0.0438 0.9857 -0.1626
vn -0.0349 0.9981 -0.0505
vn -0.0120 0.9987 0.0496
vn 0.0127 0.9876 0.1567
vn 0.0446 0.9549 0.2934
vn 0.0949 0.8586 0.5038
vn 0.1563 0.6417 0.7508
vn 0.2038 0.3194 0.9255
vn 0.2153 -0.3645 0.9060
vn 0.1442 -0.8243 0.5474
vn 0.0931 -0.9458 0.3110
vn 0.0603 -0.9847 0.1633
vn 0.0353 -0.9980 0.0522
vn 0.0124 -0.9988 -0.0480
vn -0.0123 -0.9878 -0.1550
vn -0.0442 -0.9556 -0.2914
vn -0.0944 -0.8599 -0.5016
vn -0.1561 -0.6427 -0.7500
vn -0.2037 -0.3201 -0.9252
vn -0.2152 0.3661 -0.9053
vn -0.1438 0.8259 -0.5452
vn -0.0927 0.9465 -0.3090
vn -0.0599 0.9850 -0.1615
vn -0.0395 0.9980 -0.0500
vn -0.0064 0.9988 0.0493
vn 0.0293 0.9874 0.1553
vn 0.0751 0.9541 0.2901
vn 0.1461 0.8559 0.4960
vn 0.2308 0.6382 0.7345
vn 0.2936 0.3197 0.9009
vn 0.3037 -0.3526 0.8851
vn 0.1993 -0.8172 0.5409
vn 0.1246 -0.9431 0.3084
vn 0.0767 -0.9838 0.1622
vn 0.0401 -0.9978 0.0519
vn 0.0070 -0.9989 -0.0474
vn -0.0286 -0.9878 -0.1533
vn -0.0744 -0.9547 -0.2880
vn -0.1454 -0.8573 -0.4939
vn -0.2305 -0.6390 -0.7339
vn -0.2936 -0.3199 -0.9008
vn -0.3034 0.3557 -0.8840
vn -0.1984 0.8193 -0.5380
vn -0.1237 0.9440 -0.3059
vn -0.0759 0.9842 -0.1600
vn -0.0420 0.9979 -0.0495
vn 0.0027 0.9988 0.0483
vn 0.0507 0.9870 0.1526
vn 0.1118 0.9521 0.2846
vn 0.2049 0.8507 0.4840
vn 0.3127 0.6307 0.7102
vn 0.3895 0.3170 0.8647
vn 0.3969 -0.3383 0.8532
vn 0.2582 -0.8076 0.5302
vn 0.1574 -0.9395 0.3042
vn 0.0925 -0.9827 0.1605
vn 0.0430 -0.9977 0.0517
vn -0.0018 -0.9989 -0.0462
vn -0.0497 -0.9874 -0.1505
vn -0.1108 -0.9529 -0.2825
vn -0.2040 -0.8521 -0.4821
vn -0.3125 -0.6313 -0.7098
vn -0.3895 -0.3166 -0.8649
vn -0.3963 0.3430 -0.8517
vn -0.2567 0.8104 -0.5267
vn -0.1561 0.9407 -0.3013
vn -0.0914 0.9832 -0.1580
vn -0.0423 0.9979 -0.0494
vn 0.0151 0.9988 0.0464
vn 0.0762 0.9860 0.1483
vn 0.1535 0.9487 0.2765
vn 0.2690 0.8422 0.4672
vn 0.3979 0.6183 0.6778
vn 0.4854 0.3102 0.8174
vn 0.4891 -0.3232 0.8101
vn 0.3183 -0.7961 0.5147
vn 0.1905 -0.9353 0.2983
vn 0.1072 -0.9816 0.1582
vn 0.0437 -0.9977 0.0517
vn -0.0138 -0.9989 -0.0442
vn -0.0750 -0.9864 -0.1462
vn -0.1522 -0.9495 -0.2744
vn -0.2679 -0.8435 -0.4655
vn -0.3977 -0.6187 -0.6775
vn -0.4856 -0.3093 -0.8177
vn -0.4881 0.3292 -0.8083
vn -0.3160 0.7995 -0.5108
vn -0.1885 0.9367 -0.2950
vn -0.1056 0.9822 -0.1555
vn -0.0403 0.9980 -0.0497
vn 0.0302 0.9986 0.0434
vn 0.1050 0.9843 0.1422
vn 0.1984 0.9434 0.2656
vn 0.3351 0.8300 0.4458
vn 0.4813 0.6009 0.6382
vn 0.5753 0.2986 0.7615
vn 0.5743 -0.3092 0.7580
vn 0.3763 -0.7834 0.4946
vn 0.2223 -0.9307 0.2905
vn 0.1203 -0.9805 0.1555
vn 0.0421 -0.9978 0.0521
vn -0.0285 -0.9987 -0.0412
vn -0.1034 -0.9847 -0.1401
vn -0.1969 -0.9443 -0.2637
vn -0.3340 -0.8312 -0.4444
vn -0.4812 -0.6010 -0.6382
vn -0.5756 -0.2972 -0.7618
vn -0.5729 0.3162 -0.7561
vn -0.3733 0.7874 -0.4905
vn -0.2197 0.9324 -0.2870
vn -0.1182 0.9812 -0.1527
vn -0.0363 0.9981 -0.0507
vn 0.0472 0.9981 0.0391
vn 0.1355 0.9816 0.1342
vn 0.2446 0.9363 0.2521
vn 0.4000 0.8143 0.4207
vn 0.5587 0.5787 0.5941
vn 0.6549 0.2824 0.7010
vn 0.6482 -0.2983 0.7006
vn 0.4294 -0.7707 0.4708
vn 0.2515 -0.9261 0.2813
vn 0.1313 -0.9795 0.1526
vn 0.0385 -0.9978 0.0531
vn -0.0452 -0.9983 -0.0370
vn -0.1337 -0.9822 -0.1323
vn -0.2429 -0.9372 -0.2503
vn -0.3990 -0.8153 -0.4195
vn -0.5588 -0.5786 -0.5942
vn -0.6553 -0.2806 -0.7014
vn -0.6465 0.3060 -0.6988
vn -0.4256 0.7752 -0.4668
vn -0.2483 0.9280 -0.2778
vn -0.1286 0.9803 -0.1498
vn -0.0307 0.9982 -0.0525
vn 0.0653 0.9973 0.0336
vn 0.1664 0.9782 0.1246
vn 0.2898 0.9275 0.2364
vn 0.4609 0.7957 0.3930
vn 0.6274 0.5532 0.5481
vn 0.7220 0.2624 0.6402
vn 0.7089 -0.2917 0.6422
vn 0.4753 -0.7592 0.4447
vn 0.2770 -0.9218 0.2711
vn 0.1398 -0.9788 0.1497
vn 0.0332 -0.9979 0.0547
vn -0.0631 -0.9975 -0.0316
vn -0.1644 -0.9787 -0.1228
vn -0.2881 -0.9284 -0.2348
vn -0.4601 -0.7966 -0.3922
vn -0.6276 -0.5528 -0.5483
vn -0.7224 -0.2604 -0.6406
vn -0.7069 0.2996 -0.6407
vn -0.4710 0.7640 -0.4409
vn -0.2733 0.9239 -0.2678
vn -0.1368 0.9796 -0.1470
vn -0.0241 0.9982 -0.0550
vn 0.0835 0.9961 0.0270
vn 0.1962 0.9739 0.1137
vn 0.3323 0.9173 0.2193
vn 0.5160 0.7752 0.3644
vn 0.6860 0.5257 0.5030
vn 0.7766 0.2399 0.5825
vn 0.7563 -0.2897 0.5865
vn 0.5129 -0.7498 0.4181
vn 0.2981 -0.9183 0.2607
vn 0.1460 -0.9783 0.1471
vn 0.0268 -0.9980 0.0570
vn -0.0812 -0.9964 -0.0252
vn -0.1942 -0.9745 -0.1121
vn -0.3307 -0.9182 -0.2180
vn -0.5153 -0.7759 -0.3639
vn -0.6863 -0.5250 -0.5033
vn -0.7770 -0.2377 -0.5829
vn -0.7543 0.2975 -0.5853
vn -0.5084 0.7547 -0.4148
vn -0.2941 0.9204 -0.2577
vn -0.1428 0.9791 -0.1447
vn -0.0169 0.9982 -0.0583
vn 0.1010 0.9947 0.0196
vn 0.2241 0.9692 0.1019
vn 0.3710 0.9064 0.2017
vn 0.5643 0.7540 0.3363
vn 0.7349 0.4976 0.4608
vn 0.8199 0.2161 0.5302
vn 0.7922 -0.2918 0.5359
vn 0.5424 -0.7428 0.3926
vn 0.3148 -0.9155 0.2507
vn 0.1500 -0.9780 0.1450
vn 0.0196 -0.9980 0.0600
vn -0.0987 -0.9950 -0.0181
vn -0.2221 -0.9698 -0.1006
vn -0.3695 -0.9073 -0.2007
vn -0.5639 -0.7544 -0.3360
vn -0.7352 -0.4968 -0.4611
vn -0.8202 -0.2139 -0.5305
vn -0.7901 0.2993 -0.5349
vn -0.5379 0.7475 -0.3898
vn -0.3107 0.9175 -0.2481
vn -0.1467 0.9788 -0.1429
vn -0.0101 0.9980 -0.0620
vn 0.1165 0.9931 0.0121
vn 0.2482 0.9645 0.0905
vn 0.4038 0.8959 0.1852
vn 0.6040 0.7339 0.3110
vn 0.7731 0.4714 0.4244
vn 0.8522 0.1934 0.4861
vn 0.8175 -0.2970 0.4934
vn 0.5636 -0.7384 0.3702
vn 0.3267 -0.9136 0.2419
vn 0.1520 -0.9779 0.1436
vn 0.0124 -0.9979 0.0633
vn -0.1145 -0.9934 -0.0109
vn -0.2465 -0.9650 -0.0895
vn -0.4027 -0.8966 -0.1844
vn -0.6038 -0.7341 -0.3108
vn -0.7735 -0.4706 -0.4246
vn -0.8525 -0.1914 -0.4864
vn -0.8157 0.3032 -0.4927
vn -0.5597 0.7425 -0.3681
vn -0.3232 0.9154 -0.2399
vn -0.1491 0.9786 -0.1419
vn -0.0040 0.9979 -0.0654
vn 0.1298 0.9915 0.0051
vn 0.2689 0.9599 0.0799
vn 0.4319 0.8858 0.1699
vn 0.6371 0.7148 0.2882
vn 0.8039 0.4469 0.3925
vn 0.8772 0.1716 0.4484
vn 0.8360 -0.3037 0.4570
vn 0.5799 -0.7356 0.3503
vn 0.3364 -0.9122 0.2340
vn 0.1536 -0.9778 0.1424
vn 0.0064 -0.9978 0.0667
vn -0.1278 -0.9918 -0.0040
vn -0.2671 -0.9604 -0.0789
vn -0.4306 -0.8865 -0.1692
vn -0.6368 -0.7152 -0.2881
vn -0.8041 -0.4462 -0.3927
vn -0.8774 -0.1699 -0.4486
vn -0.8343 0.3093 -0.4564
vn -0.5761 0.7394 -0.3485
vn -0.3329 0.9139 -0.2323
vn -0.1507 0.9785 -0.1410
vn 0.0013 0.9976 -0.0685
vn 0.1425 0.9898 -0.0021
vn 0.2892 0.9548 0.0686
vn 0.4597 0.8747 0.1537
vn 0.6698 0.6940 0.2642
vn 0.8333 0.4201 0.3594
vn 0.9003 0.1474 0.4096
vn 0.8524 -0.3126 0.4191
vn 0.5953 -0.7334 0.3284
vn 0.3466 -0.9107 0.2247
vn 0.1564 -0.9776 0.1407
vn 0.0016 -0.9976 0.0699
vn -0.1400 -0.9901 0.0033
vn -0.2870 -0.9556 -0.0676
vn -0.4580 -0.8757 -0.1529
vn -0.6692 -0.6947 -0.2639
vn -0.8335 -0.4195 -0.3596
vn -0.9005 -0.1457 -0.4098
vn -0.8506 0.3182 -0.4186
vn -0.5911 0.7375 -0.3267
vn -0.3425 0.9127 -0.2230
vn -0.1529 0.9784 -0.1391
vn 0.0057 0.9974 -0.0715
vn 0.1550 0.9879 -0.0101
vn 0.3100 0.9491 0.0558
vn 0.4888 0.8619 0.1350
vn 0.7039 0.6697 0.2368
vn 0.8631 0.3887 0.3223
vn 0.9228 0.1187 0.3666
vn 0.8674 -0.3249 0.3769
vn 0.6102 -0.7322 0.3025
vn 0.3576 -0.9093 0.2128
vn 0.1603 -0.9774 0.1376
vn -0.0023 -0.9973 0.0729
vn -0.1520 -0.9883 0.0114
vn -0.3073 -0.9500 -0.0547
vn -0.4867 -0.8632 -0.1341
vn -0.7030 -0.6708 -0.2363
vn -0.8633 -0.3884 -0.3224
vn -0.9229 -0.1171 -0.3668
vn -0.8655 0.3304 -0.3765
vn -0.6058 0.7365 -0.3010
vn -0.3531 0.9115 -0.2111
vn -0.1563 0.9783 -0.1360
vn 0.0092 0.9972 -0.0742
vn 0.1668 0.9858 -0.0187
vn 0.3307 0.9428 0.0414
vn 0.5184 0.8475 0.1139
vn 0.7383 0.6422 0.2060
vn 0.8921 0.3533 0.2817
vn 0.9434 0.0857 0.3202
vn 0.8798 -0.3409 0.3313
vn 0.6236 -0.7326 0.2729
vn 0.3687 -0.9082 0.1982
vn 0.1651 -0.9773 0.1330
vn -0.0052 -0.9971 0.0756
vn -0.1632 -0.9864 0.0200
vn -0.3275 -0.9440 -0.0402
vn -0.5158 -0.8492 -0.1128
vn -0.7371 -0.6438 -0.2055
vn -0.8921 -0.3532 -0.2817
vn -0.9435 -0.0844 -0.3204
vn -0.8778 0.3462 -0.3310
vn -0.6189 0.7370 -0.2716
vn -0.3637 0.9105 -0.1967
vn -0.1606 0.9782 -0.1315
vn 0.0116 0.9970 -0.0764
vn 0.1774 0.9837 -0.0278
vn 0.3504 0.9362 0.0256
vn 0.5473 0.8321 0.0903
vn 0.7716 0.6123 0.1722
vn 0.9188 0.3147 0.2382
vn 0.9612 0.0494 0.2715
vn 0.8887 -0.3603 0.2835
vn 0.6342 -0.7349 0.2405
vn 0.3788 -0.9076 0.1811
vn 0.1702 -0.9772 0.1269
vn -0.0071 -0.9970 0.0777
vn -0.1733 -0.9844 0.0290
vn -0.3467 -0.9377 -0.0244
vn -0.5443 -0.8341 -0.0893
vn -0.7702 -0.6143 -0.1716
vn -0.9188 -0.3147 -0.2382
vn -0.9612 -0.0483 -0.2716
vn -0.8867 0.3653 -0.2833
vn -0.6294 0.7392 -0.2395
vn -0.3735 0.9100 -0.1798
vn -0.1653 0.9782 -0.1256
vn 0.0129 0.9969 -0.0779
vn 0.1865 0.9818 -0.0371
vn 0.3684 0.9296 0.0086
vn 0.5743 0.8161 0.0648
vn 0.8026 0.5809 0.1360
vn 0.9422 0.2740 0.1928
vn 0.9751 0.0109 0.2216
vn 0.8936 -0.3825 0.2349
vn 0.6411 -0.7392 0.2063
vn 0.3870 -0.9077 0.1620
vn 0.1752 -0.9773 0.1193
vn -0.0081 -0.9968 0.0790
vn -0.1819 -0.9826 0.0382
vn -0.3642 -0.9313 -0.0075
vn -0.5709 -0.8185 -0.0639
vn -0.8009 -0.5833 -0.1354
vn -0.9421 -0.2743 -0.1927
vn -0.9751 -0.0100 -0.2217
vn -0.8916 0.3870 -0.2349
vn -0.6365 0.7434 -0.2055
vn -0.3817 0.9102 -0.1609
vn -0.1700 0.9783 -0.1182
vn 0.0134 0.9968 -0.0787
vn 0.1936 0.9800 -0.0463
vn 0.3838 0.9234 -0.0089
vn 0.5984 0.8003 0.0380
vn 0.8299 0.5491 0.0983
vn 0.9614 0.2328 0.1467
vn 0.9847 -0.0285 0.1719
vn 0.8942 -0.4067 0.1870
vn 0.6440 -0.7456 0.1715
vn 0.3927 -0.9087 0.1415
vn 0.1794 -0.9776 0.1103
vn -0.0084 -0.9968 0.0795
vn -0.1888 -0.9809 0.0472
vn -0.3793 -0.9252 0.0098
vn -0.5947 -0.8031 -0.0372
vn -0.8281 -0.5520 -0.0978
vn -0.9613 -0.2333 -0.1466
vn -0.9847 0.0291 -0.1719
vn -0.8924 0.4107 -0.1870
vn -0.6396 0.7495 -0.1710
vn -0.3875 0.9111 -0.1407
vn -0.1741 0.9786 -0.1095
vn 0.0133 0.9968 -0.0785
vn 0.1988 0.9785 -0.0549
vn 0.3962 0.9178 -0.0265
vn 0.6188 0.7855 0.0108
vn 0.8530 0.5185 0.0602
vn 0.9761 0.1926 0.1011
vn 0.9900 -0.0672 0.1236
vn 0.8909 -0.4318 0.1411
vn 0.6429 -0.7535 0.1374
vn 0.3955 -0.9105 0.1204
vn 0.1824 -0.9781 0.1004
vn -0.0082 -0.9968 0.0791
vn -0.1939 -0.9795 0.0556
vn -0.3915 -0.9198 0.0272
vn -0.6148 -0.7886 -0.0100
vn -0.8510 -0.5218 -0.0597
vn -0.9759 -0.1933 -0.1010
vn -0.9900 0.0676 -0.1237
vn -0.8892 0.4351 -0.1412
vn -0.6388 0.7570 -0.1371
vn -0.3905 0.9127 -0.1200
vn -0.1772 0.9791 -0.0999
vn 0.0129 0.9969 -0.0775
vn 0.2021 0.9774 -0.0627
vn 0.4055 0.9131 -0.0433
vn 0.6350 0.7724 -0.0161
vn 0.8714 0.4901 0.0227
vn 0.9863 0.1549 0.0572
vn 0.9915 -0.1040 0.0779
vn 0.8842 -0.4567 0.0981
vn 0.6383 -0.7626 0.1049
vn 0.3954 -0.9131 0.0997
vn 0.1839 -0.9788 0.0899
vn -0.0080 -0.9969 0.0779
vn -0.1972 -0.9783 0.0631
vn -0.4007 -0.9151 0.0438
vn -0.6310 -0.7756 0.0166
vn -0.8693 -0.4937 -0.0223
vn -0.9861 -0.1558 -0.0571
vn -0.9915 0.1041 -0.0779
vn -0.8828 0.4594 -0.0982
vn -0.6347 0.7656 -0.1049
vn -0.3909 0.9151 -0.0995
vn -0.1791 0.9797 -0.0897
vn 0.0124 0.9971 -0.0757
vn 0.2039 0.9765 -0.0693
vn 0.4117 0.9094 -0.0589
vn 0.6471 0.7613 -0.0417
vn 0.8853 0.4649 -0.0130
vn 0.9926 0.1206 0.0160
vn 0.9898 -0.1378 0.0356
vn 0.8751 -0.4804 0.0588
vn 0.6309 -0.7722 0.0749
vn 0.3928 -0.9162 0.0798
vn 0.1839 -0.9797 0.0794
vn -0.0078 -0.9971 0.0758
vn -0.1992 -0.9775 0.0695
vn -0.4071 -0.9115 0.0592
vn -0.6431 -0.7646 0.0420
vn -0.8833 -0.4686 0.0134
vn -0.9925 -0.1216 -0.0159
vn -0.9898 0.1378 -0.0356
vn -0.8739 0.4825 -0.0589
vn -0.6278 0.7748 -0.0750
vn -0.3887 0.9179 -0.0798
vn -0.1795 0.9806 -0.0793
vn 0.0121 0.9972 -0.0732
vn 0.2045 0.9760 -0.0746
vn 0.4154 0.9067 -0.0728
vn 0.6555 0.7524 -0.0653
vn 0.8952 0.4432 -0.0463
vn 0.9957 0.0903 -0.0220
vn 0.9858 -0.1681 -0.0030
vn 0.8644 -0.5023 0.0234
vn 0.6217 -0.7818 0.0476
vn 0.3882 -0.9195 0.0613
vn 0.1825 -0.9808 0.0690
vn -0.0080 -0.9973 0.0732
vn -0.2002 -0.9769 0.0746
vn -0.4110 -0.9087 0.0729
vn -0.6517 -0.7557 0.0654
vn -0.8933 -0.4470 0.0466
vn -0.9956 -0.0914 0.0221
vn -0.9858 0.1678 0.0030
vn -0.8634 0.5039 -0.0235
vn -0.6190 0.7839 -0.0478
vn -0.3847 0.9210 -0.0615
vn -0.1786 0.9815 -0.0691
vn 0.0120 0.9973 -0.0718
vn 0.2045 0.9758 -0.0770
vn 0.4166 0.9056 -0.0794
vn 0.6587 0.7485 -0.0766
vn 0.8991 0.4332 -0.0624
vn 0.9963 0.0761 -0.0402
vn 0.9830 -0.1822 -0.0212
vn 0.8586 -0.5127 0.0068
vn 0.6166 -0.7865 0.0348
vn 0.3855 -0.9212 0.0525
vn 0.1815 -0.9813 0.0639
vn -0.0082 -0.9974 0.0717
vn -0.2006 -0.9767 0.0769
vn -0.4125 -0.9075 0.0794
vn -0.6551 -0.7516 0.0767
vn -0.8973 -0.4370 0.0626
vn -0.9962 -0.0773 0.0403
vn -0.9831 0.1819 0.0213
vn -0.8578 0.5139 -0.0069
vn -0.6143 0.7883 -0.0350
vn -0.3823 0.9225 -0.0527
vn -0.1780 0.9819 -0.0641
vt 0.000000 1.000000
vt 0.020833 1.000000
vt 0.020833 0.954545
vt 0.000000 0.954545
vt 0.000000 0.045455
vt 0.020833 0.045455
vt 0.020833 0.000000
vt 0.000000 0.000000
vt 0.000000 0.090909
vt 0.020833 0.090909
vt 0.000000 0.136364
vt 0.020833 0.136364
vt 0.000000 0.181818
vt 0.020833 0.181818
vt 0.000000 0.227273
vt 0.020833 0.227273
vt 0.000000 0.272727
vt 0.020833 0.272727
vt 0.000000 0.318182
vt 0.020833 0.318182
vt 0.000000 0.363636
vt 0.020833 0.363636
vt 0.000000 0.409091
vt 0.020833 0.409091
vt 0.000000 0.454545
vt 0.020833 0.454545
vt 0.000000 0.500000
vt 0.020833 0.500000
vt 0.000000 0.545455
vt 0.020833 0.545455
vt 0.000000 0.590909
vt 0.020833 0.590909
vt 0.000000 0.636364
vt 0.020833 0.636364
vt 0.000000 0.681818
vt 0.020833 0.681818
vt 0.000000 0.727273
vt 0.020833 0.727273
vt 0.000000 0.772727
vt 0.020833 0.772727
vt 0.000000 0.818182
vt 0.020833 0.818182
vt 0.000000 0.863636
vt 0.020833 0.863636
vt 0.000000 0.909091
vt 0.020833 0.909091
vt 0.041667 1.000000
vt 0.041667 0.954545
vt 0.041667 0.045455
vt 0.041667 0.000000
vt 0.041667 0.090909
vt 0.041667 0.136364
vt 0.041667 0.181818
vt 0.041667 0.227273
vt 0.041667 0.272727
vt 0.041667 0.318182
vt 0.041667 0.363636
vt 0.041667 0.409091
vt 0.041667 0.454545
vt 0.041667 0.500000
vt 0.041667 0.545455
vt 0.041667 0.590909
vt 0.041667 0.636364
vt 0.041667 0.681818
vt 0.041667 0.727273
vt 0.041667 0.772727
vt 0.041667 0.818182
vt 0.041667 0.863636
vt 0.041667 0.909091
vt 0.062500 1.000000
vt 0.062500 0.954545
vt 0.062500 0.045455
vt 0.062500 0.000000
vt 0.062500 0.090909
vt 0.062500 0.136364
vt 0.062500 0.181818
vt 0.062500 0.227273
vt 0.062500 0.272727
vt 0.062500 0.318182
vt 0.062500 0.363636
vt 0.062500 0.409091
vt 0.062500 0.454545
vt 0.062500 0.500000
vt 0.062500 0.545455
vt 0.062500 0.590909
vt 0.062500 0.636364
vt 0.062500 0.681818
vt 0.062500 0.727273
vt 0.062500 0.772727
vt 0.062500 0.818182
vt 0.062500 0.863636
vt 0.062500 0.909091
vt 0.083333 1.000000
vt 0.083333 0.954545
vt 0.083333 0.045455
vt 0.083333 0.000000
vt 0.083333 0.090909
vt 0.083333 0.136364
vt 0.083333 0.181818
vt 0.083333 0.227273
vt 0.083333 0.272727
vt 0.083333 0.318182
vt 0.083333 0.363636
vt 0.083333 0.409091
vt 0.083333 0.454545
vt 0.083333 0.500000
vt 0.083333 0.545455
vt 0.083333 0.590909
vt 0.083333 0.636364
vt 0.083333 0.681818
vt 0.083333 0.727273
vt 0.083333 0.772727
vt 0.083333 0.818182
vt 0.083333 0.863636
vt 0.083333 0.909091
vt 0.104167 1.000000
vt 0.104167 0.954545
vt 0.104167 0.045455
vt 0.104167 0.000000
vt 0.104167 0.090909
vt 0.104167 0.136364
vt 0.104167 0.181818
vt 0.104167 0.227273
vt 0.104167 0.272727
vt 0.104167 0.318182
vt 0.104167 0.363636
vt 0.104167 0.409091
vt 0.104167 0.454545
vt 0.104167 0.500000
vt 0.104167 0.545455
vt 0.104167 0.590909
vt 0.104167 0.636364
vt 0.104167 0.681818
vt 0.104167 0.727273
vt 0.104167 0.772727
vt 0.104167 0.818182
vt 0.104167 0.863636
vt 0.104167 0.909091
vt 0.125000 1.000000
vt 0.125000 0.954545
vt 0.125000 0.045455
vt 0.125000 0.000000
vt 0.125000 0.090909
vt 0.125000 0.136364
vt 0.125000 0.181818
vt 0.125000 0.227273
vt 0.125000 0.272727
vt 0.125000 0.318182
vt 0.125000 0.363636
vt 0.125000 0.409091
vt 0.125000 0.454545
vt 0.125000 0.500000
vt 0.125000 0.545455
vt 0.125000 0.590909
vt 0.125000 0.636364
vt 0.125000 0.681818
vt 0.125000 0.727273
vt 0.125000 0.772727
vt 0.125000 0.818182
vt 0.125000 0.863636
vt 0.125000 0.909091
vt 0.145833 1.000000
vt 0.145833 0.954545
vt 0.145833 0.045455
vt 0.145833 0.000000
vt 0.145833 0.090909
vt 0.145833 0.136364
vt 0.145833 0.181818
vt 0.145833 0.227273
vt 0.145833 0.272727
vt 0.145833 0.318182
vt 0.145833 0.363636
vt 0.145833 0.409091
vt 0.145833 0.454545
vt 0.145833 0.500000
vt 0.145833 0.545455
vt 0.145833 0.590909
vt 0.145833 0.636364
vt 0.145833 0.681818
vt 0.145833 0.727273
vt 0.145833 0.772727
vt 0.145833 0.818182
vt 0.145833 0.863636
vt 0.145833 0.909091
vt 0.166667 1.000000
vt 0.166667 0.954545
vt 0.166667 0.045455
vt 0.166667 0.000000
vt 0.166667 0.090909
vt 0.166667 0.136364
vt 0.166667 0.181818
vt 0.166667 0.227273
vt 0.166667 0.272727
vt 0.166667 0.318182
vt 0.166667 0.363636
vt 0.166667 0.409091
vt 0.166667 0.454545
vt 0.166667 0.500000
vt 0.166667 0.545455
vt 0.166667 0.590909
vt 0.166667 0.636364
vt 0.166667 0.681818
vt 0.166667 0.727273
vt 0.166667 0.772727
vt 0.166667 0.818182
vt 0.166667 0.863636
vt 0.166667 0.909091
vt 0.187500 1.000000
vt 0.187500 0.954545
vt 0.187500 0.045455
vt 0.187500 0.000000
vt 0.187500 0.090909
vt 0.187500 0.136364
vt 0.187500 0.181818
vt 0.187500 0.227273
vt 0.187500 0.272727
vt 0.187500 0.318182
vt 0.187500 0.363636
vt 0.187500 0.409091
vt 0.187500 0.454545
vt 0.187500 0.500000
vt 0.187500 0.545455
vt 0.187500 0.590909
vt 0.187500 0.636364
vt 0.187500 0.681818
vt 0.187500 0.727273
vt 0.187500 0.772727
vt 0.187500 0.818182
vt 0.187500 0.863636
vt 0.187500 0.909091
vt 0.208333 1.000000
vt 0.208333 0.954545
vt 0.208333 0.045455
vt 0.208333 0.000000
vt 0.208333 0.090909
vt 0.208333 0.136364
vt 0.208333 0.181818
vt 0.208333 0.227273
vt 0.208333 0.272727
vt 0.208333 0.318182
vt 0.208333 0.363636
vt 0.208333 0.409091
vt 0.208333 0.454545
vt 0.208333 0.500000
vt 0.208333 0.545455
vt 0.208333 0.590909
vt 0.208333 0.636364
vt 0.208333 0.681818
vt 0.208333 0.727273
vt 0.208333 0.772727
vt 0.208333 0.818182
vt 0.208333 0.863636
vt 0.208333 0.909091
vt 0.229167 1.000000
vt 0.229167 0.954545
vt 0.229167 0.045455
vt 0.229167 0.000000
vt 0.229167 0.090909
vt 0.229167 0.136364
vt 0.229167 0.181818
vt 0.229167 0.227273
vt 0.229167 0.272727
vt 0.229167 0.318182
vt 0.229167 0.363636
vt 0.229167 0.409091
vt 0.229167 0.454545
vt 0.229167 0.500000
vt 0.229167 0.545455
vt 0.229167 0.590909
vt 0.229167 0.636364
vt 0.229167 0.681818
vt 0.229167 0.727273
vt 0.229167 0.772727
vt 0.229167 0.818182
vt 0.229167 0.863636
vt 0.229167 0.909091
vt 0.250000 1.000000
vt 0.250000 0.954545
vt 0.250000 0.045455
vt 0.250000 0.000000
vt 0.250000 0.090909
vt 0.250000 0.136364
vt 0.250000 0.181818
vt 0.250000 0.227273
vt 0.250000 0.272727
vt 0.250000 0.318182
vt 0.250000 0.363636
vt 0.250000 0.409091
vt 0.250000 0.454545
vt 0.250000 0.500000
vt 0.250000 0.545455
vt 0.250000 0.590909
vt 0.250000 0.636364
vt 0.250000 0.681818
vt 0.250000 0.727273
vt 0.250000 0.772727
vt 0.250000 0.818182
vt 0.250000 0.863636
vt 0.250000 0.909091
vt 0.270833 1.000000
vt 0.270833 0.954545
vt 0.270833 0.045455
vt 0.270833 0.000000
vt 0.270833 0.090909
vt 0.270833 0.136364
vt 0.270833 0.181818
vt 0.270833 0.227273
vt 0.270833 0.272727
vt 0.270833 0.318182
vt 0.270833 0.363636
vt 0.270833 0.409091
vt 0.270833 0.454545
vt 0.270833 0.500000
vt 0.270833 0.545455
vt 0.270833 0.590909
vt 0.270833 0.636364
vt 0.270833 0.681818
vt 0.270833 0.727273
vt 0.270833 0.772727
vt 0.270833 0.818182
vt 0.270833 0.863636
vt 0.270833 0.909091
vt 0.291667 1.000000
vt 0.291667 0.954545
vt 0.291667 0.045455
vt 0.291667 0.000000
vt 0.291667 0.090909
vt 0.291667 0.136364
vt 0.291667 0.181818
vt 0.291667 0.227273
vt 0.291667 0.272727
vt 0.291667 0.318182
vt 0.291667 0.363636
vt 0.291667 0.409091
vt 0.291667 0.454545
vt 0.291667 0.500000
vt 0.291667 0.545455
vt 0.291667 0.590909
vt 0.291667 0.636364
vt 0.291667 0.681818
vt 0.291667 0.727273
vt 0.291667 0.772727
vt 0.291667 0.818182
vt 0.291667 0.863636
vt 0.291667 0.909091
vt 0.312500 1.000000
vt 0.312500 0.954545
vt 0.312500 0.045455
vt 0.312500 0.000000
vt 0.312500 0.090909
vt 0.312500 0.136364
vt 0.312500 0.181818
vt 0.312500 0.227273
vt 0.312500 0.272727
vt 0.312500 0.318182
vt 0.312500 0.363636
vt 0.312500 0.409091
vt 0.312500 0.454545
vt 0.312500 0.500000
vt 0.312500 0.545455
vt 0.312500 0.590909
vt 0.312500 0.636364
vt 0.312500 0.681818
vt 0.312500 0.727273
vt 0.312500 0.772727
vt 0.312500 0.818182
vt 0.312500 0.863636
vt 0.312500 0.909091
vt 0.333333 1.000000
vt 0.333333 0.954545
vt 0.333333 0.045455
vt 0.333333 0.000000
vt 0.333333 0.090909
vt 0.333333 0.136364
vt 0.333333 0.181818
vt 0.333333 0.227273
vt 0.333333 0.272727
vt 0.333333 0.318182
vt 0.333333 0.363636
vt 0.333333 0.409091
vt 0.333333 0.454545
vt 0.333333 0.500000
vt 0.333333 0.545455
vt 0.333333 0.590909
vt 0.333333 0.636364
vt 0.333333 0.681818
vt 0.333333 0.727273
vt 0.333333 0.772727
vt 0.333333 0.818182
vt 0.333333 0.863636
vt 0.333333 0.909091
vt 0.354167 1.000000
vt 0.354167 0.954545
vt 0.354167 0.045455
vt 0.354167 0.000000
vt 0.354167 0.090909
vt 0.354167 0.136364
vt 0.354167 0.181818
vt 0.354167 0.227273
vt 0.354167 0.272727
vt 0.354167 0.318182
vt 0.354167 0.363636
vt 0.354167 0.409091
vt 0.354167 0.454545
vt 0.354167 0.500000
vt 0.354167 0.545455
vt 0.354167 0.590909
vt 0.354167 0.636364
vt 0.354167 0.681818
vt 0.354167 0.727273
vt 0.354167 0.772727
vt 0.354167 0.818182
vt 0.354167 0.863636
vt 0.354167 0.909091
vt 0.375000 1.000000
vt 0.375000 0.954545
vt 0.375000 0.045455
vt 0.375000 0.000000
vt 0.375000 0.090909
vt 0.375000 0.136364
vt 0.375000 0.181818
vt 0.375000 0.227273
vt 0.375000 0.272727
vt 0.375000 0.318182
vt 0.375000 0.363636
vt 0.375000 0.409091
vt 0.375000 0.454545
vt 0.375000 0.500000
vt 0.375000 0.545455
vt 0.375000 0.590909
vt 0.375000 0.636364
vt 0.375000 0.681818
vt 0.375000 0.727273
vt 0.375000 0.772727
vt 0.375000 0.818182
vt 0.375000 0.863636
vt 0.375000 0.909091
vt 0.395833 1.000000
vt 0.395833 0.954545
vt 0.395833 0.045455
vt 0.395833 0.000000
vt 0.395833 0.090909
vt 0.395833 0.136364
vt 0.395833 0.181818
vt 0.395833 0.227273
vt 0.395833 0.272727
vt 0.395833 0.318182
vt 0.395833 0.363636
vt 0.395833 0.409091
vt 0.395833 0.454545
vt 0.395833 0.500000
vt 0.395833 0.545455
vt 0.395833 0.590909
vt 0.395833 0.636364
vt 0.395833 0.681818
vt 0.395833 0.727273
vt 0.395833 0.772727
vt 0.395833 0.818182
vt 0.395833 0.863636
vt 0.395833 0.909091
vt 0.416667 1.000000
vt 0.416667 0.954545
vt 0.416667 0.045455
vt 0.416667 0.000000
vt 0.416667 0.090909
vt 0.416667 0.136364
vt 0.416667 0.181818
vt 0.416667 0.227273
vt 0.416667 0.272727
vt 0.416667 0.318182
vt 0.416667 0.363636
vt 0.416667 0.409091
vt 0.416667 0.454545
vt 0.416667 0.500000
vt 0.416667 0.545455
vt 0.416667 0.590909
vt 0.416667 0.636364
vt 0.416667 0.681818
vt 0.416667 0.727273
vt 0.416667 0.772727
vt 0.416667 0.818182
vt 0.416667 0.863636
vt 0.416667 0.909091
vt 0.437500 1.000000
vt 0.437500 0.954545
vt 0.437500 0.045455
vt 0.437500 0.000000
vt 0.437500 0.090909
vt 0.437500 0.136364
vt 0.437500 0.181818
vt 0.437500 0.227273
vt 0.437500 0.272727
vt 0.437500 0.318182
vt 0.437500 0.363636
vt 0.437500 0.409091
vt 0.437500 0.454545
vt 0.437500 0.500000
vt 0.437500 0.545455
vt 0.437500 0.590909
vt 0.437500 0.636364
vt 0.437500 0.681818
vt 0.437500 0.727273
vt 0.437500 0.772727
vt 0.437500 0.818182
vt 0.437500 0.863636
vt 0.437500 0.909091
vt 0.458333 1.000000
vt 0.458333 0.954545
vt 0.458333 0.045455
vt 0.458333 0.000000
vt 0.458333 0.090909
vt 0.458333 0.136364
vt 0.458333 0.181818
vt 0.458333 0.227273
vt 0.458333 0.272727
vt 0.458333 0.318182
vt 0.458333 0.363636
vt 0.458333 0.409091
vt 0.458333 0.454545
vt 0.458333 0.500000
vt 0.458333 0.545455
vt 0.458333 0.590909
vt 0.458333 0.636364
vt 0.458333 0.681818
vt 0.458333 0.727273
vt 0.458333 0.772727
vt 0.458333 0.818182
vt 0.458333 0.863636
vt 0.458333 0.909091
vt 0.479167 1.000000
vt 0.479167 0.954545
vt 0.479167 0.045455
vt 0.479167 0.000000
vt 0.479167 0.090909
vt 0.479167 0.136364
vt 0.479167 0.181818
vt 0.479167 0.227273
vt 0.479167 0.272727
vt 0.479167 0.318182
vt 0.479167 0.363636
vt 0.479167 0.409091
vt 0.479167 0.454545
vt 0.479167 0.500000
vt 0.479167 0.545455
vt 0.479167 0.590909
vt 0.479167 0.636364
vt 0.479167 0.681818
vt 0.479167 0.727273
vt 0.479167 0.772727
vt 0.479167 0.818182
vt 0.479167 0.863636
vt 0.479167 0.909091
vt 0.500000 1.000000
vt 0.500000 0.954545
vt 0.500000 0.045455
vt 0.500000 0.000000
vt 0.500000 0.090909
vt 0.500000 0.136364
vt 0.500000 0.181818
vt 0.500000 0.227273
vt 0.500000 0.272727
vt 0.500000 0.318182
vt 0.500000 0.363636
vt 0.500000 0.409091
vt 0.500000 0.454545
vt 0.500000 0.500000
vt 0.500000 0.545455
vt 0.500000 0.590909
vt 0.500000 0.636364
vt 0.500000 0.681818
vt 0.500000 0.727273
vt 0.500000 0.772727
vt 0.500000 0.818182
vt 0.500000 0.863636
vt 0.500000 0.909091
vt 0.520833 1.000000
vt 0.520833 0.954545
vt 0.520833 0.045455
vt 0.520833 0.000000
vt 0.520833 0.090909
vt 0.520833 0.136364
vt 0.520833 0.181818
vt 0.520833 0.227273
vt 0.520833 0.272727
vt 0.520833 0.318182
vt 0.520833 0.363636
vt 0.520833 0.409091
vt 0.520833 0.454545
vt 0.520833 0.500000
vt 0.520833 0.545455
vt 0.520833 0.590909
vt 0.520833 0.636364
vt 0.520833 0.681818
vt 0.520833 0.727273
vt 0.520833 0.772727
vt 0.520833 0.818182
vt 0.520833 0.863636
vt 0.520833 0.909091
vt 0.541667 1.000000
vt 0.541667 0.954545
vt 0.541667 0.045455
vt 0.541667 0.000000
vt 0.541667 0.090909
vt 0.541667 0.136364
vt 0.541667 0.181818
vt 0.541667 0.227273
vt 0.541667 0.272727
vt 0.541667 0.318182
vt 0.541667 0.363636
vt 0.541667 0.409091
vt 0.541667 0.454545
vt 0.541667 0.500000
vt 0.541667 0.545455
vt 0.541667 0.590909
vt 0.541667 0.636364
vt 0.541667 0.681818
vt 0.541667 0.727273
vt 0.541667 0.772727
vt 0.541667 0.818182
vt 0.541667 0.863636
vt 0.541667 0.909091
vt 0.562500 1.000000
vt 0.562500 0.954545
vt 0.562500 0.045455
vt 0.562500 0.000000
vt 0.562500 0.090909
vt 0.562500 0.136364
vt 0.562500 0.181818
vt 0.562500 0.227273
vt 0.562500 0.272727
vt 0.562500 0.318182
vt 0.562500 0.363636
vt 0.562500 0.409091
vt 0.562500 0.454545
vt 0.562500 0.500000
vt 0.562500 0.545455
vt 0.562500 0.590909
vt 0.562500 0.636364
vt 0.562500 0.681818
vt 0.562500 0.727273
vt 0.562500 0.772727
vt 0.562500 0.818182
vt 0.562500 0.863636
vt 0.562500 0.909091
vt 0.583333 1.000000
vt 0.583333 0.954545
vt 0.583333 0.045455
vt 0.583333 0.000000
vt 0.583333 0.090909
vt 0.583333 0.136364
vt 0.583333 0.181818
vt 0.583333 0.227273
vt 0.583333 0.272727
vt 0.583333 0.318182
vt 0.583333 0.363636
vt 0.583333 0.409091
vt 0.583333 0.454545
vt 0.583333 0.500000
vt 0.583333 0.545455
vt 0.583333 0.590909
vt 0.583333 0.636364
vt 0.583333 0.681818
vt 0.583333 0.727273
vt 0.583333 0.772727
vt 0.583333 0.818182
vt 0.583333 0.863636
vt 0.583333 0.909091
vt 0.604167 1.000000
vt 0.604167 0.954545
vt 0.604167 0.045455
vt 0.604167 0.000000
vt 0.604167 0.090909
vt 0.604167 0.136364
vt 0.604167 0.181818
vt 0.604167 0.227273
vt 0.604167 0.272727
vt 0.604167 0.318182
vt 0.604167 0.363636
vt 0.604167 0.409091
vt 0.604167 0.454545
vt 0.604167 0.500000
vt 0.604167 0.545455
vt 0.604167 0.590909
vt 0.604167 0.636364
vt 0.604167 0.681818
vt 0.604167 0.727273
vt 0.604167 0.772727
vt 0.604167 0.818182
vt 0.604167 0.863636
vt 0.604167 0.909091
vt 0.625000 1.000000
vt 0.625000 0.954545
vt 0.625000 0.045455
vt 0.625000 0.000000
vt 0.625000 0.090909
vt 0.625000 0.136364
vt 0.625000 0.181818
vt 0.625000 0.227273
vt 0.625000 0.272727
vt 0.625000 0.318182
vt 0.625000 0.363636
vt 0.625000 0.409091
vt 0.625000 0.454545
vt 0.625000 0.500000
vt 0.625000 0.545455
vt 0.625000 0.590909
vt 0.625000 0.636364
vt 0.625000 0.681818
vt 0.625000 0.727273
vt 0.625000 0.772727
vt 0.625000 0.818182
vt 0.625000 0.863636
vt 0.625000 0.909091
vt 0.645833 1.000000
vt 0.645833 0.954545
vt 0.645833 0.045455
vt 0.645833 0.000000
vt 0.645833 0.090909
vt 0.645833 0.136364
vt 0.645833 0.181818
vt 0.645833 0.227273
vt 0.645833 0.272727
vt 0.645833 0.318182
vt 0.645833 0.363636
vt 0.645833 0.409091
vt 0.645833 0.454545
vt 0.645833 0.500000
vt 0.645833 0.545455
vt 0.645833 0.590909
vt 0.645833 0.636364
vt 0.645833 0.681818
vt 0.645833 0.727273
vt 0.645833 0.772727
vt 0.645833 0.818182
vt 0.645833 0.863636
vt 0.645833 0.909091
vt 0.666667 1.000000
vt 0.666667 0.954545
vt 0.666667 0.045455
vt 0.666667 0.000000
vt 0.666667 0.090909
vt 0.666667 0.136364
vt 0.666667 0.181818
vt 0.666667 0.227273
vt 0.666667 0.272727
vt 0.666667 0.318182
vt 0.666667 0.363636
vt 0.666667 0.409091
vt 0.666667 0.454545
vt 0.666667 0.500000
vt 0.666667 0.545455
vt 0.666667 0.590909
vt 0.666667 0.636364
vt 0.666667 0.681818
vt 0.666667 0.727273
vt 0.666667 0.772727
vt 0.666667 0.818182
vt 0.666667 0.863636
vt 0.666667 0.909091
vt 0.687500 1.000000
vt 0.687500 0.954545
vt 0.687500 0.045455
vt 0.687500 0.000000
vt 0.687500 0.090909
vt 0.687500 0.136364
vt 0.687500 0.181818
vt 0.687500 0.227273
vt 0.687500 0.272727
vt 0.687500 0.318182
vt 0.687500 0.363636
vt 0.687500 0.409091
vt 0.687500 0.454545
vt 0.687500 0.500000
vt 0.687500 0.545455
vt 0.687500 0.590909
vt 0.687500 0.636364
vt 0.687500 0.681818
vt 0.687500 0.727273
vt 0.687500 0.772727
vt 0.687500 0.818182
vt 0.687500 0.863636
vt 0.687500 0.909091
vt 0.708333 1.000000
vt 0.708333 0.954545
vt 0.708333 0.045455
vt 0.708333 0.000000
vt 0.708333 0.090909
vt 0.708333 0.136364
vt 0.708333 0.181818
vt 0.708333 0.227273
vt 0.708333 0.272727
vt 0.708333 0.318182
vt 0.708333 0.363636
vt 0.708333 0.409091
vt 0.708333 0.454545
vt 0.708333 0.500000
vt 0.708333 0.545455
vt 0.708333 0.590909
vt 0.708333 0.636364
vt 0.708333 0.681818
vt 0.708333 0.727273
vt 0.708333 0.772727
vt 0.708333 0.818182
vt 0.708333 0.863636
vt 0.708333 0.909091
vt 0.729167 1.000000
vt 0.729167 0.954545
vt 0.729167 0.045455
vt 0.729167 0.000000
vt 0.729167 0.090909
vt 0.729167 0.136364
vt 0.729167 0.181818
vt 0.729167 0.227273
vt 0.729167 0.272727
vt 0.729167 0.318182
vt 0.729167 0.363636
vt 0.729167 0.409091
vt 0.729167 0.454545
vt 0.729167 0.500000
vt 0.729167 0.545455
vt 0.729167 0.590909
vt 0.729167 0.636364
vt 0.729167 0.681818
vt 0.729167 0.727273
vt 0.729167 0.772727
vt 0.729167 0.818182
vt 0.729167 0.863636
vt 0.729167 0.909091
vt 0.750000 1.000000
vt 0.750000 0.954545
vt 0.750000 0.045455
vt 0.750000 0.000000
vt 0.750000 0.090909
vt 0.750000 0.136364
vt 0.750000 0.181818
vt 0.750000 0.227273
vt 0.750000 0.272727
vt 0.750000 0.318182
vt 0.750000 0.363636
vt 0.750000 0.409091
vt 0.750000 0.454545
vt 0.750000 0.500000
vt 0.750000 0.545455
vt 0.750000 0.590909
vt 0.750000 0.636364
vt 0.750000 0.681818
vt 0.750000 0.727273
vt 0.750000 0.772727
vt 0.750000 0.818182
vt 0.750000 0.863636
vt 0.750000 0.909091
vt 0.770833 1.000000
vt 0.770833 0.954545
vt 0.770833 0.045455
vt 0.770833 0.000000
vt 0.770833 0.090909
vt 0.770833 0.136364
vt 0.770833 0.181818
vt 0.770833 0.227273
vt 0.770833 0.272727
vt 0.770833 0.318182
vt 0.770833 0.363636
vt 0.770833 0.409091
vt 0.770833 0.454545
vt 0.770833 0.500000
vt 0.770833 0.545455
vt 0.770833 0.590909
vt 0.770833 0.636364
vt 0.770833 0.681818
vt 0.770833 0.727273
vt 0.770833 0.772727
vt 0.770833 0.818182
vt 0.770833 0.863636
vt 0.770833 0.909091
vt 0.791667 1.000000
vt 0.791667 0.954545
vt 0.791667 0.045455
vt 0.791667 0.000000
vt 0.791667 0.090909
vt 0.791667 0.136364
vt 0.791667 0.181818
vt 0.791667 0.227273
vt 0.791667 0.272727
vt 0.791667 0.318182
vt 0.791667 0.363636
vt 0.791667 0.409091
vt 0.791667 0.454545
vt 0.791667 0.500000
vt 0.791667 0.545455
vt 0.791667 0.590909
vt 0.791667 0.636364
vt 0.791667 0.681818
vt 0.791667 0.727273
vt 0.791667 0.772727
vt 0.791667 0.818182
vt 0.791667 0.863636
vt 0.791667 0.909091
vt 0.812500 1.000000
vt 0.812500 0.954545
vt 0.812500 0.045455
vt 0.812500 0.000000
vt 0.812500 0.090909
vt 0.812500 0.136364
vt 0.812500 0.181818
vt 0.812500 0.227273
vt 0.812500 0.272727
vt 0.812500 0.318182
vt 0.812500 0.363636
vt 0.812500 0.409091
vt 0.812500 0.454545
vt 0.812500 0.500000
vt 0.812500 0.545455
vt 0.812500 0.590909
vt 0.812500 0.636364
vt 0.812500 0.681818
vt 0.812500 0.727273
vt 0.812500 0.772727
vt 0.812500 0.818182
vt 0.812500 0.863636
vt 0.812500 0.909091
vt 0.833333 1.000000
vt 0.833333 0.954545
vt 0.833333 0.045455
vt 0.833333 0.000000
vt 0.833333 0.090909
vt 0.833333 0.136364
vt 0.833333 0.181818
vt 0.833333 0.227273
vt 0.833333 0.272727
vt 0.833333 0.318182
vt 0.833333 0.363636
vt 0.833333 0.409091
vt 0.833333 0.454545
vt 0.833333 0.500000
vt 0.833333 0.545455
vt 0.833333 0.590909
vt 0.833333 0.636364
vt 0.833333 0.681818
vt 0.833333 0.727273
vt 0.833333 0.772727
vt 0.833333 0.818182
vt 0.833333 0.863636
vt 0.833333 0.909091
vt 0.854167 1.000000
vt 0.854167 0.954545
vt 0.854167 0.045455
vt 0.854167 0.000000
vt 0.854167 0.090909
vt 0.854167 0.136364
vt 0.854167 0.181818
vt 0.854167 0.227273
vt 0.854167 0.272727
vt 0.854167 0.318182
vt 0.854167 0.363636
vt 0.854167 0.409091
vt 0.854167 0.454545
vt 0.854167 0.500000
vt 0.854167 0.545455
vt 0.854167 0.590909
vt 0.854167 0.636364
vt 0.854167 0.681818
vt 0.854167 0.727273
vt 0.854167 0.772727
vt 0.854167 0.818182
vt 0.854167 0.863636
vt 0.854167 0.909091
vt 0.875000 1.000000
vt 0.875000 0.954545
vt 0.875000 0.045455
vt 0.875000 0.000000
vt 0.875000 0.090909
vt 0.875000 0.136364
vt 0.875000 0.181818
vt 0.875000 0.227273
vt 0.875000 0.272727
vt 0.875000 0.318182
vt 0.875000 0.363636
vt 0.875000 0.409091
vt 0.875000 0.454545
vt 0.875000 0.500000
vt 0.875000 0.545455
vt 0.875000 0.590909
vt 0.875000 0.636364
vt 0.875000 0.681818
vt 0.875000 0.727273
vt 0.875000 0.772727
vt 0.875000 0.818182
vt 0.875000 0.863636
vt 0.875000 0.909091
vt 0.895833 1.000000
vt 0.895833 0.954545
vt 0.895833 0.045455
vt 0.895833 0.000000
vt 0.895833 0.090909
vt 0.895833 0.136364
vt 0.895833 0.181818
vt 0.895833 0.227273
vt 0.895833 0.272727
vt 0.895833 0.318182
vt 0.895833 0.363636
vt 0.895833 0.409091
vt 0.895833 0.454545
vt 0.895833 0.500000
vt 0.895833 0.545455
vt 0.895833 0.590909
vt 0.895833 0.636364
vt 0.895833 0.681818
vt 0.895833 0.727273
vt 0.895833 0.772727
vt 0.895833 0.818182
vt 0.895833 0.863636
vt 0.895833 0.909091
vt 0.916667 1.000000
vt 0.916667 0.954545
vt 0.916667 0.045455
vt 0.916667 0.000000
vt 0.916667 0.090909
vt 0.916667 0.136364
vt 0.916667 0.181818
vt 0.916667 0.227273
vt 0.916667 0.272727
vt 0.916667 0.318182
vt 0.916667 0.363636
vt 0.916667 0.409091
vt 0.916667 0.454545
vt 0.916667 0.500000
vt 0.916667 0.545455
vt 0.916667 0.590909
vt 0.916667 0.636364
vt 0.916667 0.681818
vt 0.916667 0.727273
vt 0.916667 0.772727
vt 0.916667 0.818182
vt 0.916667 0.863636
vt 0.916667 0.909091
vt 0.937500 1.000000
vt 0.937500 0.954545
vt 0.937500 0.045455
vt 0.937500 0.000000
vt 0.937500 0.090909
vt 0.937500 0.136364
vt 0.937500 0.181818
vt 0.937500 0.227273
vt 0.937500 0.272727
vt 0.937500 0.318182
vt 0.937500 0.363636
vt 0.937500 0.409091
vt 0.937500 0.454545
vt 0.937500 0.500000
vt 0.937500 0.545455
vt 0.937500 0.590909
vt 0.937500 0.636364
vt 0.937500 0.681818
vt 0.937500 0.727273
vt 0.937500 0.772727
vt 0.937500 0.818182
vt 0.937500 0.863636
vt 0.937500 0.909091
vt 0.958333 1.000000
vt 0.958333 0.954545
vt 0.958333 0.045455
vt 0.958333 0.000000
vt 0.958333 0.090909
vt 0.958333 0.136364
vt 0.958333 0.181818
vt 0.958333 0.227273
vt 0.958333 0.272727
vt 0.958333 0.318182
vt 0.958333 0.363636
vt 0.958333 0.409091
vt 0.958333 0.454545
vt 0.958333 0.500000
vt 0.958333 0.545455
vt 0.958333 0.590909
vt 0.958333 0.636364
vt 0.958333 0.681818
vt 0.958333 0.727273
vt 0.958333 0.772727
vt 0.958333 0.818182
vt 0.958333 0.863636
vt 0.958333 0.909091
vt 0.979167 1.000000
vt 0.979167 0.954545
vt 0.979167 0.045455
vt 0.979167 0.000000
vt 0.979167 0.090909
vt 0.979167 0.136364
vt 0.979167 0.181818
vt 0.979167 0.227273
vt 0.979167 0.272727
vt 0.979167 0.318182
vt 0.979167 0.363636
vt 0.979167 0.409091
vt 0.979167 0.454545
vt 0.979167 0.500000
vt 0.979167 0.545455
vt 0.979167 0.590909
vt 0.979167 0.636364
vt 0.979167 0.681818
vt 0.979167 0.727273
vt 0.979167 0.772727
vt 0.979167 0.818182
vt 0.979167 0.863636
vt 0.979167 0.909091
vt 1.000000 1.000000
vt 1.000000 0.954545
vt 1.000000 0.045455
vt 1.000000 0.000000
vt 1.000000 0.090909
vt 1.000000 0.136364
vt 1.000000 0.181818
vt 1.000000 0.227273
vt 1.000000 0.272727
vt 1.000000 0.318182
vt 1.000000 0.363636
vt 1.000000 0.409091
vt 1.000000 0.454545
vt 1.000000 0.500000
vt 1.000000 0.545455
vt 1.000000 0.590909
vt 1.000000 0.636364
vt 1.000000 0.681818
vt 1.000000 0.727273
vt 1.000000 0.772727
vt 1.000000 0.818182
vt 1.000000 0.863636
vt 1.000000 0.909091
s 1
usemtl Braces_Chrome.002
f 2157/2255/2157 2179/2256/2179 2200/2257/2200 2178/2258/2178
f 2158/2259/2158 2180/2260/2180 2179/2261/2179 2157/2262/2157
f 2159/2263/2159 2181/2264/2181 2180/2260/2180 2158/2259/2158
f 2160/2265/2160 2182/2266/2182 2181/2264/2181 2159/2263/2159
f 2161/2267/2161 2183/2268/2183 2182/2266/2182 2160/2265/2160
f 2162/2269/2162 2184/2270/2184 2183/2268/2183 2161/2267/2161
f 2163/2271/2163 2185/2272/2185 2184/2270/2184 2162/2269/2162
f 2164/2273/2164 2186/2274/2186 2185/2272/2185 2163/2271/2163
f 2165/2275/2165 2187/2276/2187 2186/2274/2186 2164/2273/2164
f 2166/2277/2166 2188/2278/2188 2187/2276/2187 2165/2275/2165
f 2167/2279/2167 2189/2280/2189 2188/2278/2188 2166/2277/2166
f 2168/2281/2168 2190/2282/2190 2189/2280/2189 2167/2279/2167
f 2169/2283/2169 2191/2284/2191 2190/2282/2190 2168/2281/2168
f 2170/2285/2170 2192/2286/2192 2191/2284/2191 2169/2283/2169
f 2171/2287/2171 2193/2288/2193 2192/2286/2192 2170/2285/2170
f 2172/2289/2172 2194/2290/2194 2193/2288/2193 2171/2287/2171
f 2173/2291/2173 2195/2292/2195 2194/2290/2194 2172/2289/2172
f 2174/2293/2174 2196/2294/2196 2195/2292/2195 2173/2291/2173
f 2175/2295/2175 2197/2296/2197 2196/2294/2196 2174/2293/2174
f 2176/2297/2176 2198/2298/2198 2197/2296/2197 2175/2295/2175
f 2177/2299/2177 2199/2300/2199 2198/2298/2198 2176/2297/2176
f 2178/2258/2178 2200/2257/2200 2199/2300/2199 2177/2299/2177
f 2179/2256/2179 2201/2301/2201 2222/2302/2222 2200/2257/2200
f 2180/2260/2180 2202/2303/2202 2201/2304/2201 2179/2261/2179
f 2181/2264/2181 2203/2305/2203 2202/2303/2202 2180/2260/2180
f 2182/2266/2182 2204/2306/2204 2203/2305/2203 2181/2264/2181
f 2183/2268/2183 2205/2307/2205 2204/2306/2204 2182/2266/2182
f 2184/2270/2184 2206/2308/2206 2205/2307/2205 2183/2268/2183
f 2185/2272/2185 2207/2309/2207 2206/2308/2206 2184/2270/2184
f 2186/2274/2186 2208/2310/2208 2207/2309/2207 2185/2272/2185
f 2187/2276/2187 2209/2311/2209 2208/2310/2208 2186/2274/2186
f 2188/2278/2188 2210/2312/2210 2209/2311/2209 2187/2276/2187
f 2189/2280/2189 2211/2313/2211 2210/2312/2210 2188/2278/2188
f 2190/2282/2190 2212/2314/2212 2211/2313/2211 2189/2280/2189
f 2191/2284/2191 2213/2315/2213 2212/2314/2212 2190/2282/2190
f 2192/2286/2192 2214/2316/2214 2213/2315/2213 2191/2284/2191
f 2193/2288/2193 2215/2317/2215 2214/2316/2214 2192/2286/2192
f 2194/2290/2194 2216/2318/2216 2215/2317/2215 2193/2288/2193
f 2195/2292/2195 2217/2319/2217 2216/2318/2216 2194/2290/2194
f 2196/2294/2196 2218/2320/2218 2217/2319/2217 2195/2292/2195
f 2197/2296/2197 2219/2321/2219 2218/2320/2218 2196/2294/2196
f 2198/2298/2198 2220/2322/2220 2219/2321/2219 2197/2296/2197
f 2199/2300/2199 2221/2323/2221 2220/2322/2220 2198/2298/2198
f 2200/2257/2200 2222/2302/2222 2221/2323/2221 2199/2300/2199
f 2201/2301/2201 2223/2324/2223 2244/2325/2244 2222/2302/2222
f 2202/2303/2202 2224/2326/2224 2223/2327/2223 2201/2304/2201
f 2203/2305/2203 2225/2328/2225 2224/2326/2224 2202/2303/2202
f 2204/2306/2204 2226/2329/2226 2225/2328/2225 2203/2305/2203
f 2205/2307/2205 2227/2330/2227 2226/2329/2226 2204/2306/2204
f 2206/2308/2206 2228/2331/2228 2227/2330/2227 2205/2307/2205
f 2207/2309/2207 2229/2332/2229 2228/2331/2228 2206/2308/2206
f 2208/2310/2208 2230/2333/2230 2229/2332/2229 2207/2309/2207
f 2209/2311/2209 2231/2334/2231 2230/2333/2230 2208/2310/2208
f 2210/2312/2210 2232/2335/2232 2231/2334/2231 2209/2311/2209
f 2211/2313/2211 2233/2336/2233 2232/2335/2232 2210/2312/2210
f 2212/2314/2212 2234/2337/2234 2233/2336/2233 2211/2313/2211
f 2213/2315/2213 2235/2338/2235 2234/2337/2234 2212/2314/2212
f 2214/2316/2214 2236/2339/2236 2235/2338/2235 2213/2315/2213
f 2215/2317/2215 2237/2340/2237 2236/2339/2236 2214/2316/2214
f 2216/2318/2216 2238/2341/2238 2237/2340/2237 2215/2317/2215
f 2217/2319/2217 2239/2342/2239 2238/2341/2238 2216/2318/2216
f 2218/2320/2218 2240/2343/2240 2239/2342/2239 2217/2319/2217
f 2219/2321/2219 2241/2344/2241 2240/2343/2240 2218/2320/2218
f 2220/2322/2220 2242/2345/2242 2241/2344/2241 2219/2321/2219
f 2221/2323/2221 2243/2346/2243 2242/2345/2242 2220/2322/2220
f 2222/2302/2222 2244/2325/2244 2243/2346/2243 2221/2323/2221
f 2223/2324/2223 2245/2347/2245 2266/2348/2266 2244/2325/2244
f 2224/2326/2224 2246/2349/2246 2245/2350/2245 2223/2327/2223
f 2225/2328/2225 2247/2351/2247 2246/2349/2246 2224/2326/2224
f 2226/2329/2226 2248/2352/2248 2247/2351/2247 2225/2328/2225
f 2227/2330/2227 2249/2353/2249 2248/2352/2248 2226/2329/2226
f 2228/2331/2228 2250/2354/2250 2249/2353/2249 2227/2330/2227
f 2229/2332/2229 2251/2355/2251 2250/2354/2250 2228/2331/2228
f 2230/2333/2230 2252/2356/2252 2251/2355/2251 2229/2332/2229
f 2231/2334/2231 2253/2357/2253 2252/2356/2252 2230/2333/2230
f 2232/2335/2232 2254/2358/2254 2253/2357/2253 2231/2334/2231
f 2233/2336/2233 2255/2359/2255 2254/2358/2254 2232/2335/2232
f 2234/2337/2234 2256/2360/2256 2255/2359/2255 2233/2336/2233
f 2235/2338/2235 2257/2361/2257 2256/2360/2256 2234/2337/2234
f 2236/2339/2236 2258/2362/2258 2257/2361/2257 2235/2338/2235
f 2237/2340/2237 2259/2363/2259 2258/2362/2258 2236/2339/2236
f 2238/2341/2238 2260/2364/2260 2259/2363/2259 2237/2340/2237
f 2239/2342/2239 2261/2365/2261 2260/2364/2260 2238/2341/2238
f 2240/2343/2240 2262/2366/2262 2261/2365/2261 2239/2342/2239
f 2241/2344/2241 2263/2367/2263 2262/2366/2262 2240/2343/2240
f 2242/2345/2242 2264/2368/2264 2263/2367/2263 2241/2344/2241
f 2243/2346/2243 2265/2369/2265 2264/2368/2264 2242/2345/2242
f 2244/2325/2244 2266/2348/2266 2265/2369/2265 2243/2346/2243
f 2245/2347/2245 2267/2370/2267 2288/2371/2288 2266/2348/2266
f 2246/2349/2246 2268/2372/2268 2267/2373/2267 2245/2350/2245
f 2247/2351/2247 2269/2374/2269 2268/2372/2268 2246/2349/2246
f 2248/2352/2248 2270/2375/2270 2269/2374/2269 2247/2351/2247
f 2249/2353/2249 2271/2376/2271 2270/2375/2270 2248/2352/2248
f 2250/2354/2250 2272/2377/2272 2271/2376/2271 2249/2353/2249
f 2251/2355/2251 2273/2378/2273 2272/2377/2272 2250/2354/2250
f 2252/2356/2252 2274/2379/2274 2273/2378/2273 2251/2355/2251
f 2253/2357/2253 2275/2380/2275 2274/2379/2274 2252/2356/2252
f 2254/2358/2254 2276/2381/2276 2275/2380/2275 2253/2357/2253
f 2255/2359/2255 2277/2382/2277 2276/2381/2276 2254/2358/2254
f 2256/2360/2256 2278/2383/2278 2277/2382/2277 2255/2359/2255
f 2257/2361/2257 2279/2384/2279 2278/2383/2278 2256/2360/2256
f 2258/2362/2258 2280/2385/2280 2279/2384/2279 2257/2361/2257
f 2259/2363/2259 2281/2386/2281 2280/2385/2280 2258/2362/2258
f 2260/2364/2260 2282/2387/2282 2281/2386/2281 2259/2363/2259
f 2261/2365/2261 2283/2388/2283 2282/2387/2282 2260/2364/2260
f 2262/2366/2262 2284/2389/2284 2283/2388/2283 2261/2365/2261
f 2263/2367/2263 2285/2390/2285 2284/2389/2284 2262/2366/2262
f 2264/2368/2264 2286/2391/2286 2285/2390/2285 2263/2367/2263
f 2265/2369/2265 2287/2392/2287 2286/2391/2286 2264/2368/2264
f 2266/2348/2266 2288/2371/2288 2287/2392/2287 2265/2369/2265
f 2267/2370/2267 2289/2393/2289 2310/2394/2310 2288/2371/2288
f 2268/2372/2268 2290/2395/2290 2289/2396/2289 2267/2373/2267
f 2269/2374/2269 2291/2397/2291 2290/2395/2290 2268/2372/2268
f 2270/2375/2270 2292/2398/2292 2291/2397/2291 2269/2374/2269
f 2271/2376/2271 2293/2399/2293 2292/2398/2292 2270/2375/2270
f 2272/2377/2272 2294/2400/2294 2293/2399/2293 2271/2376/2271
f 2273/2378/2273 2295/2401/2295 2294/2400/2294 2272/2377/2272
f 2274/2379/2274 2296/2402/2296 2295/2401/2295 2273/2378/2273
f 2275/2380/2275 2297/2403/2297 2296/2402/2296 2274/2379/2274
f 2276/2381/2276 2298/2404/2298 2297/2403/2297 2275/2380/2275
f 2277/2382/2277 2299/2405/2299 2298/2404/2298 2276/2381/2276
f 2278/2383/2278 2300/2406/2300 2299/2405/2299 2277/2382/2277
f 2279/2384/2279 2301/2407/2301 2300/2406/2300 2278/2383/2278
f 2280/2385/2280 2302/2408/2302 2301/2407/2301 2279/2384/2279
f 2281/2386/2281 2303/2409/2303 2302/2408/2302 2280/2385/2280
f 2282/2387/2282 2304/2410/2304 2303/2409/2303 2281/2386/2281
f 2283/2388/2283 2305/2411/2305 2304/2410/2304 2282/2387/2282
f 2284/2389/2284 2306/2412/2306 2305/2411/2305 2283/2388/2283
f 2285/2390/2285 2307/2413/2307 2306/2412/2306 2284/2389/2284
f 2286/2391/2286 2308/2414/2308 2307/2413/2307 2285/2390/2285
f 2287/2392/2287 2309/2415/2309 2308/2414/2308 2286/2391/2286
f 2288/2371/2288 2310/2394/2310 2309/2415/2309 2287/2392/2287
f 2289/2393/2289 2311/2416/2311 2332/2417/2332 2310/2394/2310
f 2290/2395/2290 2312/2418/2312 2311/2419/2311 2289/2396/2289
f 2291/2397/2291 2313/2420/2313 2312/2418/2312 2290/2395/2290
f 2292/2398/2292 2314/2421/2314 2313/2420/2313 2291/2397/2291
f 2293/2399/2293 2315/2422/2315 2314/2421/2314 2292/2398/2292
f 2294/2400/2294 2316/2423/2316 2315/2422/2315 2293/2399/2293
f 2295/2401/2295 2317/2424/2317 2316/2423/2316 2294/2400/2294
f 2296/2402/2296 2318/2425/2318 2317/2424/2317 2295/2401/2295
f 2297/2403/2297 2319/2426/2319 2318/2425/2318 2296/2402/2296
f 2298/2404/2298 2320/2427/2320 2319/2426/2319 2297/2403/2297
f 2299/2405/2299 2321/2428/2321 2320/2427/2320 2298/2404/2298
f 2300/2406/2300 2322/2429/2322 2321/2428/2321 2299/2405/2299
f 2301/2407/2301 2323/2430/2323 2322/2429/2322 2300/2406/2300
f 2302/2408/2302 2324/2431/2324 2323/2430/2323 2301/2407/2301
f 2303/2409/2303 2325/2432/2325 2324/2431/2324 2302/2408/2302
f 2304/2410/2304 2326/2433/2326 2325/2432/2325 2303/2409/2303
f 2305/2411/2305 2327/2434/2327 2326/2433/2326 2304/2410/2304
f 2306/2412/2306 2328/2435/2328 2327/2434/2327 2305/2411/2305
f 2307/2413/2307 2329/2436/2329 2328/2435/2328 2306/2412/2306
f 2308/2414/2308 2330/2437/2330 2329/2436/2329 2307/2413/2307
f 2309/2415/2309 2331/2438/2331 2330/2437/2330 2308/2414/2308
f 2310/2394/2310 2332/2417/2332 2331/2438/2331 2309/2415/2309
f 2311/2416/2311 2333/2439/2333 2354/2440/2354 2332/2417/2332
f 2312/2418/2312 2334/2441/2334 2333/2442/2333 2311/2419/2311
f 2313/2420/2313 2335/2443/2335 2334/2441/2334 2312/2418/2312
f 2314/2421/2314 2336/2444/2336 2335/2443/2335 2313/2420/2313
f 2315/2422/2315 2337/2445/2337 2336/2444/2336 2314/2421/2314
f 2316/2423/2316 2338/2446/2338 2337/2445/2337 2315/2422/2315
f 2317/2424/2317 2339/2447/2339 2338/2446/2338 2316/2423/2316
f 2318/2425/2318 2340/2448/2340 2339/2447/2339 2317/2424/2317
f 2319/2426/2319 2341/2449/2341 2340/2448/2340 2318/2425/2318
f 2320/2427/2320 2342/2450/2342 2341/2449/2341 2319/2426/2319
f 2321/2428/2321 2343/2451/2343 2342/2450/2342 2320/2427/2320
f 2322/2429/2322 2344/2452/2344 2343/2451/2343 2321/2428/2321
f 2323/2430/2323 2345/2453/2345 2344/2452/2344 2322/2429/2322
f 2324/2431/2324 2346/2454/2346 2345/2453/2345 2323/2430/2323
f 2325/2432/2325 2347/2455/2347 2346/2454/2346 2324/2431/2324
f 2326/2433/2326 2348/2456/2348 2347/2455/2347 2325/2432/2325
f 2327/2434/2327 2349/2457/2349 2348/2456/2348 2326/2433/2326
f 2328/2435/2328 2350/2458/2350 2349/2457/2349 2327/2434/2327
f 2329/2436/2329 2351/2459/2351 2350/2458/2350 2328/2435/2328
f 2330/2437/2330 2352/2460/2352 2351/2459/2351 2329/2436/2329
f 2331/2438/2331 2353/2461/2353 2352/2460/2352 2330/2437/2330
f 2332/2417/2332 2354/2440/2354 2353/2461/2353 2331/2438/2331
f 2333/2439/2333 2355/2462/2355 2376/2463/2376 2354/2440/2354
f 2334/2441/2334 2356/2464/2356 2355/2465/2355 2333/2442/2333
f 2335/2443/2335 2357/2466/2357 2356/2464/2356 2334/2441/2334
f 2336/2444/2336 2358/2467/2358 2357/2466/2357 2335/2443/2335
f 2337/2445/2337 2359/2468/2359 2358/2467/2358 2336/2444/2336
f 2338/2446/2338 2360/2469/2360 2359/2468/2359 2337/2445/2337
f 2339/2447/2339 2361/2470/2361 2360/2469/2360 2338/2446/2338
f 2340/2448/2340 2362/2471/2362 2361/2470/2361 2339/2447/2339
f 2341/2449/2341 2363/2472/2363 2362/2471/2362 2340/2448/2340
f 2342/2450/2342 2364/2473/2364 2363/2472/2363 2341/2449/2341
f 2343/2451/2343 2365/2474/2365 2364/2473/2364 2342/2450/2342
f 2344/2452/2344 2366/2475/2366 2365/2474/2365 2343/2451/2343
f 2345/2453/2345 2367/2476/2367 2366/2475/2366 2344/2452/2344
f 2346/2454/2346 2368/2477/2368 2367/2476/2367 2345/2453/2345
f 2347/2455/2347 2369/2478/2369 2368/2477/2368 2346/2454/2346
f 2348/2456/2348 2370/2479/2370 2369/2478/2369 2347/2455/2347
f 2349/2457/2349 2371/2480/2371 2370/2479/2370 2348/2456/2348
f 2350/2458/2350 2372/2481/2372 2371/2480/2371 2349/2457/2349
f 2351/2459/2351 2373/2482/2373 2372/2481/2372 2350/2458/2350
f 2352/2460/2352 2374/2483/2374 2373/2482/2373 2351/2459/2351
f 2353/2461/2353 2375/2484/2375 2374/2483/2374 2352/2460/2352
f 2354/2440/2354 2376/2463/2376 2375/2484/2375 2353/2461/2353
f 2355/2462/2355 2377/2485/2377 2398/2486/2398 2376/2463/2376
f 2356/2464/2356 2378/2487/2378 2377/2488/2377 2355/2465/2355
f 2357/2466/2357 2379/2489/2379 2378/2487/2378 2356/2464/2356
f 2358/2467/2358 2380/2490/2380 2379/2489/2379 2357/2466/2357
f 2359/2468/2359 2381/2491/2381 2380/2490/2380 2358/2467/2358
f 2360/2469/2360 2382/2492/2382 2381/2491/2381 2359/2468/2359
f 2361/2470/2361 2383/2493/2383 2382/2492/2382 2360/2469/2360
f 2362/2471/2362 2384/2494/2384 2383/2493/2383 2361/2470/2361
f 2363/2472/2363 2385/2495/2385 2384/2494/2384 2362/2471/2362
f 2364/2473/2364 2386/2496/2386 2385/2495/2385 2363/2472/2363
f 2365/2474/2365 2387/2497/2387 2386/2496/2386 2364/2473/2364
f 2366/2475/2366 2388/2498/2388 2387/2497/2387 2365/2474/2365
f 2367/2476/2367 2389/2499/2389 2388/2498/2388 2366/2475/2366
f 2368/2477/2368 2390/2500/2390 2389/2499/2389 2367/2476/2367
f 2369/2478/2369 2391/2501/2391 2390/2500/2390 2368/2477/2368
f 2370/2479/2370 2392/2502/2392 2391/2501/2391 2369/2478/2369
f 2371/2480/2371 2393/2503/2393 2392/2502/2392 2370/2479/2370
f 2372/2481/2372 2394/2504/2394 2393/2503/2393 2371/2480/2371
f 2373/2482/2373 2395/2505/2395 2394/2504/2394 2372/2481/2372
f 2374/2483/2374 2396/2506/2396 2395/2505/2395 2373/2482/2373
f 2375/2484/2375 2397/2507/2397 2396/2506/2396 2374/2483/2374
f 2376/2463/2376 2398/2486/2398 2397/2507/2397 2375/2484/2375
f 2377/2485/2377 2399/2508/2399 2420/2509/2420 2398/2486/2398
f 2378/2487/2378 2400/2510/2400 2399/2511/2399 2377/2488/2377
f 2379/2489/2379 2401/2512/2401 2400/2510/2400 2378/2487/2378
f 2380/2490/2380 2402/2513/2402 2401/2512/2401 2379/2489/2379
f 2381/2491/2381 2403/2514/2403 2402/2513/2402 2380/2490/2380
f 2382/2492/2382 2404/2515/2404 2403/2514/2403 2381/2491/2381
f 2383/2493/2383 2405/2516/2405 2404/2515/2404 2382/2492/2382
f 2384/2494/2384 2406/2517/2406 2405/2516/2405 2383/2493/2383
f 2385/2495/2385 2407/2518/2407 2406/2517/2406 2384/2494/2384
f 2386/2496/2386 2408/2519/2408 2407/2518/2407 2385/2495/2385
f 2387/2497/2387 2409/2520/2409 2408/2519/2408 2386/2496/2386
f 2388/2498/2388 2410/2521/2410 2409/2520/2409 2387/2497/2387
f 2389/2499/2389 2411/2522/2411 2410/2521/2410 2388/2498/2388
f 2390/2500/2390 2412/2523/2412 2411/2522/2411 2389/2499/2389
f 2391/2501/2391 2413/2524/2413 2412/2523/2412 2390/2500/2390
f 2392/2502/2392 2414/2525/2414 2413/2524/2413 2391/2501/2391
f 2393/2503/2393 2415/2526/2415 2414/2525/2414 2392/2502/2392
f 2394/2504/2394 2416/2527/2416 2415/2526/2415 2393/2503/2393
f 2395/2505/2395 2417/2528/2417 2416/2527/2416 2394/2504/2394
f 2396/2506/2396 2418/2529/2418 2417/2528/2417 2395/2505/2395
f 2397/2507/2397 2419/2530/2419 2418/2529/2418 2396/2506/2396
f 2398/2486/2398 2420/2509/2420 2419/2530/2419 2397/2507/2397
f 2399/2508/2399 2421/2531/2421 2442/2532/2442 2420/2509/2420
f 2400/2510/2400 2422/2533/2422 2421/2534/2421 2399/2511/2399
f 2401/2512/2401 2423/2535/2423 2422/2533/2422 2400/2510/2400
f 2402/2513/2402 2424/2536/2424 2423/2535/2423 2401/2512/2401
f 2403/2514/2403 2425/2537/2425 2424/2536/2424 2402/2513/2402
f 2404/2515/2404 2426/2538/2426 2425/2537/2425 2403/2514/2403
f 2405/2516/2405 2427/2539/2427 2426/2538/2426 2404/2515/2404
f 2406/2517/2406 2428/2540/2428 2427/2539/2427 2405/2516/2405
f 2407/2518/2407 2429/2541/2429 2428/2540/2428 2406/2517/2406
f 2408/2519/2408 2430/2542/2430 2429/2541/2429 2407/2518/2407
f 2409/2520/2409 2431/2543/2431 2430/2542/2430 2408/2519/2408
f 2410/2521/2410 2432/2544/2432 2431/2543/2431 2409/2520/2409
f 2411/2522/2411 2433/2545/2433 2432/2544/2432 2410/2521/2410
f 2412/2523/2412 2434/2546/2434 2433/2545/2433 2411/2522/2411
f 2413/2524/2413 2435/2547/2435 2434/2546/2434 2412/2523/2412
f 2414/2525/2414 2436/2548/2436 2435/2547/2435 2413/2524/2413
f 2415/2526/2415 2437/2549/2437 2436/2548/2436 2414/2525/2414
f 2416/2527/2416 2438/2550/2438 2437/2549/2437 2415/2526/2415
f 2417/2528/2417 2439/2551/2439 2438/2550/2438 2416/2527/2416
f 2418/2529/2418 2440/2552/2440 2439/2551/2439 2417/2528/2417
f 2419/2530/2419 2441/2553/2441 2440/2552/2440 2418/2529/2418
f 2420/2509/2420 2442/2532/2442 2441/2553/2441 2419/2530/2419
f 2421/2531/2421 2443/2554/2443 2464/2555/2464 2442/2532/2442
f 2422/2533/2422 2444/2556/2444 2443/2557/2443 2421/2534/2421
f 2423/2535/2423 2445/2558/2445 2444/2556/2444 2422/2533/2422
f 2424/2536/2424 2446/2559/2446 2445/2558/2445 2423/2535/2423
f 2425/2537/2425 2447/2560/2447 2446/2559/2446 2424/2536/2424
f 2426/2538/2426 2448/2561/2448 2447/2560/2447 2425/2537/2425
f 2427/2539/2427 2449/2562/2449 2448/2561/2448 2426/2538/2426
f 2428/2540/2428 2450/2563/2450 2449/2562/2449 2427/2539/2427
f 2429/2541/2429 2451/2564/2451 2450/2563/2450 2428/2540/2428
f 2430/2542/2430 2452/2565/2452 2451/2564/2451 2429/2541/2429
f 2431/2543/2431 2453/2566/2453 2452/2565/2452 2430/2542/2430
f 2432/2544/2432 2454/2567/2454 2453/2566/2453 2431/2543/2431
f 2433/2545/2433 2455/2568/2455 2454/2567/2454 2432/2544/2432
f 2434/2546/2434 2456/2569/2456 2455/2568/2455 2433/2545/2433
f 2435/2547/2435 2457/2570/2457 2456/2569/2456 2434/2546/2434
f 2436/2548/2436 2458/2571/2458 2457/2570/2457 2435/2547/2435
f 2437/2549/2437 2459/2572/2459 2458/2571/2458 2436/2548/2436
f 2438/2550/2438 2460/2573/2460 2459/2572/2459 2437/2549/2437
f 2439/2551/2439 2461/2574/2461 2460/2573/2460 2438/2550/2438
f 2440/2552/2440 2462/2575/2462 2461/2574/2461 2439/2551/2439
f 2441/2553/2441 2463/2576/2463 2462/2575/2462 2440/2552/2440
f 2442/2532/2442 2464/2555/2464 2463/2576/2463 2441/2553/2441
f 2443/2554/2443 2465/2577/2465 2486/2578/2486 2464/2555/2464
f 2444/2556/2444 2466/2579/2466 2465/2580/2465 2443/2557/2443
f 2445/2558/2445 2467/2581/2467 2466/2579/2466 2444/2556/2444
f 2446/2559/2446 2468/2582/2468 2467/2581/2467 2445/2558/2445
f 2447/2560/2447 2469/2583/2469 2468/2582/2468 2446/2559/2446
f 2448/2561/2448 2470/2584/2470 2469/2583/2469 2447/2560/2447
f 2449/2562/2449 2471/2585/2471 2470/2584/2470 2448/2561/2448
f 2450/2563/2450 2472/2586/2472 2471/2585/2471 2449/2562/2449
f 2451/2564/2451 2473/2587/2473 2472/2586/2472 2450/2563/2450
f 2452/2565/2452 2474/2588/2474 2473/2587/2473 2451/2564/2451
f 2453/2566/2453 2475/2589/2475 2474/2588/2474 2452/2565/2452
f 2454/2567/2454 2476/2590/2476 2475/2589/2475 2453/2566/2453
f 2455/2568/2455 2477/2591/2477 2476/2590/2476 2454/2567/2454
f 2456/2569/2456 2478/2592/2478 2477/2591/2477 2455/2568/2455
f 2457/2570/2457 2479/2593/2479 2478/2592/2478 2456/2569/2456
f 2458/2571/2458 2480/2594/2480 2479/2593/2479 2457/2570/2457
f 2459/2572/2459 2481/2595/2481 2480/2594/2480 2458/2571/2458
f 2460/2573/2460 2482/2596/2482 2481/2595/2481 2459/2572/2459
f 2461/2574/2461 2483/2597/2483 2482/2596/2482 2460/2573/2460
f 2462/2575/2462 2484/2598/2484 2483/2597/2483 2461/2574/2461
f 2463/2576/2463 2485/2599/2485 2484/2598/2484 2462/2575/2462
f 2464/2555/2464 2486/2578/2486 2485/2599/2485 2463/2576/2463
f 2465/2577/2465 2487/2600/2487 2508/2601/2508 2486/2578/2486
f 2466/2579/2466 2488/2602/2488 2487/2603/2487 2465/2580/2465
f 2467/2581/2467 2489/2604/2489 2488/2602/2488 2466/2579/2466
f 2468/2582/2468 2490/2605/2490 2489/2604/2489 2467/2581/2467
f 2469/2583/2469 2491/2606/2491 2490/2605/2490 2468/2582/2468
f 2470/2584/2470 2492/2607/2492 2491/2606/2491 2469/2583/2469
f 2471/2585/2471 2493/2608/2493 2492/2607/2492 2470/2584/2470
f 2472/2586/2472 2494/2609/2494 2493/2608/2493 2471/2585/2471
f 2473/2587/2473 2495/2610/2495 2494/2609/2494 2472/2586/2472
f 2474/2588/2474 2496/2611/2496 2495/2610/2495 2473/2587/2473
f 2475/2589/2475 2497/2612/2497 2496/2611/2496 2474/2588/2474
f 2476/2590/2476 2498/2613/2498 2497/2612/2497 2475/2589/2475
f 2477/2591/2477 2499/2614/2499 2498/2613/2498 2476/2590/2476
f 2478/2592/2478 2500/2615/2500 2499/2614/2499 2477/2591/2477
f 2479/2593/2479 2501/2616/2501 2500/2615/2500 2478/2592/2478
f 2480/2594/2480 2502/2617/2502 2501/2616/2501 2479/2593/2479
f 2481/2595/2481 2503/2618/2503 2502/2617/2502 2480/2594/2480
f 2482/2596/2482 2504/2619/2504 2503/2618/2503 2481/2595/2481
f 2483/2597/2483 2505/2620/2505 2504/2619/2504 2482/2596/2482
f 2484/2598/2484 2506/2621/2506 2505/2620/2505 2483/2597/2483
f 2485/2599/2485 2507/2622/2507 2506/2621/2506 2484/2598/2484
f 2486/2578/2486 2508/2601/2508 2507/2622/2507 2485/2599/2485
f 2487/2600/2487 2509/2623/2509 2530/2624/2530 2508/2601/2508
f 2488/2602/2488 2510/2625/2510 2509/2626/2509 2487/2603/2487
f 2489/2604/2489 2511/2627/2511 2510/2625/2510 2488/2602/2488
f 2490/2605/2490 2512/2628/2512 2511/2627/2511 2489/2604/2489
f 2491/2606/2491 2513/2629/2513 2512/2628/2512 2490/2605/2490
f 2492/2607/2492 2514/2630/2514 2513/2629/2513 2491/2606/2491
f 2493/2608/2493 2515/2631/2515 2514/2630/2514 2492/2607/2492
f 2494/2609/2494 2516/2632/2516 2515/2631/2515 2493/2608/2493
f 2495/2610/2495 2517/2633/2517 2516/2632/2516 2494/2609/2494
f 2496/2611/2496 2518/2634/2518 2517/2633/2517 2495/2610/2495
f 2497/2612/2497 2519/2635/2519 2518/2634/2518 2496/2611/2496
f 2498/2613/2498 2520/2636/2520 2519/2635/2519 2497/2612/2497
f 2499/2614/2499 2521/2637/2521 2520/2636/2520 2498/2613/2498
f 2500/2615/2500 2522/2638/2522 2521/2637/2521 2499/2614/2499
f 2501/2616/2501 2523/2639/2523 2522/2638/2522 2500/2615/2500
f 2502/2617/2502 2524/2640/2524 2523/2639/2523 2501/2616/2501
f 2503/2618/2503 2525/2641/2525 2524/2640/2524 2502/2617/2502
f 2504/2619/2504 2526/2642/2526 2525/2641/2525 2503/2618/2503
f 2505/2620/2505 2527/2643/2527 2526/2642/2526 2504/2619/2504
f 2506/2621/2506 2528/2644/2528 2527/2643/2527 2505/2620/2505
f 2507/2622/2507 2529/2645/2529 2528/2644/2528 2506/2621/2506
f 2508/2601/2508 2530/2624/2530 2529/2645/2529 2507/2622/2507
f 2509/2623/2509 2531/2646/2531 2552/2647/2552 2530/2624/2530
f 2510/2625/2510 2532/2648/2532 2531/2649/2531 2509/2626/2509
f 2511/2627/2511 2533/2650/2533 2532/2648/2532 2510/2625/2510
f 2512/2628/2512 2534/2651/2534 2533/2650/2533 2511/2627/2511
f 2513/2629/2513 2535/2652/2535 2534/2651/2534 2512/2628/2512
f 2514/2630/2514 2536/2653/2536 2535/2652/2535 2513/2629/2513
f 2515/2631/2515 2537/2654/2537 2536/2653/2536 2514/2630/2514
f 2516/2632/2516 2538/2655/2538 2537/2654/2537 2515/2631/2515
f 2517/2633/2517 2539/2656/2539 2538/2655/2538 2516/2632/2516
f 2518/2634/2518 2540/2657/2540 2539/2656/2539 2517/2633/2517
f 2519/2635/2519 2541/2658/2541 2540/2657/2540 2518/2634/2518
f 2520/2636/2520 2542/2659/2542 2541/2658/2541 2519/2635/2519
f 2521/2637/2521 2543/2660/2543 2542/2659/2542 2520/2636/2520
f 2522/2638/2522 2544/2661/2544 2543/2660/2543 2521/2637/2521
f 2523/2639/2523 2545/2662/2545 2544/2661/2544 2522/2638/2522
f 2524/2640/2524 2546/2663/2546 2545/2662/2545 2523/2639/2523
f 2525/2641/2525 2547/2664/2547 2546/2663/2546 2524/2640/2524
f 2526/2642/2526 2548/2665/2548 2547/2664/2547 2525/2641/2525
f 2527/2643/2527 2549/2666/2549 2548/2665/2548 2526/2642/2526
f 2528/2644/2528 2550/2667/2550 2549/2666/2549 2527/2643/2527
f 2529/2645/2529 2551/2668/2551 2550/2667/2550 2528/2644/2528
f 2530/2624/2530 2552/2647/2552 2551/2668/2551 2529/2645/2529
f 2531/2646/2531 2553/2669/2553 2574/2670/2574 2552/2647/2552
f 2532/2648/2532 2554/2671/2554 2553/2672/2553 2531/2649/2531
f 2533/2650/2533 2555/2673/2555 2554/2671/2554 2532/2648/2532
f 2534/2651/2534 2556/2674/2556 2555/2673/2555 2533/2650/2533
f 2535/2652/2535 2557/2675/2557 2556/2674/2556 2534/2651/2534
f 2536/2653/2536 2558/2676/2558 2557/2675/2557 2535/2652/2535
f 2537/2654/2537 2559/2677/2559 2558/2676/2558 2536/2653/2536
f 2538/2655/2538 2560/2678/2560 2559/2677/2559 2537/2654/2537
f 2539/2656/2539 2561/2679/2561 2560/2678/2560 2538/2655/2538
f 2540/2657/2540 2562/2680/2562 2561/2679/2561 2539/2656/2539
f 2541/2658/2541 2563/2681/2563 2562/2680/2562 2540/2657/2540
f 2542/2659/2542 2564/2682/2564 2563/2681/2563 2541/2658/2541
f 2543/2660/2543 2565/2683/2565 2564/2682/2564 2542/2659/2542
f 2544/2661/2544 2566/2684/2566 2565/2683/2565 2543/2660/2543
f 2545/2662/2545 2567/2685/2567 2566/2684/2566 2544/2661/2544
f 2546/2663/2546 2568/2686/2568 2567/2685/2567 2545/2662/2545
f 2547/2664/2547 2569/2687/2569 2568/2686/2568 2546/2663/2546
f 2548/2665/2548 2570/2688/2570 2569/2687/2569 2547/2664/2547
f 2549/2666/2549 2571/2689/2571 2570/2688/2570 2548/2665/2548
f 2550/2667/2550 2572/2690/2572 2571/2689/2571 2549/2666/2549
f 2551/2668/2551 2573/2691/2573 2572/2690/2572 2550/2667/2550
f 2552/2647/2552 2574/2670/2574 2573/2691/2573 2551/2668/2551
f 2553/2669/2553 2575/2692/2575 2596/2693/2596 2574/2670/2574
f 2554/2671/2554 2576/2694/2576 2575/2695/2575 2553/2672/2553
f 2555/2673/2555 2577/2696/2577 2576/2694/2576 2554/2671/2554
f 2556/2674/2556 2578/2697/2578 2577/2696/2577 2555/2673/2555
f 2557/2675/2557 2579/2698/2579 2578/2697/2578 2556/2674/2556
f 2558/2676/2558 2580/2699/2580 2579/2698/2579 2557/2675/2557
f 2559/2677/2559 2581/2700/2581 2580/2699/2580 2558/2676/2558
f 2560/2678/2560 2582/2701/2582 2581/2700/2581 2559/2677/2559
f 2561/2679/2561 2583/2702/2583 2582/2701/2582 2560/2678/2560
f 2562/2680/2562 2584/2703/2584 2583/2702/2583 2561/2679/2561
f 2563/2681/2563 2585/2704/2585 2584/2703/2584 2562/2680/2562
f 2564/2682/2564 2586/2705/2586 2585/2704/2585 2563/2681/2563
f 2565/2683/2565 2587/2706/2587 2586/2705/2586 2564/2682/2564
f 2566/2684/2566 2588/2707/2588 2587/2706/2587 2565/2683/2565
f 2567/2685/2567 2589/2708/2589 2588/2707/2588 2566/2684/2566
f 2568/2686/2568 2590/2709/2590 2589/2708/2589 2567/2685/2567
f 2569/2687/2569 2591/2710/2591 2590/2709/2590 2568/2686/2568
f 2570/2688/2570 2592/2711/2592 2591/2710/2591 2569/2687/2569
f 2571/2689/2571 2593/2712/2593 2592/2711/2592 2570/2688/2570
f 2572/2690/2572 2594/2713/2594 2593/2712/2593 2571/2689/2571
f 2573/2691/2573 2595/2714/2595 2594/2713/2594 2572/2690/2572
f 2574/2670/2574 2596/2693/2596 2595/2714/2595 2573/2691/2573
f 2575/2692/2575 2597/2715/2597 2618/2716/2618 2596/2693/2596
f 2576/2694/2576 2598/2717/2598 2597/2718/2597 2575/2695/2575
f 2577/2696/2577 2599/2719/2599 2598/2717/2598 2576/2694/2576
f 2578/2697/2578 2600/2720/2600 2599/2719/2599 2577/2696/2577
f 2579/2698/2579 2601/2721/2601 2600/2720/2600 2578/2697/2578
f 2580/2699/2580 2602/2722/2602 2601/2721/2601 2579/2698/2579
f 2581/2700/2581 2603/2723/2603 2602/2722/2602 2580/2699/2580
f 2582/2701/2582 2604/2724/2604 2603/2723/2603 2581/2700/2581
f 2583/2702/2583 2605/2725/2605 2604/2724/2604 2582/2701/2582
f 2584/2703/2584 2606/2726/2606 2605/2725/2605 2583/2702/2583
f 2585/2704/2585 2607/2727/2607 2606/2726/2606 2584/2703/2584
f 2586/2705/2586 2608/2728/2608 2607/2727/2607 2585/2704/2585
f 2587/2706/2587 2609/2729/2609 2608/2728/2608 2586/2705/2586
f 2588/2707/2588 2610/2730/2610 2609/2729/2609 2587/2706/2587
f 2589/2708/2589 2611/2731/2611 2610/2730/2610 2588/2707/2588
f 2590/2709/2590 2612/2732/2612 2611/2731/2611 2589/2708/2589
f 2591/2710/2591 2613/2733/2613 2612/2732/2612 2590/2709/2590
f 2592/2711/2592 2614/2734/2614 2613/2733/2613 2591/2710/2591
f 2593/2712/2593 2615/2735/2615 2614/2734/2614 2592/2711/2592
f 2594/2713/2594 2616/2736/2616 2615/2735/2615 2593/2712/2593
f 2595/2714/2595 2617/2737/2617 2616/2736/2616 2594/2713/2594
f 2596/2693/2596 2618/2716/2618 2617/2737/2617 2595/2714/2595
f 2597/2715/2597 2619/2738/2619 2640/2739/2640 2618/2716/2618
f 2598/2717/2598 2620/2740/2620 2619/2741/2619 2597/2718/2597
f 2599/2719/2599 2621/2742/2621 2620/2740/2620 2598/2717/2598
f 2600/2720/2600 2622/2743/2622 2621/2742/2621 2599/2719/2599
f 2601/2721/2601 2623/2744/2623 2622/2743/2622 2600/2720/2600
f 2602/2722/2602 2624/2745/2624 2623/2744/2623 2601/2721/2601
f 2603/2723/2603 2625/2746/2625 2624/2745/2624 2602/2722/2602
f 2604/2724/2604 2626/2747/2626 2625/2746/2625 2603/2723/2603
f 2605/2725/2605 2627/2748/2627 2626/2747/2626 2604/2724/2604
f 2606/2726/2606 2628/2749/2628 2627/2748/2627 2605/2725/2605
f 2607/2727/2607 2629/2750/2629 2628/2749/2628 2606/2726/2606
f 2608/2728/2608 2630/2751/2630 2629/2750/2629 2607/2727/2607
f 2609/2729/2609 2631/2752/2631 2630/2751/2630 2608/2728/2608
f 2610/2730/2610 2632/2753/2632 2631/2752/2631 2609/2729/2609
f 2611/2731/2611 2633/2754/2633 2632/2753/2632 2610/2730/2610
f 2612/2732/2612 2634/2755/2634 2633/2754/2633 2611/2731/2611
f 2613/2733/2613 2635/2756/2635 2634/2755/2634 2612/2732/2612
f 2614/2734/2614 2636/2757/2636 2635/2756/2635 2613/2733/2613
f 2615/2735/2615 2637/2758/2637 2636/2757/2636 2614/2734/2614
f 2616/2736/2616 2638/2759/2638 2637/2758/2637 2615/2735/2615
f 2617/2737/2617 2639/2760/2639 2638/2759/2638 2616/2736/2616
f 2618/2716/2618 2640/2739/2640 2639/2760/2639 2617/2737/2617
f 2619/2738/2619 2641/2761/2641 2662/2762/2662 2640/2739/2640
f 2620/2740/2620 2642/2763/2642 2641/2764/2641 2619/2741/2619
f 2621/2742/2621 2643/2765/2643 2642/2763/2642 2620/2740/2620
f 2622/2743/2622 2644/2766/2644 2643/2765/2643 2621/2742/2621
f 2623/2744/2623 2645/2767/2645 2644/2766/2644 2622/2743/2622
f 2624/2745/2624 2646/2768/2646 2645/2767/2645 2623/2744/2623
f 2625/2746/2625 2647/2769/2647 2646/2768/2646 2624/2745/2624
f 2626/2747/2626 2648/2770/2648 2647/2769/2647 2625/2746/2625
f 2627/2748/2627 2649/2771/2649 2648/2770/2648 2626/2747/2626
f 2628/2749/2628 2650/2772/2650 2649/2771/2649 2627/2748/2627
f 2629/2750/2629 2651/2773/2651 2650/2772/2650 2628/2749/2628
f 2630/2751/2630 2652/2774/2652 2651/2773/2651 2629/2750/2629
f 2631/2752/2631 2653/2775/2653 2652/2774/2652 2630/2751/2630
f 2632/2753/2632 2654/2776/2654 2653/2775/2653 2631/2752/2631
f 2633/2754/2633 2655/2777/2655 2654/2776/2654 2632/2753/2632
f 2634/2755/2634 2656/2778/2656 2655/2777/2655 2633/2754/2633
f 2635/2756/2635 2657/2779/2657 2656/2778/2656 2634/2755/2634
f 2636/2757/2636 2658/2780/2658 2657/2779/2657 2635/2756/2635
f 2637/2758/2637 2659/2781/2659 2658/2780/2658 2636/2757/2636
f 2638/2759/2638 2660/2782/2660 2659/2781/2659 2637/2758/2637
f 2639/2760/2639 2661/2783/2661 2660/2782/2660 2638/2759/2638
f 2640/2739/2640 2662/2762/2662 2661/2783/2661 2639/2760/2639
f 2641/2761/2641 2663/2784/2663 2684/2785/2684 2662/2762/2662
f 2642/2763/2642 2664/2786/2664 2663/2787/2663 2641/2764/2641
f 2643/2765/2643 2665/2788/2665 2664/2786/2664 2642/2763/2642
f 2644/2766/2644 2666/2789/2666 2665/2788/2665 2643/2765/2643
f 2645/2767/2645 2667/2790/2667 2666/2789/2666 2644/2766/2644
f 2646/2768/2646 2668/2791/2668 2667/2790/2667 2645/2767/2645
f 2647/2769/2647 2669/2792/2669 2668/2791/2668 2646/2768/2646
f 2648/2770/2648 2670/2793/2670 2669/2792/2669 2647/2769/2647
f 2649/2771/2649 2671/2794/2671 2670/2793/2670 2648/2770/2648
f 2650/2772/2650 2672/2795/2672 2671/2794/2671 2649/2771/2649
f 2651/2773/2651 2673/2796/2673 2672/2795/2672 2650/2772/2650
f 2652/2774/2652 2674/2797/2674 2673/2796/2673 2651/2773/2651
f 2653/2775/2653 2675/2798/2675 2674/2797/2674 2652/2774/2652
f 2654/2776/2654 2676/2799/2676 2675/2798/2675 2653/2775/2653
f 2655/2777/2655 2677/2800/2677 2676/2799/2676 2654/2776/2654
f 2656/2778/2656 2678/2801/2678 2677/2800/2677 2655/2777/2655
f 2657/2779/2657 2679/2802/2679 2678/2801/2678 2656/2778/2656
f 2658/2780/2658 2680/2803/2680 2679/2802/2679 2657/2779/2657
f 2659/2781/2659 2681/2804/2681 2680/2803/2680 2658/2780/2658
f 2660/2782/2660 2682/2805/2682 2681/2804/2681 2659/2781/2659
f 2661/2783/2661 2683/2806/2683 2682/2805/2682 2660/2782/2660
f 2662/2762/2662 2684/2785/2684 2683/2806/2683 2661/2783/2661
f 2663/2784/2663 2685/2807/2685 2706/2808/2706 2684/2785/2684
f 2664/2786/2664 2686/2809/2686 2685/2810/2685 2663/2787/2663
f 2665/2788/2665 2687/2811/2687 2686/2809/2686 2664/2786/2664
f 2666/2789/2666 2688/2812/2688 2687/2811/2687 2665/2788/2665
f 2667/2790/2667 2689/2813/2689 2688/2812/2688 2666/2789/2666
f 2668/2791/2668 2690/2814/2690 2689/2813/2689 2667/2790/2667
f 2669/2792/2669 2691/2815/2691 2690/2814/2690 2668/2791/2668
f 2670/2793/2670 2692/2816/2692 2691/2815/2691 2669/2792/2669
f 2671/2794/2671 2693/2817/2693 2692/2816/2692 2670/2793/2670
f 2672/2795/2672 2694/2818/2694 2693/2817/2693 2671/2794/2671
f 2673/2796/2673 2695/2819/2695 2694/2818/2694 2672/2795/2672
f 2674/2797/2674 2696/2820/2696 2695/2819/2695 2673/2796/2673
f 2675/2798/2675 2697/2821/2697 2696/2820/2696 2674/2797/2674
f 2676/2799/2676 2698/2822/2698 2697/2821/2697 2675/2798/2675
f 2677/2800/2677 2699/2823/2699 2698/2822/2698 2676/2799/2676
f 2678/2801/2678 2700/2824/2700 2699/2823/2699 2677/2800/2677
f 2679/2802/2679 2701/2825/2701 2700/2824/2700 2678/2801/2678
f 2680/2803/2680 2702/2826/2702 2701/2825/2701 2679/2802/2679
f 2681/2804/2681 2703/2827/2703 2702/2826/2702 2680/2803/2680
f 2682/2805/2682 2704/2828/2704 2703/2827/2703 2681/2804/2681
f 2683/2806/2683 2705/2829/2705 2704/2828/2704 2682/2805/2682
f 2684/2785/2684 2706/2808/2706 2705/2829/2705 2683/2806/2683
f 2685/2807/2685 2707/2830/2707 2728/2831/2728 2706/2808/2706
f 2686/2809/2686 2708/2832/2708 2707/2833/2707 2685/2810/2685
f 2687/2811/2687 2709/2834/2709 2708/2832/2708 2686/2809/2686
f 2688/2812/2688 2710/2835/2710 2709/2834/2709 2687/2811/2687
f 2689/2813/2689 2711/2836/2711 2710/2835/2710 2688/2812/2688
f 2690/2814/2690 2712/2837/2712 2711/2836/2711 2689/2813/2689
f 2691/2815/2691 2713/2838/2713 2712/2837/2712 2690/2814/2690
f 2692/2816/2692 2714/2839/2714 2713/2838/2713 2691/2815/2691
f 2693/2817/2693 2715/2840/2715 2714/2839/2714 2692/2816/2692
f 2694/2818/2694 2716/2841/2716 2715/2840/2715 2693/2817/2693
f 2695/2819/2695 2717/2842/2717 2716/2841/2716 2694/2818/2694
f 2696/2820/2696 2718/2843/2718 2717/2842/2717 2695/2819/2695
f 2697/2821/2697 2719/2844/2719 2718/2843/2718 2696/2820/2696
f 2698/2822/2698 2720/2845/2720 2719/2844/2719 2697/2821/2697
f 2699/2823/2699 2721/2846/2721 2720/2845/2720 2698/2822/2698
f 2700/2824/2700 2722/2847/2722 2721/2846/2721 2699/2823/2699
f 2701/2825/2701 2723/2848/2723 2722/2847/2722 2700/2824/2700
f 2702/2826/2702 2724/2849/2724 2723/2848/2723 2701/2825/2701
f 2703/2827/2703 2725/2850/2725 2724/2849/2724 2702/2826/2702
f 2704/2828/2704 2726/2851/2726 2725/2850/2725 2703/2827/2703
f 2705/2829/2705 2727/2852/2727 2726/2851/2726 2704/2828/2704
f 2706/2808/2706 2728/2831/2728 2727/2852/2727 2705/2829/2705
f 2707/2830/2707 2729/2853/2729 2750/2854/2750 2728/2831/2728
f 2708/2832/2708 2730/2855/2730 2729/2856/2729 2707/2833/2707
f 2709/2834/2709 2731/2857/2731 2730/2855/2730 2708/2832/2708
f 2710/2835/2710 2732/2858/2732 2731/2857/2731 2709/2834/2709
f 2711/2836/2711 2733/2859/2733 2732/2858/2732 2710/2835/2710
f 2712/2837/2712 2734/2860/2734 2733/2859/2733 2711/2836/2711
f 2713/2838/2713 2735/2861/2735 2734/2860/2734 2712/2837/2712
f 2714/2839/2714 2736/2862/2736 2735/2861/2735 2713/2838/2713
f 2715/2840/2715 2737/2863/2737 2736/2862/2736 2714/2839/2714
f 2716/2841/2716 2738/2864/2738 2737/2863/2737 2715/2840/2715
f 2717/2842/2717 2739/2865/2739 2738/2864/2738 2716/2841/2716
f 2718/2843/2718 2740/2866/2740 2739/2865/2739 2717/2842/2717
f 2719/2844/2719 2741/2867/2741 2740/2866/2740 2718/2843/2718
f 2720/2845/2720 2742/2868/2742 2741/2867/2741 2719/2844/2719
f 2721/2846/2721 2743/2869/2743 2742/2868/2742 2720/2845/2720
f 2722/2847/2722 2744/2870/2744 2743/2869/2743 2721/2846/2721
f 2723/2848/2723 2745/2871/2745 2744/2870/2744 2722/2847/2722
f 2724/2849/2724 2746/2872/2746 2745/2871/2745 2723/2848/2723
f 2725/2850/2725 2747/2873/2747 2746/2872/2746 2724/2849/2724
f 2726/2851/2726 2748/2874/2748 2747/2873/2747 2725/2850/2725
f 2727/2852/2727 2749/2875/2749 2748/2874/2748 2726/2851/2726
f 2728/2831/2728 2750/2854/2750 2749/2875/2749 2727/2852/2727
f 2729/2853/2729 2751/2876/2751 2772/2877/2772 2750/2854/2750
f 2730/2855/2730 2752/2878/2752 2751/2879/2751 2729/2856/2729
f 2731/2857/2731 2753/2880/2753 2752/2878/2752 2730/2855/2730
f 2732/2858/2732 2754/2881/2754 2753/2880/2753 2731/2857/2731
f 2733/2859/2733 2755/2882/2755 2754/2881/2754 2732/2858/2732
f 2734/2860/2734 2756/2883/2756 2755/2882/2755 2733/2859/2733
f 2735/2861/2735 2757/2884/2757 2756/2883/2756 2734/2860/2734
f 2736/2862/2736 2758/2885/2758 2757/2884/2757 2735/2861/2735
f 2737/2863/2737 2759/2886/2759 2758/2885/2758 2736/2862/2736
f 2738/2864/2738 2760/2887/2760 2759/2886/2759 2737/2863/2737
f 2739/2865/2739 2761/2888/2761 2760/2887/2760 2738/2864/2738
f 2740/2866/2740 2762/2889/2762 2761/2888/2761 2739/2865/2739
f 2741/2867/2741 2763/2890/2763 2762/2889/2762 2740/2866/2740
f 2742/2868/2742 2764/2891/2764 2763/2890/2763 2741/2867/2741
f 2743/2869/2743 2765/2892/2765 2764/2891/2764 2742/2868/2742
f 2744/2870/2744 2766/2893/2766 2765/2892/2765 2743/2869/2743
f 2745/2871/2745 2767/2894/2767 2766/2893/2766 2744/2870/2744
f 2746/2872/2746 2768/2895/2768 2767/2894/2767 2745/2871/2745
f 2747/2873/2747 2769/2896/2769 2768/2895/2768 2746/2872/2746
f 2748/2874/2748 2770/2897/2770 2769/2896/2769 2747/2873/2747
f 2749/2875/2749 2771/2898/2771 2770/2897/2770 2748/2874/2748
f 2750/2854/2750 2772/2877/2772 2771/2898/2771 2749/2875/2749
f 2751/2876/2751 2773/2899/2773 2794/2900/2794 2772/2877/2772
f 2752/2878/2752 2774/2901/2774 2773/2902/2773 2751/2879/2751
f 2753/2880/2753 2775/2903/2775 2774/2901/2774 2752/2878/2752
f 2754/2881/2754 2776/2904/2776 2775/2903/2775 2753/2880/2753
f 2755/2882/2755 2777/2905/2777 2776/2904/2776 2754/2881/2754
f 2756/2883/2756 2778/2906/2778 2777/2905/2777 2755/2882/2755
f 2757/2884/2757 2779/2907/2779 2778/2906/2778 2756/2883/2756
f 2758/2885/2758 2780/2908/2780 2779/2907/2779 2757/2884/2757
f 2759/2886/2759 2781/2909/2781 2780/2908/2780 2758/2885/2758
f 2760/2887/2760 2782/2910/2782 2781/2909/2781 2759/2886/2759
f 2761/2888/2761 2783/2911/2783 2782/2910/2782 2760/2887/2760
f 2762/2889/2762 2784/2912/2784 2783/2911/2783 2761/2888/2761
f 2763/2890/2763 2785/2913/2785 2784/2912/2784 2762/2889/2762
f 2764/2891/2764 2786/2914/2786 2785/2913/2785 2763/2890/2763
f 2765/2892/2765 2787/2915/2787 2786/2914/2786 2764/2891/2764
f 2766/2893/2766 2788/2916/2788 2787/2915/2787 2765/2892/2765
f 2767/2894/2767 2789/2917/2789 2788/2916/2788 2766/2893/2766
f 2768/2895/2768 2790/2918/2790 2789/2917/2789 2767/2894/2767
f 2769/2896/2769 2791/2919/2791 2790/2918/2790 2768/2895/2768
f 2770/2897/2770 2792/2920/2792 2791/2919/2791 2769/2896/2769
f 2771/2898/2771 2793/2921/2793 2792/2920/2792 2770/2897/2770
f 2772/2877/2772 2794/2900/2794 2793/2921/2793 2771/2898/2771
f 2773/2899/2773 2795/2922/2795 2816/2923/2816 2794/2900/2794
f 2774/2901/2774 2796/2924/2796 2795/2925/2795 2773/2902/2773
f 2775/2903/2775 2797/2926/2797 2796/2924/2796 2774/2901/2774
f 2776/2904/2776 2798/2927/2798 2797/2926/2797 2775/2903/2775
f 2777/2905/2777 2799/2928/2799 2798/2927/2798 2776/2904/2776
f 2778/2906/2778 2800/2929/2800 2799/2928/2799 2777/2905/2777
f 2779/2907/2779 2801/2930/2801 2800/2929/2800 2778/2906/2778
f 2780/2908/2780 2802/2931/2802 2801/2930/2801 2779/2907/2779
f 2781/2909/2781 2803/2932/2803 2802/2931/2802 2780/2908/2780
f 2782/2910/2782 2804/2933/2804 2803/2932/2803 2781/2909/2781
f 2783/2911/2783 2805/2934/2805 2804/2933/2804 2782/2910/2782
f 2784/2912/2784 2806/2935/2806 2805/2934/2805 2783/2911/2783
f 2785/2913/2785 2807/2936/2807 2806/2935/2806 2784/2912/2784
f 2786/2914/2786 2808/2937/2808 2807/2936/2807 2785/2913/2785
f 2787/2915/2787 2809/2938/2809 2808/2937/2808 2786/2914/2786
f 2788/2916/2788 2810/2939/2810 2809/2938/2809 2787/2915/2787
f 2789/2917/2789 2811/2940/2811 2810/2939/2810 2788/2916/2788
f 2790/2918/2790 2812/2941/2812 2811/2940/2811 2789/2917/2789
f 2791/2919/2791 2813/2942/2813 2812/2941/2812 2790/2918/2790
f 2792/2920/2792 2814/2943/2814 2813/2942/2813 2791/2919/2791
f 2793/2921/2793 2815/2944/2815 2814/2943/2814 2792/2920/2792
f 2794/2900/2794 2816/2923/2816 2815/2944/2815 2793/2921/2793
f 2795/2922/2795 2817/2945/2817 2838/2946/2838 2816/2923/2816
f 2796/2924/2796 2818/2947/2818 2817/2948/2817 2795/2925/2795
f 2797/2926/2797 2819/2949/2819 2818/2947/2818 2796/2924/2796
f 2798/2927/2798 2820/2950/2820 2819/2949/2819 2797/2926/2797
f 2799/2928/2799 2821/2951/2821 2820/2950/2820 2798/2927/2798
f 2800/2929/2800 2822/2952/2822 2821/2951/2821 2799/2928/2799
f 2801/2930/2801 2823/2953/2823 2822/2952/2822 2800/2929/2800
f 2802/2931/2802 2824/2954/2824 2823/2953/2823 2801/2930/2801
f 2803/2932/2803 2825/2955/2825 2824/2954/2824 2802/2931/2802
f 2804/2933/2804 2826/2956/2826 2825/2955/2825 2803/2932/2803
f 2805/2934/2805 2827/2957/2827 2826/2956/2826 2804/2933/2804
f 2806/2935/2806 2828/2958/2828 2827/2957/2827 2805/2934/2805
f 2807/2936/2807 2829/2959/2829 2828/2958/2828 2806/2935/2806
f 2808/2937/2808 2830/2960/2830 2829/2959/2829 2807/2936/2807
f 2809/2938/2809 2831/2961/2831 2830/2960/2830 2808/2937/2808
f 2810/2939/2810 2832/2962/2832 2831/2961/2831 2809/2938/2809
f 2811/2940/2811 2833/2963/2833 2832/2962/2832 2810/2939/2810
f 2812/2941/2812 2834/2964/2834 2833/2963/2833 2811/2940/2811
f 2813/2942/2813 2835/2965/2835 2834/2964/2834 2812/2941/2812
f 2814/2943/2814 2836/2966/2836 2835/2965/2835 2813/2942/2813
f 2815/2944/2815 2837/2967/2837 2836/2966/2836 2814/2943/2814
f 2816/2923/2816 2838/2946/2838 2837/2967/2837 2815/2944/2815
f 2817/2945/2817 2839/2968/2839 2860/2969/2860 2838/2946/2838
f 2818/2947/2818 2840/2970/2840 2839/2971/2839 2817/2948/2817
f 2819/2949/2819 2841/2972/2841 2840/2970/2840 2818/2947/2818
f 2820/2950/2820 2842/2973/2842 2841/2972/2841 2819/2949/2819
f 2821/2951/2821 2843/2974/2843 2842/2973/2842 2820/2950/2820
f 2822/2952/2822 2844/2975/2844 2843/2974/2843 2821/2951/2821
f 2823/2953/2823 2845/2976/2845 2844/2975/2844 2822/2952/2822
f 2824/2954/2824 2846/2977/2846 2845/2976/2845 2823/2953/2823
f 2825/2955/2825 2847/2978/2847 2846/2977/2846 2824/2954/2824
f 2826/2956/2826 2848/2979/2848 2847/2978/2847 2825/2955/2825
f 2827/2957/2827 2849/2980/2849 2848/2979/2848 2826/2956/2826
f 2828/2958/2828 2850/2981/2850 2849/2980/2849 2827/2957/2827
f 2829/2959/2829 2851/2982/2851 2850/2981/2850 2828/2958/2828
f 2830/2960/2830 2852/2983/2852 2851/2982/2851 2829/2959/2829
f 2831/2961/2831 2853/2984/2853 2852/2983/2852 2830/2960/2830
f 2832/2962/2832 2854/2985/2854 2853/2984/2853 2831/2961/2831
f 2833/2963/2833 2855/2986/2855 2854/2985/2854 2832/2962/2832
f 2834/2964/2834 2856/2987/2856 2855/2986/2855 2833/2963/2833
f 2835/2965/2835 2857/2988/2857 2856/2987/2856 2834/2964/2834
f 2836/2966/2836 2858/2989/2858 2857/2988/2857 2835/2965/2835
f 2837/2967/2837 2859/2990/2859 2858/2989/2858 2836/2966/2836
f 2838/2946/2838 2860/2969/2860 2859/2990/2859 2837/2967/2837
f 2839/2968/2839 2861/2991/2861 2882/2992/2882 2860/2969/2860
f 2840/2970/2840 2862/2993/2862 2861/2994/2861 2839/2971/2839
f 2841/2972/2841 2863/2995/2863 2862/2993/2862 2840/2970/2840
f 2842/2973/2842 2864/2996/2864 2863/2995/2863 2841/2972/2841
f 2843/2974/2843 2865/2997/2865 2864/2996/2864 2842/2973/2842
f 2844/2975/2844 2866/2998/2866 2865/2997/2865 2843/2974/2843
f 2845/2976/2845 2867/2999/2867 2866/2998/2866 2844/2975/2844
f 2846/2977/2846 2868/3000/2868 2867/2999/2867 2845/2976/2845
f 2847/2978/2847 2869/3001/2869 2868/3000/2868 2846/2977/2846
f 2848/2979/2848 2870/3002/2870 2869/3001/2869 2847/2978/2847
f 2849/2980/2849 2871/3003/2871 2870/3002/2870 2848/2979/2848
f 2850/2981/2850 2872/3004/2872 2871/3003/2871 2849/2980/2849
f 2851/2982/2851 2873/3005/2873 2872/3004/2872 2850/2981/2850
f 2852/2983/2852 2874/3006/2874 2873/3005/2873 2851/2982/2851
f 2853/2984/2853 2875/3007/2875 2874/3006/2874 2852/2983/2852
f 2854/2985/2854 2876/3008/2876 2875/3007/2875 2853/2984/2853
f 2855/2986/2855 2877/3009/2877 2876/3008/2876 2854/2985/2854
f 2856/2987/2856 2878/3010/2878 2877/3009/2877 2855/2986/2855
f 2857/2988/2857 2879/3011/2879 2878/3010/2878 2856/2987/2856
f 2858/2989/2858 2880/3012/2880 2879/3011/2879 2857/2988/2857
f 2859/2990/2859 2881/3013/2881 2880/3012/2880 2858/2989/2858
f 2860/2969/2860 2882/2992/2882 2881/3013/2881 2859/2990/2859
f 2861/2991/2861 2883/3014/2883 2904/3015/2904 2882/2992/2882
f 2862/2993/2862 2884/3016/2884 2883/3017/2883 2861/2994/2861
f 2863/2995/2863 2885/3018/2885 2884/3016/2884 2862/2993/2862
f 2864/2996/2864 2886/3019/2886 2885/3018/2885 2863/2995/2863
f 2865/2997/2865 2887/3020/2887 2886/3019/2886 2864/2996/2864
f 2866/2998/2866 2888/3021/2888 2887/3020/2887 2865/2997/2865
f 2867/2999/2867 2889/3022/2889 2888/3021/2888 2866/2998/2866
f 2868/3000/2868 2890/3023/2890 2889/3022/2889 2867/2999/2867
f 2869/3001/2869 2891/3024/2891 2890/3023/2890 2868/3000/2868
f 2870/3002/2870 2892/3025/2892 2891/3024/2891 2869/3001/2869
f 2871/3003/2871 2893/3026/2893 2892/3025/2892 2870/3002/2870
f 2872/3004/2872 2894/3027/2894 2893/3026/2893 2871/3003/2871
f 2873/3005/2873 2895/3028/2895 2894/3027/2894 2872/3004/2872
f 2874/3006/2874 2896/3029/2896 2895/3028/2895 2873/3005/2873
f 2875/3007/2875 2897/3030/2897 2896/3029/2896 2874/3006/2874
f 2876/3008/2876 2898/3031/2898 2897/3030/2897 2875/3007/2875
f 2877/3009/2877 2899/3032/2899 2898/3031/2898 2876/3008/2876
f 2878/3010/2878 2900/3033/2900 2899/3032/2899 2877/3009/2877
f 2879/3011/2879 2901/3034/2901 2900/3033/2900 2878/3010/2878
f 2880/3012/2880 2902/3035/2902 2901/3034/2901 2879/3011/2879
f 2881/3013/2881 2903/3036/2903 2902/3035/2902 2880/3012/2880
f 2882/2992/2882 2904/3015/2904 2903/3036/2903 2881/3013/2881
f 2883/3014/2883 2905/3037/2905 2926/3038/2926 2904/3015/2904
f 2884/3016/2884 2906/3039/2906 2905/3040/2905 2883/3017/2883
f 2885/3018/2885 2907/3041/2907 2906/3039/2906 2884/3016/2884
f 2886/3019/2886 2908/3042/2908 2907/3041/2907 2885/3018/2885
f 2887/3020/2887 2909/3043/2909 2908/3042/2908 2886/3019/2886
f 2888/3021/2888 2910/3044/2910 2909/3043/2909 2887/3020/2887
f 2889/3022/2889 2911/3045/2911 2910/3044/2910 2888/3021/2888
f 2890/3023/2890 2912/3046/2912 2911/3045/2911 2889/3022/2889
f 2891/3024/2891 2913/3047/2913 2912/3046/2912 2890/3023/2890
f 2892/3025/2892 2914/3048/2914 2913/3047/2913 2891/3024/2891
f 2893/3026/2893 2915/3049/2915 2914/3048/2914 2892/3025/2892
f 2894/3027/2894 2916/3050/2916 2915/3049/2915 2893/3026/2893
f 2895/3028/2895 2917/3051/2917 2916/3050/2916 2894/3027/2894
f 2896/3029/2896 2918/3052/2918 2917/3051/2917 2895/3028/2895
f 2897/3030/2897 2919/3053/2919 2918/3052/2918 2896/3029/2896
f 2898/3031/2898 2920/3054/2920 2919/3053/2919 2897/3030/2897
f 2899/3032/2899 2921/3055/2921 2920/3054/2920 2898/3031/2898
f 2900/3033/2900 2922/3056/2922 2921/3055/2921 2899/3032/2899
f 2901/3034/2901 2923/3057/2923 2922/3056/2922 2900/3033/2900
f 2902/3035/2902 2924/3058/2924 2923/3057/2923 2901/3034/2901
f 2903/3036/2903 2925/3059/2925 2924/3058/2924 2902/3035/2902
f 2904/3015/2904 2926/3038/2926 2925/3059/2925 2903/3036/2903
f 2905/3037/2905 2927/3060/2927 2948/3061/2948 2926/3038/2926
f 2906/3039/2906 2928/3062/2928 2927/3063/2927 2905/3040/2905
f 2907/3041/2907 2929/3064/2929 2928/3062/2928 2906/3039/2906
f 2908/3042/2908 2930/3065/2930 2929/3064/2929 2907/3041/2907
f 2909/3043/2909 2931/3066/2931 2930/3065/2930 2908/3042/2908
f 2910/3044/2910 2932/3067/2932 2931/3066/2931 2909/3043/2909
f 2911/3045/2911 2933/3068/2933 2932/3067/2932 2910/3044/2910
f 2912/3046/2912 2934/3069/2934 2933/3068/2933 2911/3045/2911
f 2913/3047/2913 2935/3070/2935 2934/3069/2934 2912/3046/2912
f 2914/3048/2914 2936/3071/2936 2935/3070/2935 2913/3047/2913
f 2915/3049/2915 2937/3072/2937 2936/3071/2936 2914/3048/2914
f 2916/3050/2916 2938/3073/2938 2937/3072/2937 2915/3049/2915
f 2917/3051/2917 2939/3074/2939 2938/3073/2938 2916/3050/2916
f 2918/3052/2918 2940/3075/2940 2939/3074/2939 2917/3051/2917
f 2919/3053/2919 2941/3076/2941 2940/3075/2940 2918/3052/2918
f 2920/3054/2920 2942/3077/2942 2941/3076/2941 2919/3053/2919
f 2921/3055/2921 2943/3078/2943 2942/3077/2942 2920/3054/2920
f 2922/3056/2922 2944/3079/2944 2943/3078/2943 2921/3055/2921
f 2923/3057/2923 2945/3080/2945 2944/3079/2944 2922/3056/2922
f 2924/3058/2924 2946/3081/2946 2945/3080/2945 2923/3057/2923
f 2925/3059/2925 2947/3082/2947 2946/3081/2946 2924/3058/2924
f 2926/3038/2926 2948/3061/2948 2947/3082/2947 2925/3059/2925
f 2927/3060/2927 2949/3083/2949 2970/3084/2970 2948/3061/2948
f 2928/3062/2928 2950/3085/2950 2949/3086/2949 2927/3063/2927
f 2929/3064/2929 2951/3087/2951 2950/3085/2950 2928/3062/2928
f 2930/3065/2930 2952/3088/2952 2951/3087/2951 2929/3064/2929
f 2931/3066/2931 2953/3089/2953 2952/3088/2952 2930/3065/2930
f 2932/3067/2932 2954/3090/2954 2953/3089/2953 2931/3066/2931
f 2933/3068/2933 2955/3091/2955 2954/3090/2954 2932/3067/2932
f 2934/3069/2934 2956/3092/2956 2955/3091/2955 2933/3068/2933
f 2935/3070/2935 2957/3093/2957 2956/3092/2956 2934/3069/2934
f 2936/3071/2936 2958/3094/2958 2957/3093/2957 2935/3070/2935
f 2937/3072/2937 2959/3095/2959 2958/3094/2958 2936/3071/2936
f 2938/3073/2938 2960/3096/2960 2959/3095/2959 2937/3072/2937
f 2939/3074/2939 2961/3097/2961 2960/3096/2960 2938/3073/2938
f 2940/3075/2940 2962/3098/2962 2961/3097/2961 2939/3074/2939
f 2941/3076/2941 2963/3099/2963 2962/3098/2962 2940/3075/2940
f 2942/3077/2942 2964/3100/2964 2963/3099/2963 2941/3076/2941
f 2943/3078/2943 2965/3101/2965 2964/3100/2964 2942/3077/2942
f 2944/3079/2944 2966/3102/2966 2965/3101/2965 2943/3078/2943
f 2945/3080/2945 2967/3103/2967 2966/3102/2966 2944/3079/2944
f 2946/3081/2946 2968/3104/2968 2967/3103/2967 2945/3080/2945
f 2947/3082/2947 2969/3105/2969 2968/3104/2968 2946/3081/2946
f 2948/3061/2948 2970/3084/2970 2969/3105/2969 2947/3082/2947
f 2949/3083/2949 2971/3106/2971 2992/3107/2992 2970/3084/2970
f 2950/3085/2950 2972/3108/2972 2971/3109/2971 2949/3086/2949
f 2951/3087/2951 2973/3110/2973 2972/3108/2972 2950/3085/2950
f 2952/3088/2952 2974/3111/2974 2973/3110/2973 2951/3087/2951
f 2953/3089/2953 2975/3112/2975 2974/3111/2974 2952/3088/2952
f 2954/3090/2954 2976/3113/2976 2975/3112/2975 2953/3089/2953
f 2955/3091/2955 2977/3114/2977 2976/3113/2976 2954/3090/2954
f 2956/3092/2956 2978/3115/2978 2977/3114/2977 2955/3091/2955
f 2957/3093/2957 2979/3116/2979 2978/3115/2978 2956/3092/2956
f 2958/3094/2958 2980/3117/2980 2979/3116/2979 2957/3093/2957
f 2959/3095/2959 2981/3118/2981 2980/3117/2980 2958/3094/2958
f 2960/3096/2960 2982/3119/2982 2981/3118/2981 2959/3095/2959
f 2961/3097/2961 2983/3120/2983 2982/3119/2982 2960/3096/2960
f 2962/3098/2962 2984/3121/2984 2983/3120/2983 2961/3097/2961
f 2963/3099/2963 2985/3122/2985 2984/3121/2984 2962/3098/2962
f 2964/3100/2964 2986/3123/2986 2985/3122/2985 2963/3099/2963
f 2965/3101/2965 2987/3124/2987 2986/3123/2986 2964/3100/2964
f 2966/3102/2966 2988/3125/2988 2987/3124/2987 2965/3101/2965
f 2967/3103/2967 2989/3126/2989 2988/3125/2988 2966/3102/2966
f 2968/3104/2968 2990/3127/2990 2989/3126/2989 2967/3103/2967
f 2969/3105/2969 2991/3128/2991 2990/3127/2990 2968/3104/2968
f 2970/3084/2970 2992/3107/2992 2991/3128/2991 2969/3105/2969
f 2971/3106/2971 2993/3129/2993 3014/3130/3014 2992/3107/2992
f 2972/3108/2972 2994/3131/2994 2993/3132/2993 2971/3109/2971
f 2973/3110/2973 2995/3133/2995 2994/3131/2994 2972/3108/2972
f 2974/3111/2974 2996/3134/2996 2995/3133/2995 2973/3110/2973
f 2975/3112/2975 2997/3135/2997 2996/3134/2996 2974/3111/2974
f 2976/3113/2976 2998/3136/2998 2997/3135/2997 2975/3112/2975
f 2977/3114/2977 2999/3137/2999 2998/3136/2998 2976/3113/2976
f 2978/3115/2978 3000/3138/3000 2999/3137/2999 2977/3114/2977
f 2979/3116/2979 3001/3139/3001 3000/3138/3000 2978/3115/2978
f 2980/3117/2980 3002/3140/3002 3001/3139/3001 2979/3116/2979
f 2981/3118/2981 3003/3141/3003 3002/3140/3002 2980/3117/2980
f 2982/3119/2982 3004/3142/3004 3003/3141/3003 2981/3118/2981
f 2983/3120/2983 3005/3143/3005 3004/3142/3004 2982/3119/2982
f 2984/3121/2984 3006/3144/3006 3005/3143/3005 2983/3120/2983
f 2985/3122/2985 3007/3145/3007 3006/3144/3006 2984/3121/2984
f 2986/3123/2986 3008/3146/3008 3007/3145/3007 2985/3122/2985
f 2987/3124/2987 3009/3147/3009 3008/3146/3008 2986/3123/2986
f 2988/3125/2988 3010/3148/3010 3009/3147/3009 2987/3124/2987
f 2989/3126/2989 3011/3149/3011 3010/3148/3010 2988/3125/2988
f 2990/3127/2990 3012/3150/3012 3011/3149/3011 2989/3126/2989
f 2991/3128/2991 3013/3151/3013 3012/3150/3012 2990/3127/2990
f 2992/3107/2992 3014/3130/3014 3013/3151/3013 2991/3128/2991
f 2993/3129/2993 3015/3152/3015 3036/3153/3036 3014/3130/3014
f 2994/3131/2994 3016/3154/3016 3015/3155/3015 2993/3132/2993
f 2995/3133/2995 3017/3156/3017 3016/3154/3016 2994/3131/2994
f 2996/3134/2996 3018/3157/3018 3017/3156/3017 2995/3133/2995
f 2997/3135/2997 3019/3158/3019 3018/3157/3018 2996/3134/2996
f 2998/3136/2998 3020/3159/3020 3019/3158/3019 2997/3135/2997
f 2999/3137/2999 3021/3160/3021 3020/3159/3020 2998/3136/2998
f 3000/3138/3000 3022/3161/3022 3021/3160/3021 2999/3137/2999
f 3001/3139/3001 3023/3162/3023 3022/3161/3022 3000/3138/3000
f 3002/3140/3002 3024/3163/3024 3023/3162/3023 3001/3139/3001
f 3003/3141/3003 3025/3164/3025 3024/3163/3024 3002/3140/3002
f 3004/3142/3004 3026/3165/3026 3025/3164/3025 3003/3141/3003
f 3005/3143/3005 3027/3166/3027 3026/3165/3026 3004/3142/3004
f 3006/3144/3006 3028/3167/3028 3027/3166/3027 3005/3143/3005
f 3007/3145/3007 3029/3168/3029 3028/3167/3028 3006/3144/3006
f 3008/3146/3008 3030/3169/3030 3029/3168/3029 3007/3145/3007
f 3009/3147/3009 3031/3170/3031 3030/3169/3030 3008/3146/3008
f 3010/3148/3010 3032/3171/3032 3031/3170/3031 3009/3147/3009
f 3011/3149/3011 3033/3172/3033 3032/3171/3032 3010/3148/3010
f 3012/3150/3012 3034/3173/3034 3033/3172/3033 3011/3149/3011
f 3013/3151/3013 3035/3174/3035 3034/3173/3034 3012/3150/3012
f 3014/3130/3014 3036/3153/3036 3035/3174/3035 3013/3151/3013
f 3015/3152/3015 3037/3175/3037 3058/3176/3058 3036/3153/3036
f 3016/3154/3016 3038/3177/3038 3037/3178/3037 3015/3155/3015
f 3017/3156/3017 3039/3179/3039 3038/3177/3038 3016/3154/3016
f 3018/3157/3018 3040/3180/3040 3039/3179/3039 3017/3156/3017
f 3019/3158/3019 3041/3181/3041 3040/3180/3040 3018/3157/3018
f 3020/3159/3020 3042/3182/3042 3041/3181/3041 3019/3158/3019
f 3021/3160/3021 3043/3183/3043 3042/3182/3042 3020/3159/3020
f 3022/3161/3022 3044/3184/3044 3043/3183/3043 3021/3160/3021
f 3023/3162/3023 3045/3185/3045 3044/3184/3044 3022/3161/3022
f 3024/3163/3024 3046/3186/3046 3045/3185/3045 3023/3162/3023
f 3025/3164/3025 3047/3187/3047 3046/3186/3046 3024/3163/3024
f 3026/3165/3026 3048/3188/3048 3047/3187/3047 3025/3164/3025
f 3027/3166/3027 3049/3189/3049 3048/3188/3048 3026/3165/3026
f 3028/3167/3028 3050/3190/3050 3049/3189/3049 3027/3166/3027
f 3029/3168/3029 3051/3191/3051 3050/3190/3050 3028/3167/3028
f 3030/3169/3030 3052/3192/3052 3051/3191/3051 3029/3168/3029
f 3031/3170/3031 3053/3193/3053 3052/3192/3052 3030/3169/3030
f 3032/3171/3032 3054/3194/3054 3053/3193/3053 3031/3170/3031
f 3033/3172/3033 3055/3195/3055 3054/3194/3054 3032/3171/3032
f 3034/3173/3034 3056/3196/3056 3055/3195/3055 3033/3172/3033
f 3035/3174/3035 3057/3197/3057 3056/3196/3056 3034/3173/3034
f 3036/3153/3036 3058/3176/3058 3057/3197/3057 3035/3174/3035
f 3037/3175/3037 3059/3198/3059 3080/3199/3080 3058/3176/3058
f 3038/3177/3038 3060/3200/3060 3059/3201/3059 3037/3178/3037
f 3039/3179/3039 3061/3202/3061 3060/3200/3060 3038/3177/3038
f 3040/3180/3040 3062/3203/3062 3061/3202/3061 3039/3179/3039
f 3041/3181/3041 3063/3204/3063 3062/3203/3062 3040/3180/3040
f 3042/3182/3042 3064/3205/3064 3063/3204/3063 3041/3181/3041
f 3043/3183/3043 3065/3206/3065 3064/3205/3064 3042/3182/3042
f 3044/3184/3044 3066/3207/3066 3065/3206/3065 3043/3183/3043
f 3045/3185/3045 3067/3208/3067 3066/3207/3066 3044/3184/3044
f 3046/3186/3046 3068/3209/3068 3067/3208/3067 3045/3185/3045
f 3047/3187/3047 3069/3210/3069 3068/3209/3068 3046/3186/3046
f 3048/3188/3048 3070/3211/3070 3069/3210/3069 3047/3187/3047
f 3049/3189/3049 3071/3212/3071 3070/3211/3070 3048/3188/3048
f 3050/3190/3050 3072/3213/3072 3071/3212/3071 3049/3189/3049
f 3051/3191/3051 3073/3214/3073 3072/3213/3072 3050/3190/3050
f 3052/3192/3052 3074/3215/3074 3073/3214/3073 3051/3191/3051
f 3053/3193/3053 3075/3216/3075 3074/3215/3074 3052/3192/3052
f 3054/3194/3054 3076/3217/3076 3075/3216/3075 3053/3193/3053
f 3055/3195/3055 3077/3218/3077 3076/3217/3076 3054/3194/3054
f 3056/3196/3056 3078/3219/3078 3077/3218/3077 3055/3195/3055
f 3057/3197/3057 3079/3220/3079 3078/3219/3078 3056/3196/3056
f 3058/3176/3058 3080/3199/3080 3079/3220/3079 3057/3197/3057
f 3059/3198/3059 3081/3221/3081 3102/3222/3102 3080/3199/3080
f 3060/3200/3060 3082/3223/3082 3081/3224/3081 3059/3201/3059
f 3061/3202/3061 3083/3225/3083 3082/3223/3082 3060/3200/3060
f 3062/3203/3062 3084/3226/3084 3083/3225/3083 3061/3202/3061
f 3063/3204/3063 3085/3227/3085 3084/3226/3084 3062/3203/3062
f 3064/3205/3064 3086/3228/3086 3085/3227/3085 3063/3204/3063
f 3065/3206/3065 3087/3229/3087 3086/3228/3086 3064/3205/3064
f 3066/3207/3066 3088/3230/3088 3087/3229/3087 3065/3206/3065
f 3067/3208/3067 3089/3231/3089 3088/3230/3088 3066/3207/3066
f 3068/3209/3068 3090/3232/3090 3089/3231/3089 3067/3208/3067
f 3069/3210/3069 3091/3233/3091 3090/3232/3090 3068/3209/3068
f 3070/3211/3070 3092/3234/3092 3091/3233/3091 3069/3210/3069
f 3071/3212/3071 3093/3235/3093 3092/3234/3092 3070/3211/3070
f 3072/3213/3072 3094/3236/3094 3093/3235/3093 3071/3212/3071
f 3073/3214/3073 3095/3237/3095 3094/3236/3094 3072/3213/3072
f 3074/3215/3074 3096/3238/3096 3095/3237/3095 3073/3214/3073
f 3075/3216/3075 3097/3239/3097 3096/3238/3096 3074/3215/3074
f 3076/3217/3076 3098/3240/3098 3097/3239/3097 3075/3216/3075
f 3077/3218/3077 3099/3241/3099 3098/3240/3098 3076/3217/3076
f 3078/3219/3078 3100/3242/3100 3099/3241/3099 3077/3218/3077
f 3079/3220/3079 3101/3243/3101 3100/3242/3100 3078/3219/3078
f 3080/3199/3080 3102/3222/3102 3101/3243/3101 3079/3220/3079
f 3081/3221/3081 3103/3244/3103 3124/3245/3124 3102/3222/3102
f 3082/3223/3082 3104/3246/3104 3103/3247/3103 3081/3224/3081
f 3083/3225/3083 3105/3248/3105 3104/3246/3104 3082/3223/3082
f 3084/3226/3084 3106/3249/3106 3105/3248/3105 3083/3225/3083
f 3085/3227/3085 3107/3250/3107 3106/3249/3106 3084/3226/3084
f 3086/3228/3086 3108/3251/3108 3107/3250/3107 3085/3227/3085
f 3087/3229/3087 3109/3252/3109 3108/3251/3108 3086/3228/3086
f 3088/3230/3088 3110/3253/3110 3109/3252/3109 3087/3229/3087
f 3089/3231/3089 3111/3254/3111 3110/3253/3110 3088/3230/3088
f 3090/3232/3090 3112/3255/3112 3111/3254/3111 3089/3231/3089
f 3091/3233/3091 3113/3256/3113 3112/3255/3112 3090/3232/3090
f 3092/3234/3092 3114/3257/3114 3113/3256/3113 3091/3233/3091
f 3093/3235/3093 3115/3258/3115 3114/3257/3114 3092/3234/3092
f 3094/3236/3094 3116/3259/3116 3115/3258/3115 3093/3235/3093
f 3095/3237/3095 3117/3260/3117 3116/3259/3116 3094/3236/3094
f 3096/3238/3096 3118/3261/3118 3117/3260/3117 3095/3237/3095
f 3097/3239/3097 3119/3262/3119 3118/3261/3118 3096/3238/3096
f 3098/3240/3098 3120/3263/3120 3119/3262/3119 3097/3239/3097
f 3099/3241/3099 3121/3264/3121 3120/3263/3120 3098/3240/3098
f 3100/3242/3100 3122/3265/3122 3121/3264/3121 3099/3241/3099
f 3101/3243/3101 3123/3266/3123 3122/3265/3122 3100/3242/3100
f 3102/3222/3102 3124/3245/3124 3123/3266/3123 3101/3243/3101
f 3103/3244/3103 3125/3267/3125 3146/3268/3146 3124/3245/3124
f 3104/3246/3104 3126/3269/3126 3125/3270/3125 3103/3247/3103
f 3105/3248/3105 3127/3271/3127 3126/3269/3126 3104/3246/3104
f 3106/3249/3106 3128/3272/3128 3127/3271/3127 3105/3248/3105
f 3107/3250/3107 3129/3273/3129 3128/3272/3128 3106/3249/3106
f 3108/3251/3108 3130/3274/3130 3129/3273/3129 3107/3250/3107
f 3109/3252/3109 3131/3275/3131 3130/3274/3130 3108/3251/3108
f 3110/3253/3110 3132/3276/3132 3131/3275/3131 3109/3252/3109
f 3111/3254/3111 3133/3277/3133 3132/3276/3132 3110/3253/3110
f 3112/3255/3112 3134/3278/3134 3133/3277/3133 3111/3254/3111
f 3113/3256/3113 3135/3279/3135 3134/3278/3134 3112/3255/3112
f 3114/3257/3114 3136/3280/3136 3135/3279/3135 3113/3256/3113
f 3115/3258/3115 3137/3281/3137 3136/3280/3136 3114/3257/3114
f 3116/3259/3116 3138/3282/3138 3137/3281/3137 3115/3258/3115
f 3117/3260/3117 3139/3283/3139 3138/3282/3138 3116/3259/3116
f 3118/3261/3118 3140/3284/3140 3139/3283/3139 3117/3260/3117
f 3119/3262/3119 3141/3285/3141 3140/3284/3140 3118/3261/3118
f 3120/3263/3120 3142/3286/3142 3141/3285/3141 3119/3262/3119
f 3121/3264/3121 3143/3287/3143 3142/3286/3142 3120/3263/3120
f 3122/3265/3122 3144/3288/3144 3143/3287/3143 3121/3264/3121
f 3123/3266/3123 3145/3289/3145 3144/3288/3144 3122/3265/3122
f 3124/3245/3124 3146/3268/3146 3145/3289/3145 3123/3266/3123
f 3125/3267/3125 3147/3290/3147 3168/3291/3168 3146/3268/3146
f 3126/3269/3126 3148/3292/3148 3147/3293/3147 3125/3270/3125
f 3127/3271/3127 3149/3294/3149 3148/3292/3148 3126/3269/3126
f 3128/3272/3128 3150/3295/3150 3149/3294/3149 3127/3271/3127
f 3129/3273/3129 3151/3296/3151 3150/3295/3150 3128/3272/3128
f 3130/3274/3130 3152/3297/3152 3151/3296/3151 3129/3273/3129
f 3131/3275/3131 3153/3298/3153 3152/3297/3152 3130/3274/3130
f 3132/3276/3132 3154/3299/3154 3153/3298/3153 3131/3275/3131
f 3133/3277/3133 3155/3300/3155 3154/3299/3154 3132/3276/3132
f 3134/3278/3134 3156/3301/3156 3155/3300/3155 3133/3277/3133
f 3135/3279/3135 3157/3302/3157 3156/3301/3156 3134/3278/3134
f 3136/3280/3136 3158/3303/3158 3157/3302/3157 3135/3279/3135
f 3137/3281/3137 3159/3304/3159 3158/3303/3158 3136/3280/3136
f 3138/3282/3138 3160/3305/3160 3159/3304/3159 3137/3281/3137
f 3139/3283/3139 3161/3306/3161 3160/3305/3160 3138/3282/3138
f 3140/3284/3140 3162/3307/3162 3161/3306/3161 3139/3283/3139
f 3141/3285/3141 3163/3308/3163 3162/3307/3162 3140/3284/3140
f 3142/3286/3142 3164/3309/3164 3163/3308/3163 3141/3285/3141
f 3143/3287/3143 3165/3310/3165 3164/3309/3164 3142/3286/3142
f 3144/3288/3144 3166/3311/3166 3165/3310/3165 3143/3287/3143
f 3145/3289/3145 3167/3312/3167 3166/3311/3166 3144/3288/3144
f 3146/3268/3146 3168/3291/3168 3167/3312/3167 3145/3289/3145
f 3147/3290/3147 3169/3313/3169 3190/3314/3190 3168/3291/3168
f 3148/3292/3148 3170/3315/3170 3169/3316/3169 3147/3293/3147
f 3149/3294/3149 3171/3317/3171 3170/3315/3170 3148/3292/3148
f 3150/3295/3150 3172/3318/3172 3171/3317/3171 3149/3294/3149
f 3151/3296/3151 3173/3319/3173 3172/3318/3172 3150/3295/3150
f 3152/3297/3152 3174/3320/3174 3173/3319/3173 3151/3296/3151
f 3153/3298/3153 3175/3321/3175 3174/3320/3174 3152/3297/3152
f 3154/3299/3154 3176/3322/3176 3175/3321/3175 3153/3298/3153
f 3155/3300/3155 3177/3323/3177 3176/3322/3176 3154/3299/3154
f 3156/3301/3156 3178/3324/3178 3177/3323/3177 3155/3300/3155
f 3157/3302/3157 3179/3325/3179 3178/3324/3178 3156/3301/3156
f 3158/3303/3158 3180/3326/3180 3179/3325/3179 3157/3302/3157
f 3159/3304/3159 3181/3327/3181 3180/3326/3180 3158/3303/3158
f 3160/3305/3160 3182/3328/3182 3181/3327/3181 3159/3304/3159
f 3161/3306/3161 3183/3329/3183 3182/3328/3182 3160/3305/3160
f 3162/3307/3162 3184/3330/3184 3183/3329/3183 3161/3306/3161
f 3163/3308/3163 3185/3331/3185 3184/3330/3184 3162/3307/3162
f 3164/3309/3164 3186/3332/3186 3185/3331/3185 3163/3308/3163
f 3165/3310/3165 3187/3333/3187 3186/3332/3186 3164/3309/3164
f 3166/3311/3166 3188/3334/3188 3187/3333/3187 3165/3310/3165
f 3167/3312/3167 3189/3335/3189 3188/3334/3188 3166/3311/3166
f 3168/3291/3168 3190/3314/3190 3189/3335/3189 3167/3312/3167
f 3169/3313/3169 3191/3336/3191 3212/3337/3212 3190/3314/3190
f 3170/3315/3170 3192/3338/3192 3191/3339/3191 3169/3316/3169
f 3171/3317/3171 3193/3340/3193 3192/3338/3192 3170/3315/3170
f 3172/3318/3172 3194/3341/3194 3193/3340/3193 3171/3317/3171
f 3173/3319/3173 3195/3342/3195 3194/3341/3194 3172/3318/3172
f 3174/3320/3174 3196/3343/3196 3195/3342/3195 3173/3319/3173
f 3175/3321/3175 3197/3344/3197 3196/3343/3196 3174/3320/3174
f 3176/3322/3176 3198/3345/3198 3197/3344/3197 3175/3321/3175
f 3177/3323/3177 3199/3346/3199 3198/3345/3198 3176/3322/3176
f 3178/3324/3178 3200/3347/3200 3199/3346/3199 3177/3323/3177
f 3179/3325/3179 3201/3348/3201 3200/3347/3200 3178/3324/3178
f 3180/3326/3180 3202/3349/3202 3201/3348/3201 3179/3325/3179
f 3181/3327/3181 3203/3350/3203 3202/3349/3202 3180/3326/3180
f 3182/3328/3182 3204/3351/3204 3203/3350/3203 3181/3327/3181
f 3183/3329/3183 3205/3352/3205 3204/3351/3204 3182/3328/3182
f 3184/3330/3184 3206/3353/3206 3205/3352/3205 3183/3329/3183
f 3185/3331/3185 3207/3354/3207 3206/3353/3206 3184/3330/3184
f 3186/3332/3186 3208/3355/3208 3207/3354/3207 3185/3331/3185
f 3187/3333/3187 3209/3356/3209 3208/3355/3208 3186/3332/3186
f 3188/3334/3188 3210/3357/3210 3209/3356/3209 3187/3333/3187
f 3189/3335/3189 3211/3358/3211 3210/3357/3210 3188/3334/3188
f 3190/3314/3190 3212/3337/3212 3211/3358/3211 3189/3335/3189
f 3191/3336/3191 3213/3359/3213 3234/3360/3234 3212/3337/3212
f 3192/3338/3192 3214/3361/3214 3213/3362/3213 3191/3339/3191
f 3193/3340/3193 3215/3363/3215 3214/3361/3214 3192/3338/3192
f 3194/3341/3194 3216/3364/3216 3215/3363/3215 3193/3340/3193
f 3195/3342/3195 3217/3365/3217 3216/3364/3216 3194/3341/3194
f 3196/3343/3196 3218/3366/3218 3217/3365/3217 3195/3342/3195
f 3197/3344/3197 3219/3367/3219 3218/3366/3218 3196/3343/3196
f 3198/3345/3198 3220/3368/3220 3219/3367/3219 3197/3344/3197
f 3199/3346/3199 3221/3369/3221 3220/3368/3220 3198/3345/3198
f 3200/3347/3200 3222/3370/3222 3221/3369/3221 3199/3346/3199
f 3201/3348/3201 3223/3371/3223 3222/3370/3222 3200/3347/3200
f 3202/3349/3202 3224/3372/3224 3223/3371/3223 3201/3348/3201
f 3203/3350/3203 3225/3373/3225 3224/3372/3224 3202/3349/3202
f 3204/3351/3204 3226/3374/3226 3225/3373/3225 3203/3350/3203
f 3205/3352/3205 3227/3375/3227 3226/3374/3226 3204/3351/3204
f 3206/3353/3206 3228/3376/3228 3227/3375/3227 3205/3352/3205
f 3207/3354/3207 3229/3377/3229 3228/3376/3228 3206/3353/3206
f 3208/3355/3208 3230/3378/3230 3229/3377/3229 3207/3354/3207
f 3209/3356/3209 3231/3379/3231 3230/3378/3230 3208/3355/3208
f 3210/3357/3210 3232/3380/3232 3231/3379/3231 3209/3356/3209
f 3211/3358/3211 3233/3381/3233 3232/3380/3232 3210/3357/3210
f 3212/3337/3212 3234/3360/3234 3233/3381/3233 3211/3358/3211
o Archwire_Top
v -0.275514 4.940209 -0.130891
v -0.275847 4.940178 -0.130948
v -0.276148 4.940090 -0.130981
v -0.276388 4.939951 -0.130987
v -0.276544 4.939775 -0.130966
v -0.276600 4.939581 -0.130919
v -0.276675 4.935385 -0.129688
v -0.276626 4.935190 -0.129620
v -0.276476 4.935014 -0.129538
v -0.276241 4.934875 -0.129450
v -0.275943 4.934785 -0.129365
v -0.275611 4.934753 -0.129290
v -0.275279 4.934784 -0.129233
v -0.274978 4.934873 -0.129199
v -0.274737 4.935011 -0.129193
v -0.274582 4.935187 -0.129214
v -0.274525 4.935381 -0.129261
v -0.274451 4.939578 -0.130493
v -0.274500 4.939772 -0.130560
v -0.274649 4.939948 -0.130642
v -0.274885 4.940088 -0.130730
v -0.275183 4.940177 -0.130816
v -0.276773 4.941091 -0.097954
v -0.277107 4.941061 -0.097962
v -0.277410 4.940974 -0.097946
v -0.277652 4.940836 -0.097908
v -0.277809 4.940662 -0.097853
v -0.277866 4.940468 -0.097784
v -0.277953 4.936280 -0.096242
v -0.277904 4.936085 -0.096168
v -0.277754 4.935909 -0.096095
v -0.277518 4.935769 -0.096030
v -0.277218 4.935678 -0.095980
v -0.276885 4.935646 -0.095950
v -0.276551 4.935675 -0.095943
v -0.276248 4.935762 -0.095959
v -0.276006 4.935900 -0.095996
v -0.275849 4.936074 -0.096052
v -0.275792 4.936268 -0.096121
v -0.275705 4.940456 -0.097662
v -0.275754 4.940651 -0.097737
v -0.275904 4.940827 -0.097810
v -0.276140 4.940967 -0.097874
v -0.276440 4.941058 -0.097924
v -0.276591 4.942167 -0.066277
v -0.276925 4.942140 -0.066233
v -0.277228 4.942054 -0.066166
v -0.277469 4.941917 -0.066083
v -0.277626 4.941744 -0.065992
v -0.277683 4.941551 -0.065902
v -0.277768 4.937373 -0.064069
v -0.277719 4.937179 -0.063989
v -0.277569 4.937002 -0.063926
v -0.277333 4.936861 -0.063888
v -0.277034 4.936769 -0.063877
v -0.276701 4.936735 -0.063894
v -0.276367 4.936762 -0.063938
v -0.276064 4.936848 -0.064005
v -0.275823 4.936984 -0.064088
v -0.275666 4.937157 -0.064179
v -0.275609 4.937350 -0.064269
v -0.275524 4.941529 -0.066102
v -0.275573 4.941723 -0.066182
v -0.275723 4.941899 -0.066245
v -0.275959 4.942040 -0.066284
v -0.276258 4.942132 -0.066295
v -0.274987 4.943405 -0.035755
v -0.275318 4.943380 -0.035657
v -0.275618 4.943296 -0.035538
v -0.275858 4.943162 -0.035409
v -0.276013 4.942990 -0.035284
v -0.276068 4.942798 -0.035174
v -0.276139 4.938630 -0.033081
v -0.276090 4.938436 -0.032997
v -0.275941 4.938259 -0.032948
v -0.275706 4.938117 -0.032938
v -0.275410 4.938023 -0.032968
v -0.275079 4.937987 -0.033035
v -0.274748 4.938012 -0.033133
v -0.274448 4.938096 -0.033252
v -0.274209 4.938230 -0.033381
v -0.274054 4.938402 -0.033506
v -0.273998 4.938594 -0.033616
v -0.273927 4.942762 -0.035708
v -0.273976 4.942956 -0.035792
v -0.274126 4.943133 -0.035842
v -0.274360 4.943275 -0.035852
v -0.274657 4.943369 -0.035822
v -0.271978 4.944773 -0.006286
v -0.272304 4.944751 -0.006134
v -0.272599 4.944669 -0.005963
v -0.272833 4.944537 -0.005790
v -0.272985 4.944367 -0.005631
v -0.273039 4.944175 -0.005503
v -0.273088 4.940017 -0.003194
v -0.273038 4.939823 -0.003108
v -0.272891 4.939646 -0.003074
v -0.272659 4.939502 -0.003093
v -0.272367 4.939406 -0.003166
v -0.272042 4.939368 -0.003284
v -0.271716 4.939391 -0.003435
v -0.271421 4.939472 -0.003606
v -0.271187 4.939604 -0.003779
v -0.271035 4.939775 -0.003938
v -0.270981 4.939966 -0.004066
v -0.270932 4.944124 -0.006375
v -0.270982 4.944318 -0.006461
v -0.271129 4.944495 -0.006496
v -0.271361 4.944639 -0.006476
v -0.271653 4.944735 -0.006403
v -0.267581 4.946238 0.022230
v -0.267899 4.946218 0.022434
v -0.268186 4.946139 0.022655
v -0.268414 4.946009 0.022870
v -0.268561 4.945841 0.023059
v -0.268612 4.945650 0.023203
v -0.268635 4.941501 0.025680
v -0.268586 4.941307 0.025766
v -0.268441 4.941128 0.025784
v -0.268214 4.940983 0.025733
v -0.267928 4.940885 0.025618
v -0.267611 4.940844 0.025450
v -0.267293 4.940864 0.025246
v -0.267006 4.940943 0.025026
v -0.266778 4.941073 0.024810
v -0.266631 4.941242 0.024621
v -0.266579 4.941432 0.024477
v -0.266557 4.945581 0.022000
v -0.266606 4.945776 0.021914
v -0.266751 4.945954 0.021896
v -0.266978 4.946099 0.021947
v -0.267264 4.946197 0.022062
v -0.261811 4.947768 0.049889
v -0.262118 4.947751 0.050143
v -0.262396 4.947674 0.050409
v -0.262616 4.947546 0.050663
v -0.262757 4.947379 0.050880
v -0.262806 4.947189 0.051037
v -0.262804 4.943046 0.053630
v -0.262756 4.942852 0.053713
v -0.262614 4.942673 0.053714
v -0.262394 4.942526 0.053632
v -0.262117 4.942425 0.053476
v -0.261809 4.942382 0.053260
v -0.261502 4.942399 0.053007
v -0.261224 4.942475 0.052740
v -0.261004 4.942603 0.052486
v -0.260863 4.942770 0.052270
v -0.260814 4.942960 0.052112
v -0.260816 4.947104 0.049519
v -0.260865 4.947298 0.049436
v -0.261006 4.947477 0.049435
v -0.261226 4.947624 0.049517
v -0.261503 4.947724 0.049674
v -0.254684 4.949328 0.076787
v -0.254980 4.949314 0.077086
v -0.255246 4.949240 0.077394
v -0.255457 4.949114 0.077683
v -0.255592 4.948948 0.077922
v -0.255638 4.948759 0.078090
v -0.255619 4.944620 0.080748
v -0.255572 4.944425 0.080827
v -0.255435 4.944245 0.080810
v -0.255223 4.944096 0.080698
v -0.254956 4.943994 0.080502
v -0.254660 4.943947 0.080242
v -0.254365 4.943962 0.079943
v -0.254098 4.944036 0.079634
v -0.253887 4.944162 0.079346
v -0.253752 4.944328 0.079106
v -0.253706 4.944517 0.078939
v -0.253725 4.948656 0.076281
v -0.253772 4.948851 0.076202
v -0.253909 4.949031 0.076219
v -0.254121 4.949180 0.076331
v -0.254388 4.949282 0.076527
v -0.246217 4.950887 0.103015
v -0.246499 4.950875 0.103355
v -0.246754 4.950803 0.103701
v -0.246955 4.950679 0.104018
v -0.247084 4.950514 0.104277
v -0.247128 4.950325 0.104452
v -0.247104 4.946187 0.107128
v -0.247058 4.945992 0.107201
v -0.246927 4.945811 0.107166
v -0.246724 4.945661 0.107026
v -0.246468 4.945556 0.106794
v -0.246186 4.945508 0.106493
v -0.245903 4.945520 0.106154
v -0.245649 4.945591 0.105808
v -0.245447 4.945716 0.105490
v -0.245319 4.945880 0.105231
v -0.245275 4.946069 0.105056
v -0.245299 4.950208 0.102381
v -0.245345 4.950402 0.102307
v -0.245476 4.950583 0.102343
v -0.245679 4.950734 0.102483
v -0.245934 4.950839 0.102715
v -0.236427 4.952411 0.128666
v -0.236696 4.952401 0.129041
v -0.236938 4.952331 0.129419
v -0.237130 4.952208 0.129761
v -0.237253 4.952044 0.130036
v -0.237295 4.951856 0.130215
v -0.237280 4.947716 0.132868
v -0.237236 4.947521 0.132934
v -0.237112 4.947339 0.132881
v -0.236919 4.947187 0.132715
v -0.236676 4.947080 0.132450
v -0.236407 4.947030 0.132114
v -0.236139 4.947040 0.131738
v -0.235896 4.947109 0.131361
v -0.235704 4.947232 0.131018
v -0.235581 4.947396 0.130743
v -0.235539 4.947585 0.130564
v -0.235555 4.951724 0.127912
v -0.235598 4.951919 0.127845
v -0.235722 4.952102 0.127898
v -0.235915 4.952254 0.128065
v -0.236158 4.952360 0.128329
v -0.225333 4.953866 0.153829
v -0.225588 4.953857 0.154235
v -0.225818 4.953789 0.154640
v -0.226001 4.953668 0.155003
v -0.226119 4.953505 0.155289
v -0.226160 4.953316 0.155471
v -0.226170 4.949173 0.158066
v -0.226130 4.948977 0.158125
v -0.226013 4.948794 0.158055
v -0.225831 4.948641 0.157864
v -0.225601 4.948533 0.157570
v -0.225346 4.948480 0.157202
v -0.225090 4.948488 0.156796
v -0.224860 4.948557 0.156392
v -0.224677 4.948678 0.156029
v -0.224559 4.948842 0.155742
v -0.224518 4.949030 0.155561
v -0.224508 4.953173 0.152966
v -0.224548 4.953368 0.152907
v -0.224665 4.953552 0.152976
v -0.224847 4.953705 0.153167
v -0.225077 4.953814 0.153461
v -0.212953 4.955218 0.178596
v -0.213195 4.955212 0.179028
v -0.213414 4.955144 0.179455
v -0.213589 4.955024 0.179834
v -0.213703 4.954861 0.180129
v -0.213744 4.954673 0.180311
v -0.213795 4.950525 0.182822
v -0.213760 4.950329 0.182873
v -0.213650 4.950145 0.182788
v -0.213479 4.949990 0.182575
v -0.213262 4.949881 0.182255
v -0.213020 4.949827 0.181860
v -0.212778 4.949833 0.181428
v -0.212558 4.949901 0.181001
v -0.212383 4.950021 0.180622
v -0.212270 4.950184 0.180327
v -0.212229 4.950373 0.180145
v -0.212177 4.954520 0.177634
v -0.212213 4.954716 0.177583
v -0.212322 4.954900 0.177668
v -0.212494 4.955055 0.177881
v -0.212711 4.955164 0.178201
v -0.199315 4.956434 0.203043
v -0.199544 4.956429 0.203499
v -0.199752 4.956362 0.203945
v -0.199919 4.956243 0.204339
v -0.200028 4.956080 0.204642
v -0.200069 4.955892 0.204824
v -0.200167 4.951740 0.207252
v -0.200135 4.951544 0.207295
v -0.200034 4.951359 0.207196
v -0.199874 4.951203 0.206963
v -0.199670 4.951092 0.206620
v -0.199442 4.951037 0.206200
v -0.199213 4.951043 0.205744
v -0.199005 4.951109 0.205298
v -0.198838 4.951229 0.204904
v -0.198729 4.951391 0.204601
v -0.198688 4.951580 0.204419
v -0.198590 4.955731 0.201991
v -0.198622 4.955927 0.201947
v -0.198723 4.956112 0.202047
v -0.198883 4.956268 0.202280
v -0.199087 4.956379 0.202623
v -0.184022 4.957547 0.227541
v -0.184236 4.957542 0.228021
v -0.184431 4.957478 0.228490
v -0.184587 4.957358 0.228900
v -0.184690 4.957197 0.229212
v -0.184730 4.957008 0.229396
v -0.184858 4.952854 0.231776
v -0.184830 4.952658 0.231813
v -0.184738 4.952472 0.231700
v -0.184590 4.952316 0.231447
v -0.184401 4.952204 0.231081
v -0.184189 4.952147 0.230635
v -0.183975 4.952152 0.230155
v -0.183780 4.952217 0.229687
v -0.183624 4.952336 0.229276
v -0.183521 4.952498 0.228964
v -0.183481 4.952686 0.228781
v -0.183353 4.956840 0.226400
v -0.183381 4.957037 0.226363
v -0.183473 4.957222 0.226476
v -0.183621 4.957379 0.226729
v -0.183811 4.957491 0.227096
v -0.168755 4.958458 0.248853
v -0.168950 4.958455 0.249360
v -0.169128 4.958391 0.249851
v -0.169272 4.958272 0.250279
v -0.169367 4.958111 0.250603
v -0.169404 4.957922 0.250790
v -0.169548 4.953768 0.253147
v -0.169524 4.953571 0.253179
v -0.169441 4.953384 0.253053
v -0.169307 4.953228 0.252781
v -0.169136 4.953115 0.252390
v -0.168943 4.953057 0.251918
v -0.168748 4.953060 0.251412
v -0.168570 4.953125 0.250920
v -0.168426 4.953243 0.250492
v -0.168331 4.953404 0.250169
v -0.168294 4.953592 0.249982
v -0.168149 4.957747 0.247624
v -0.168173 4.957944 0.247592
v -0.168256 4.958130 0.247718
v -0.168390 4.958288 0.247990
v -0.168562 4.958400 0.248381
v -0.153409 4.959191 0.267185
v -0.153583 4.959188 0.267717
v -0.153742 4.959126 0.268231
v -0.153871 4.959008 0.268677
v -0.153956 4.958847 0.269012
v -0.153991 4.958659 0.269202
v -0.154145 4.954504 0.271547
v -0.154125 4.954306 0.271574
v -0.154052 4.954120 0.271436
v -0.153934 4.953962 0.271146
v -0.153782 4.953848 0.270731
v -0.153610 4.953789 0.270234
v -0.153436 4.953792 0.269702
v -0.153277 4.953855 0.269188
v -0.153149 4.953973 0.268742
v -0.153063 4.954134 0.268407
v -0.153029 4.954321 0.268217
v -0.152874 4.958477 0.265872
v -0.152894 4.958674 0.265845
v -0.152967 4.958860 0.265983
v -0.153085 4.959019 0.266274
v -0.153238 4.959132 0.266688
v -0.137887 4.959770 0.282732
v -0.138037 4.959768 0.283287
v -0.138176 4.959706 0.283822
v -0.138288 4.959589 0.284285
v -0.138363 4.959428 0.284630
v -0.138394 4.959240 0.284824
v -0.138551 4.955085 0.287167
v -0.138534 4.954888 0.287190
v -0.138472 4.954701 0.287041
v -0.138370 4.954542 0.286734
v -0.138239 4.954427 0.286299
v -0.138091 4.954368 0.285778
v -0.137940 4.954370 0.285223
v -0.137802 4.954432 0.284688
v -0.137690 4.954549 0.284225
v -0.137615 4.954710 0.283880
v -0.137584 4.954897 0.283686
v -0.137427 4.959053 0.281343
v -0.137443 4.959250 0.281320
v -0.137506 4.959437 0.281469
v -0.137607 4.959596 0.281776
v -0.137739 4.959711 0.282212
v -0.122090 4.960219 0.295691
v -0.122217 4.960218 0.296266
v -0.122333 4.960156 0.296819
v -0.122427 4.960040 0.297296
v -0.122491 4.959879 0.297650
v -0.122518 4.959692 0.297848
v -0.122667 4.955536 0.300197
v -0.122655 4.955339 0.300217
v -0.122603 4.955152 0.300059
v -0.122519 4.954993 0.299738
v -0.122409 4.954877 0.299285
v -0.122285 4.954817 0.298744
v -0.122159 4.954818 0.298170
v -0.122043 4.954880 0.297616
v -0.121948 4.954997 0.297139
v -0.121884 4.955157 0.296785
v -0.121858 4.955345 0.296588
v -0.121708 4.959500 0.294239
v -0.121721 4.959697 0.294218
v -0.121772 4.959884 0.294376
v -0.121857 4.960043 0.294697
v -0.121966 4.960159 0.295150
v -0.105921 4.960562 0.306258
v -0.106023 4.960561 0.306849
v -0.106117 4.960500 0.307417
v -0.106193 4.960383 0.307906
v -0.106245 4.960224 0.308268
v -0.106267 4.960036 0.308468
v -0.106400 4.955881 0.310829
v -0.106390 4.955684 0.310847
v -0.106349 4.955496 0.310682
v -0.106281 4.955337 0.310350
v -0.106193 4.955221 0.309883
v -0.106093 4.955161 0.309327
v -0.105991 4.955161 0.308736
v -0.105897 4.955222 0.308168
v -0.105821 4.955338 0.307680
v -0.105769 4.955498 0.307317
v -0.105747 4.955686 0.307117
v -0.105615 4.959841 0.304756
v -0.105624 4.960038 0.304738
v -0.105665 4.960226 0.304903
v -0.105733 4.960385 0.305235
v -0.105821 4.960501 0.305702
v -0.089280 4.960822 0.314632
v -0.089359 4.960822 0.315235
v -0.089431 4.960761 0.315813
v -0.089490 4.960645 0.316311
v -0.089530 4.960485 0.316679
v -0.089548 4.960298 0.316882
v -0.089652 4.956143 0.319257
v -0.089644 4.955946 0.319274
v -0.089613 4.955758 0.319104
v -0.089561 4.955598 0.318764
v -0.089493 4.955482 0.318287
v -0.089416 4.955421 0.317719
v -0.089337 4.955421 0.317116
v -0.089265 4.955482 0.316538
v -0.089206 4.955598 0.316040
v -0.089166 4.955758 0.315672
v -0.089149 4.955946 0.315469
v -0.089044 4.960100 0.313094
v -0.089052 4.960298 0.313077
v -0.089083 4.960485 0.313247
v -0.089135 4.960645 0.313587
v -0.089203 4.960761 0.314064
v -0.072068 4.961024 0.321009
v -0.072125 4.961024 0.321620
v -0.072178 4.960964 0.322206
v -0.072221 4.960848 0.322710
v -0.072249 4.960689 0.323082
v -0.072262 4.960501 0.323287
v -0.072329 4.956347 0.325675
v -0.072323 4.956150 0.325692
v -0.072300 4.955962 0.325520
v -0.072261 4.955802 0.325174
v -0.072212 4.955686 0.324690
v -0.072156 4.955624 0.324114
v -0.072099 4.955624 0.323504
v -0.072046 4.955685 0.322918
v -0.072003 4.955801 0.322414
v -0.071974 4.955960 0.322041
v -0.071962 4.956148 0.321837
v -0.071895 4.960301 0.319448
v -0.071901 4.960499 0.319431
v -0.071924 4.960687 0.319604
v -0.071963 4.960846 0.319949
v -0.072012 4.960963 0.320434
v -0.054185 4.961192 0.325587
v -0.054223 4.961192 0.326202
v -0.054258 4.961132 0.326793
v -0.054286 4.961016 0.327301
v -0.054304 4.960856 0.327676
v -0.054312 4.960669 0.327882
v -0.054334 4.956516 0.330282
v -0.054329 4.956318 0.330298
v -0.054312 4.956130 0.330124
v -0.054286 4.955970 0.329776
v -0.054252 4.955854 0.329287
v -0.054214 4.955792 0.328707
v -0.054176 4.955792 0.328091
v -0.054141 4.955853 0.327501
v -0.054113 4.955968 0.326993
v -0.054095 4.956128 0.326618
v -0.054088 4.956315 0.326412
v -0.054065 4.960468 0.324012
v -0.054070 4.960666 0.323995
v -0.054087 4.960854 0.324170
v -0.054113 4.961014 0.324518
v -0.054147 4.961130 0.325006
v -0.035531 4.961349 0.328560
v -0.035553 4.961349 0.329179
v -0.035572 4.961289 0.329772
v -0.035588 4.961174 0.330281
v -0.035597 4.961014 0.330658
v -0.035599 4.960826 0.330865
v -0.035570 4.956674 0.333273
v -0.035565 4.956476 0.333290
v -0.035554 4.956288 0.333115
v -0.035537 4.956128 0.332765
v -0.035516 4.956011 0.332274
v -0.035494 4.955950 0.331691
v -0.035471 4.955949 0.331073
v -0.035452 4.956010 0.330480
v -0.035437 4.956125 0.329970
v -0.035428 4.956285 0.329593
v -0.035425 4.956472 0.329387
v -0.035454 4.960625 0.326978
v -0.035459 4.960823 0.326962
v -0.035470 4.961010 0.327137
v -0.035487 4.961171 0.327487
v -0.035508 4.961287 0.327977
v -0.016005 4.961519 0.330126
v -0.016014 4.961520 0.330745
v -0.016021 4.961459 0.331339
v -0.016025 4.961344 0.331850
v -0.016026 4.961185 0.332227
v -0.016024 4.960997 0.332435
v -0.015940 4.956844 0.334848
v -0.015935 4.956647 0.334864
v -0.015927 4.956459 0.334689
v -0.015917 4.956299 0.334338
v -0.015907 4.956182 0.333847
v -0.015896 4.956120 0.333263
v -0.015887 4.956120 0.332644
v -0.015880 4.956180 0.332049
v -0.015876 4.956295 0.331539
v -0.015875 4.956455 0.331161
v -0.015877 4.956642 0.330954
v -0.015961 4.960795 0.328541
v -0.015966 4.960992 0.328525
v -0.015974 4.961180 0.328700
v -0.015984 4.961340 0.329051
v -0.015994 4.961457 0.329542
v 0.004484 4.961726 0.330479
v 0.004485 4.961727 0.331098
v 0.004489 4.961666 0.331692
v 0.004494 4.961551 0.332203
v 0.004501 4.961392 0.332581
v 0.004508 4.961205 0.332788
v 0.004662 4.957053 0.335203
v 0.004669 4.956855 0.335219
v 0.004676 4.956667 0.335044
v 0.004680 4.956507 0.334693
v 0.004683 4.956390 0.334201
v 0.004684 4.956328 0.333617
v 0.004683 4.956327 0.332998
v 0.004679 4.956388 0.332403
v 0.004674 4.956503 0.331893
v 0.004667 4.956662 0.331515
v 0.004660 4.956850 0.331308
v 0.004505 4.961001 0.328893
v 0.004498 4.961199 0.328877
v 0.004492 4.961387 0.329052
v 0.004487 4.961547 0.329403
v 0.004484 4.961664 0.329894
v 0.024832 4.962018 0.329751
v 0.024844 4.962019 0.330370
v 0.024859 4.961959 0.330964
v 0.024875 4.961843 0.331474
v 0.024890 4.961684 0.331852
v 0.024903 4.961497 0.332059
v 0.025152 4.957347 0.334469
v 0.025162 4.957150 0.334486
v 0.025168 4.956961 0.334310
v 0.025169 4.956801 0.333960
v 0.025165 4.956684 0.333469
v 0.025156 4.956622 0.332885
v 0.025144 4.956621 0.332266
v 0.025129 4.956681 0.331672
v 0.025113 4.956797 0.331161
v 0.025098 4.956955 0.330784
v 0.025085 4.957143 0.330577
v 0.024836 4.961293 0.328166
v 0.024826 4.961491 0.328150
v 0.024820 4.961679 0.328325
v 0.024819 4.961839 0.328676
v 0.024823 4.961956 0.329167
v 0.044214 4.962399 0.327817
v 0.044239 4.962401 0.328434
v 0.044267 4.962341 0.329027
v 0.044295 4.962226 0.329536
v 0.044320 4.962067 0.329912
v 0.044340 4.961880 0.330119
v 0.044686 4.957732 0.332520
v 0.044698 4.957534 0.332536
v 0.044702 4.957346 0.332360
v 0.044698 4.957186 0.332010
v 0.044684 4.957069 0.331520
v 0.044664 4.957006 0.330938
v 0.044639 4.957006 0.330320
v 0.044611 4.957065 0.329727
v 0.044583 4.957180 0.329218
v 0.044558 4.957339 0.328842
v 0.044538 4.957526 0.328636
v 0.044192 4.961675 0.326235
v 0.044179 4.961872 0.326219
v 0.044175 4.962060 0.326394
v 0.044180 4.962221 0.326744
v 0.044193 4.962337 0.327234
v 0.062737 4.962825 0.324486
v 0.062779 4.962827 0.325100
v 0.062822 4.962768 0.325690
v 0.062864 4.962653 0.326197
v 0.062899 4.962494 0.326571
v 0.062925 4.962307 0.326776
v 0.063351 4.958160 0.329162
v 0.063365 4.957963 0.329179
v 0.063365 4.957775 0.329004
v 0.063352 4.957614 0.328655
v 0.063326 4.957497 0.328167
v 0.063291 4.957435 0.327588
v 0.063250 4.957433 0.326973
v 0.063206 4.957492 0.326383
v 0.063165 4.957607 0.325876
v 0.063129 4.957766 0.325502
v 0.063103 4.957953 0.325297
v 0.062677 4.962100 0.322911
v 0.062664 4.962297 0.322895
v 0.062664 4.962485 0.323069
v 0.062677 4.962646 0.323418
v 0.062702 4.962763 0.323906
v 0.080501 4.963248 0.319567
v 0.080562 4.963251 0.320176
v 0.080623 4.963192 0.320761
v 0.080680 4.963077 0.321263
v 0.080726 4.962919 0.321635
v 0.080757 4.962732 0.321838
v 0.081241 4.958587 0.324208
v 0.081254 4.958389 0.324224
v 0.081249 4.958201 0.324051
v 0.081224 4.958040 0.323706
v 0.081183 4.957922 0.323222
v 0.081130 4.957860 0.322647
v 0.081070 4.957858 0.322038
v 0.081008 4.957916 0.321453
v 0.080952 4.958031 0.320951
v 0.080906 4.958189 0.320579
v 0.080874 4.958376 0.320376
v 0.080391 4.962522 0.318006
v 0.080377 4.962719 0.317990
v 0.080383 4.962907 0.318163
v 0.080408 4.963068 0.318508
v 0.080448 4.963185 0.318992
v 0.097604 4.963623 0.312867
v 0.097685 4.963625 0.313468
v 0.097766 4.963567 0.314045
v 0.097839 4.963453 0.314541
v 0.097897 4.963295 0.314908
v 0.097933 4.963108 0.315110
v 0.098449 4.958963 0.317467
v 0.098461 4.958766 0.317484
v 0.098447 4.958577 0.317314
v 0.098408 4.958416 0.316974
v 0.098349 4.958298 0.316498
v 0.098275 4.958235 0.315931
v 0.098193 4.958232 0.315330
v 0.098112 4.958291 0.314753
v 0.098039 4.958405 0.314257
v 0.097982 4.958563 0.313890
v 0.097946 4.958750 0.313689
v 0.097429 4.962894 0.311332
v 0.097418 4.963092 0.311315
v 0.097432 4.963280 0.311485
v 0.097471 4.963441 0.311824
v 0.097530 4.963559 0.312301
v 0.114141 4.963902 0.304194
v 0.114246 4.963904 0.304783
v 0.114348 4.963846 0.305349
v 0.114438 4.963733 0.305836
v 0.114506 4.963574 0.306197
v 0.114546 4.963387 0.306397
v 0.115068 4.959243 0.308751
v 0.115076 4.959046 0.308770
v 0.115052 4.958857 0.308605
v 0.114997 4.958696 0.308274
v 0.114917 4.958577 0.307809
v 0.114820 4.958514 0.307254
v 0.114715 4.958511 0.306666
v 0.114613 4.958569 0.306100
v 0.114523 4.958683 0.305613
v 0.114455 4.958841 0.305251
v 0.114415 4.959027 0.305052
v 0.113893 4.963172 0.302698
v 0.113885 4.963369 0.302679
v 0.113909 4.963558 0.302843
v 0.113964 4.963719 0.303174
v 0.114044 4.963838 0.303640
v 0.130210 4.964038 0.293353
v 0.130339 4.964041 0.293926
v 0.130463 4.963983 0.294477
v 0.130569 4.963870 0.294953
v 0.130648 4.963712 0.295307
v 0.130691 4.963525 0.295505
v 0.131191 4.959380 0.297873
v 0.131194 4.959183 0.297895
v 0.131158 4.958994 0.297739
v 0.131085 4.958833 0.297420
v 0.130982 4.958714 0.296970
v 0.130861 4.958650 0.296433
v 0.130731 4.958647 0.295860
v 0.130608 4.958705 0.295309
v 0.130501 4.958819 0.294833
v 0.130423 4.958977 0.294479
v 0.130380 4.959164 0.294281
v 0.129880 4.963308 0.291913
v 0.129876 4.963506 0.291891
v 0.129913 4.963694 0.292047
v 0.129986 4.963856 0.292365
v 0.130088 4.963974 0.292816
v 0.145904 4.963986 0.280151
v 0.146057 4.963989 0.280703
v 0.146202 4.963931 0.281237
v 0.146325 4.963817 0.281699
v 0.146413 4.963659 0.282045
v 0.146457 4.963472 0.282242
v 0.146911 4.959328 0.284649
v 0.146909 4.959130 0.284676
v 0.146859 4.958942 0.284531
v 0.146767 4.958780 0.284228
v 0.146641 4.958662 0.283798
v 0.146495 4.958598 0.283281
v 0.146341 4.958595 0.282729
v 0.146196 4.958653 0.282196
v 0.146074 4.958767 0.281733
v 0.145986 4.958925 0.281387
v 0.145941 4.959112 0.281191
v 0.145487 4.963256 0.278783
v 0.145490 4.963454 0.278756
v 0.145540 4.963642 0.278901
v 0.145632 4.963804 0.279204
v 0.145758 4.963922 0.279635
v 0.161316 4.963698 0.264396
v 0.161493 4.963700 0.264924
v 0.161657 4.963642 0.265437
v 0.161794 4.963528 0.265885
v 0.161890 4.963370 0.266223
v 0.161936 4.963183 0.266418
v 0.162324 4.959040 0.268893
v 0.162314 4.958842 0.268927
v 0.162251 4.958654 0.268796
v 0.162140 4.958493 0.268513
v 0.161991 4.958375 0.268105
v 0.161821 4.958312 0.267613
v 0.161644 4.958309 0.267085
v 0.161480 4.958368 0.266572
v 0.161342 4.958481 0.266124
v 0.161246 4.958640 0.265786
v 0.161201 4.958827 0.265591
v 0.160813 4.962970 0.263116
v 0.160822 4.963167 0.263082
v 0.160886 4.963356 0.263213
v 0.160997 4.963517 0.263496
v 0.161146 4.963634 0.263904
v 0.176538 4.963127 0.245897
v 0.176736 4.963129 0.246400
v 0.176918 4.963069 0.246892
v 0.177068 4.962955 0.247323
v 0.177171 4.962797 0.247653
v 0.177216 4.962610 0.247849
v 0.177524 4.958469 0.250421
v 0.177508 4.958272 0.250464
v 0.177431 4.958085 0.250349
v 0.177301 4.957924 0.250088
v 0.177132 4.957807 0.249706
v 0.176939 4.957745 0.249241
v 0.176741 4.957743 0.248738
v 0.176558 4.957802 0.248247
v 0.176408 4.957916 0.247815
v 0.176306 4.958075 0.247485
v 0.176260 4.958261 0.247289
v 0.175952 4.962402 0.244717
v 0.175969 4.962599 0.244675
v 0.176046 4.962787 0.244790
v 0.176175 4.962947 0.245051
v 0.176345 4.963064 0.245432
v 0.191661 4.962226 0.224469
v 0.191878 4.962227 0.224945
v 0.192076 4.962166 0.225415
v 0.192237 4.962051 0.225831
v 0.192345 4.961893 0.226153
v 0.192389 4.961706 0.226351
v 0.192609 4.957571 0.229046
v 0.192586 4.957375 0.229099
v 0.192496 4.957187 0.229002
v 0.192350 4.957028 0.228764
v 0.192161 4.956912 0.228410
v 0.191948 4.956851 0.227973
v 0.191732 4.956850 0.227497
v 0.191534 4.956910 0.227027
v 0.191373 4.957025 0.226611
v 0.191265 4.957184 0.226288
v 0.191221 4.957370 0.226091
v 0.191000 4.961505 0.223396
v 0.191024 4.961702 0.223343
v 0.191113 4.961889 0.223440
v 0.191260 4.962049 0.223678
v 0.191448 4.962165 0.224032
v 0.206775 4.960949 0.199930
v 0.207007 4.960949 0.200381
v 0.207218 4.960887 0.200830
v 0.207387 4.960772 0.201233
v 0.207499 4.960613 0.201549
v 0.207542 4.960426 0.201749
v 0.207677 4.956298 0.204581
v 0.207647 4.956102 0.204644
v 0.207547 4.955916 0.204564
v 0.207386 4.955758 0.204350
v 0.207181 4.955643 0.204022
v 0.206952 4.955583 0.203611
v 0.206720 4.955584 0.203160
v 0.206510 4.955645 0.202711
v 0.206340 4.955760 0.202308
v 0.206228 4.955920 0.201992
v 0.206186 4.956106 0.201792
v 0.206050 4.960234 0.198960
v 0.206080 4.960430 0.198897
v 0.206180 4.960617 0.198976
v 0.206341 4.960775 0.199191
v 0.206546 4.960889 0.199519
v 0.219043 4.959613 0.177713
v 0.219287 4.959611 0.178141
v 0.219508 4.959549 0.178571
v 0.219685 4.959433 0.178961
v 0.219800 4.959273 0.179272
v 0.219841 4.959087 0.179474
v 0.219904 4.954967 0.182438
v 0.219869 4.954771 0.182511
v 0.219759 4.954586 0.182448
v 0.219587 4.954429 0.182255
v 0.219368 4.954316 0.181951
v 0.219125 4.954257 0.181566
v 0.218881 4.954259 0.181137
v 0.218659 4.954322 0.180707
v 0.218483 4.954438 0.180317
v 0.218368 4.954597 0.180006
v 0.218327 4.954784 0.179804
v 0.218264 4.958904 0.176840
v 0.218299 4.959100 0.176767
v 0.218409 4.959285 0.176830
v 0.218581 4.959442 0.177023
v 0.218800 4.959555 0.177327
v 0.230078 4.958133 0.155478
v 0.230335 4.958129 0.155881
v 0.230567 4.958066 0.156290
v 0.230751 4.957948 0.156665
v 0.230869 4.957788 0.156969
v 0.230910 4.957602 0.157172
v 0.230912 4.953490 0.160259
v 0.230871 4.953295 0.160342
v 0.230753 4.953111 0.160296
v 0.230569 4.952956 0.160126
v 0.230338 4.952845 0.159849
v 0.230081 4.952788 0.159491
v 0.229824 4.952792 0.159088
v 0.229592 4.952856 0.158680
v 0.229408 4.952973 0.158305
v 0.229290 4.953133 0.158001
v 0.229249 4.953319 0.157798
v 0.229247 4.957431 0.154711
v 0.229287 4.957626 0.154628
v 0.229405 4.957810 0.154673
v 0.229589 4.957965 0.154843
v 0.229821 4.958076 0.155121
v 0.239884 4.956522 0.133071
v 0.240155 4.956516 0.133443
v 0.240398 4.956450 0.133825
v 0.240590 4.956332 0.134181
v 0.240713 4.956171 0.134475
v 0.240753 4.955985 0.134679
v 0.240705 4.951881 0.137881
v 0.240660 4.951687 0.137974
v 0.240534 4.951504 0.137948
v 0.240338 4.951351 0.137805
v 0.240093 4.951241 0.137558
v 0.239822 4.951187 0.137233
v 0.239552 4.951193 0.136861
v 0.239308 4.951259 0.136479
v 0.239116 4.951378 0.136123
v 0.238994 4.951538 0.135829
v 0.238953 4.951725 0.135625
v 0.239001 4.955828 0.132423
v 0.239046 4.956022 0.132330
v 0.239172 4.956205 0.132356
v 0.239368 4.956358 0.132499
v 0.239613 4.956468 0.132746
v 0.248464 4.954792 0.110338
v 0.248748 4.954784 0.110674
v 0.249003 4.954716 0.111025
v 0.249204 4.954595 0.111358
v 0.249331 4.954433 0.111639
v 0.249373 4.954247 0.111842
v 0.249287 4.950151 0.115145
v 0.249238 4.949958 0.115249
v 0.249103 4.949777 0.115243
v 0.248897 4.949625 0.115130
v 0.248638 4.949519 0.114919
v 0.248353 4.949468 0.114632
v 0.248069 4.949476 0.114296
v 0.247814 4.949544 0.113945
v 0.247613 4.949665 0.113612
v 0.247485 4.949827 0.113331
v 0.247444 4.950013 0.113128
v 0.247530 4.954109 0.109825
v 0.247579 4.954302 0.109722
v 0.247714 4.954484 0.109727
v 0.247920 4.954635 0.109840
v 0.248179 4.954741 0.110051
v 0.255821 4.952958 0.087129
v 0.256118 4.952946 0.087423
v 0.256384 4.952875 0.087738
v 0.256594 4.952753 0.088044
v 0.256726 4.952590 0.088309
v 0.256768 4.952403 0.088509
v 0.256657 4.948313 0.091893
v 0.256604 4.948121 0.092007
v 0.256463 4.947942 0.092024
v 0.256246 4.947793 0.091944
v 0.255975 4.947690 0.091773
v 0.255676 4.947641 0.091528
v 0.255379 4.947653 0.091233
v 0.255112 4.947724 0.090918
v 0.254903 4.947847 0.090613
v 0.254770 4.948010 0.090347
v 0.254728 4.948196 0.090148
v 0.254840 4.952286 0.086764
v 0.254892 4.952478 0.086650
v 0.255034 4.952658 0.086632
v 0.255251 4.952806 0.086713
v 0.255522 4.952910 0.086884
v 0.261957 4.951032 0.063291
v 0.262266 4.951016 0.063539
v 0.262543 4.950942 0.063814
v 0.262761 4.950817 0.064088
v 0.262898 4.950652 0.064335
v 0.262941 4.950465 0.064530
v 0.262816 4.946380 0.067968
v 0.262761 4.946188 0.068092
v 0.262613 4.946011 0.068133
v 0.262387 4.945865 0.068088
v 0.262105 4.945765 0.067959
v 0.261794 4.945721 0.067761
v 0.261486 4.945736 0.067512
v 0.261209 4.945811 0.067237
v 0.260991 4.945936 0.066963
v 0.260854 4.946100 0.066717
v 0.260811 4.946287 0.066522
v 0.260936 4.950373 0.063083
v 0.260991 4.950564 0.062959
v 0.261139 4.950742 0.062918
v 0.261365 4.950887 0.062964
v 0.261647 4.950987 0.063092
v 0.266879 4.949027 0.038672
v 0.267198 4.949007 0.038872
v 0.267483 4.948929 0.039103
v 0.267708 4.948801 0.039343
v 0.267849 4.948635 0.039568
v 0.267894 4.948448 0.039756
v 0.267763 4.944364 0.043218
v 0.267707 4.944173 0.043351
v 0.267554 4.943998 0.043416
v 0.267321 4.943855 0.043405
v 0.267030 4.943758 0.043322
v 0.266710 4.943718 0.043172
v 0.266391 4.943738 0.042972
v 0.266106 4.943816 0.042741
v 0.265881 4.943944 0.042501
v 0.265740 4.944109 0.042276
v 0.265695 4.944297 0.042088
v 0.265826 4.948380 0.038626
v 0.265882 4.948571 0.038493
v 0.266035 4.948747 0.038428
v 0.266268 4.948890 0.038438
v 0.266559 4.948986 0.038522
v 0.270591 4.946955 0.013117
v 0.270917 4.946932 0.013267
v 0.271209 4.946850 0.013454
v 0.271438 4.946720 0.013657
v 0.271583 4.946552 0.013859
v 0.271629 4.946363 0.014039
v 0.271500 4.942279 0.017491
v 0.271443 4.942089 0.017631
v 0.271287 4.941915 0.017718
v 0.271049 4.941775 0.017744
v 0.270751 4.941682 0.017705
v 0.270424 4.941646 0.017605
v 0.270098 4.941670 0.017455
v 0.269806 4.941751 0.017269
v 0.269576 4.941882 0.017065
v 0.269431 4.942050 0.016863
v 0.269385 4.942238 0.016683
v 0.269514 4.946322 0.013231
v 0.269572 4.946513 0.013091
v 0.269727 4.946686 0.013004
v 0.269966 4.946826 0.012979
v 0.270263 4.946919 0.013018
v 0.273098 4.944831 -0.013528
v 0.273429 4.944803 -0.013427
v 0.273725 4.944718 -0.013286
v 0.273958 4.944584 -0.013119
v 0.274105 4.944415 -0.012942
v 0.274152 4.944226 -0.012772
v 0.274027 4.940138 -0.009363
v 0.273969 4.939949 -0.009217
v 0.273812 4.939776 -0.009109
v 0.273570 4.939639 -0.009050
v 0.273268 4.939549 -0.009046
v 0.272936 4.939517 -0.009096
v 0.272606 4.939545 -0.009197
v 0.272309 4.939630 -0.009338
v 0.272076 4.939764 -0.009506
v 0.271929 4.939933 -0.009683
v 0.271882 4.940123 -0.009853
v 0.272007 4.944210 -0.013262
v 0.272065 4.944400 -0.013408
v 0.272223 4.944572 -0.013516
v 0.272464 4.944709 -0.013575
v 0.272766 4.944798 -0.013579
v 0.274406 4.942666 -0.041423
v 0.274739 4.942634 -0.041369
v 0.275037 4.942546 -0.041272
v 0.275272 4.942410 -0.041140
v 0.275421 4.942238 -0.040987
v 0.275468 4.942048 -0.040828
v 0.275347 4.937954 -0.037492
v 0.275288 4.937765 -0.037342
v 0.275130 4.937594 -0.037216
v 0.274887 4.937459 -0.037126
v 0.274583 4.937373 -0.037081
v 0.274249 4.937345 -0.037086
v 0.273916 4.937376 -0.037139
v 0.273618 4.937464 -0.037237
v 0.273383 4.937601 -0.037368
v 0.273235 4.937772 -0.037521
v 0.273187 4.937962 -0.037681
v 0.273308 4.942055 -0.041017
v 0.273367 4.942245 -0.041167
v 0.273525 4.942416 -0.041293
v 0.273768 4.942551 -0.041383
v 0.274072 4.942636 -0.041427
v 0.274520 4.940472 -0.070725
v 0.274853 4.940437 -0.070715
v 0.275152 4.940346 -0.070659
v 0.275387 4.940207 -0.070561
v 0.275535 4.940033 -0.070432
v 0.275582 4.939842 -0.070284
v 0.275462 4.935742 -0.067046
v 0.275403 4.935553 -0.066894
v 0.275245 4.935383 -0.066752
v 0.275002 4.935250 -0.066635
v 0.274698 4.935167 -0.066553
v 0.274363 4.935141 -0.066515
v 0.274030 4.935175 -0.066525
v 0.273732 4.935267 -0.066582
v 0.273497 4.935406 -0.066679
v 0.273348 4.935579 -0.066809
v 0.273301 4.935770 -0.066956
v 0.273422 4.939871 -0.070195
v 0.273480 4.940060 -0.070347
v 0.273638 4.940229 -0.070489
v 0.273882 4.940362 -0.070606
v 0.274185 4.940446 -0.070688
v 0.273443 4.938261 -0.101597
v 0.273775 4.938224 -0.101627
v 0.274072 4.938130 -0.101609
v 0.274306 4.937988 -0.101543
v 0.274454 4.937813 -0.101437
v 0.274501 4.937622 -0.101300
v 0.274376 4.933513 -0.098176
v 0.274318 4.933324 -0.098023
v 0.274160 4.933155 -0.097868
v 0.273917 4.933024 -0.097726
v 0.273615 4.932943 -0.097612
v 0.273281 4.932920 -0.097536
v 0.272950 4.932957 -0.097505
v 0.272652 4.933052 -0.097524
v 0.272419 4.933193 -0.097590
v 0.272271 4.933368 -0.097696
v 0.272224 4.933559 -0.097832
v 0.272349 4.937668 -0.100957
v 0.272407 4.937858 -0.101110
v 0.272565 4.938026 -0.101265
v 0.272807 4.938157 -0.101407
v 0.273110 4.938238 -0.101521
vn 0.0046 0.9996 -0.0266
vn -0.1826 0.9826 -0.0333
vn -0.3878 0.9209 -0.0395
vn -0.6244 0.7798 -0.0447
vn -0.8720 0.4873 -0.0464
vn -0.9895 0.1382 -0.0415
vn -0.9913 -0.1273 -0.0345
vn -0.8776 -0.4790 -0.0207
vn -0.6340 -0.7734 -0.0035
vn -0.3995 -0.9167 0.0093
vn -0.1957 -0.9805 0.0188
vn -0.0090 -0.9996 0.0264
vn 0.1778 -0.9835 0.0331
vn 0.3825 -0.9231 0.0393
vn 0.6193 -0.7839 0.0446
vn 0.8687 -0.4931 0.0464
vn 0.9892 -0.1407 0.0416
vn 0.9915 0.1258 0.0345
vn 0.8775 0.4791 0.0207
vn 0.6320 0.7750 0.0034
vn 0.3963 0.9181 -0.0094
vn 0.1917 0.9813 -0.0189
vn 0.0047 0.9995 -0.0303
vn -0.1828 0.9826 -0.0328
vn -0.3875 0.9212 -0.0343
vn -0.6232 0.7813 -0.0338
vn -0.8701 0.4920 -0.0291
vn -0.9891 0.1457 -0.0205
vn -0.9928 -0.1192 -0.0125
vn -0.8813 -0.4726 -0.0000
vn -0.6376 -0.7703 0.0130
vn -0.4018 -0.9155 0.0213
vn -0.1967 -0.9801 0.0266
vn -0.0094 -0.9995 0.0302
vn 0.1777 -0.9835 0.0328
vn 0.3821 -0.9235 0.0342
vn 0.6180 -0.7854 0.0339
vn 0.8668 -0.4978 0.0292
vn 0.9887 -0.1482 0.0206
vn 0.9930 0.1178 0.0126
vn 0.8811 0.4729 -0.0001
vn 0.6353 0.7721 -0.0131
vn 0.3982 0.9170 -0.0214
vn 0.1925 0.9809 -0.0267
vn 0.0044 0.9993 -0.0374
vn -0.1827 0.9827 -0.0313
vn -0.3859 0.9222 -0.0231
vn -0.6189 0.7854 -0.0113
vn -0.8641 0.5033 0.0064
vn -0.9864 0.1629 0.0226
vn -0.9943 -0.1012 0.0327
vn -0.8875 -0.4589 0.0429
vn -0.6434 -0.7641 0.0472
vn -0.4048 -0.9133 0.0458
vn -0.1976 -0.9794 0.0422
vn -0.0094 -0.9993 0.0375
vn 0.1775 -0.9836 0.0315
vn 0.3804 -0.9245 0.0234
vn 0.6136 -0.7895 0.0116
vn 0.8608 -0.5089 -0.0061
vn 0.9860 -0.1652 -0.0225
vn 0.9945 0.1000 -0.0326
vn 0.8871 0.4596 -0.0429
vn 0.6408 0.7663 -0.0472
vn 0.4009 0.9150 -0.0457
vn 0.1931 0.9803 -0.0421
vn 0.0033 0.9990 -0.0437
vn -0.1822 0.9829 -0.0287
vn -0.3821 0.9240 -0.0107
vn -0.6108 0.7917 0.0127
vn -0.8539 0.5186 0.0433
vn -0.9805 0.1844 0.0676
vn -0.9936 -0.0798 0.0801
vn -0.8917 -0.4440 0.0881
vn -0.6464 -0.7585 0.0828
vn -0.4049 -0.9116 0.0709
vn -0.1964 -0.9788 0.0577
vn -0.0083 -0.9990 0.0441
vn 0.1768 -0.9838 0.0291
vn 0.3766 -0.9263 0.0112
vn 0.6057 -0.7956 -0.0121
vn 0.8507 -0.5238 -0.0428
vn 0.9801 -0.1864 -0.0675
vn 0.9937 0.0788 -0.0801
vn 0.8911 0.4452 -0.0881
vn 0.6435 0.7610 -0.0827
vn 0.4007 0.9135 -0.0706
vn 0.1916 0.9798 -0.0574
vn 0.0015 0.9988 -0.0490
vn -0.1806 0.9832 -0.0250
vn -0.3757 0.9267 0.0027
vn -0.5987 0.8001 0.0374
vn -0.8393 0.5376 0.0810
vn -0.9711 0.2097 0.1139
vn -0.9901 -0.0555 0.1293
vn -0.8934 -0.4285 0.1352
vn -0.6463 -0.7537 0.1195
vn -0.4020 -0.9106 0.0959
vn -0.1930 -0.9785 0.0725
vn -0.0065 -0.9987 0.0496
vn 0.1754 -0.9842 0.0257
vn 0.3704 -0.9289 -0.0020
vn 0.5938 -0.8038 -0.0366
vn 0.8363 -0.5423 -0.0804
vn 0.9707 -0.2115 -0.1138
vn 0.9901 0.0548 -0.1293
vn 0.8925 0.4303 -0.1351
vn 0.6430 0.7565 -0.1192
vn 0.3975 0.9126 -0.0954
vn 0.1881 0.9795 -0.0719
vn -0.0006 0.9986 -0.0531
vn -0.1778 0.9839 -0.0203
vn -0.3665 0.9303 0.0168
vn -0.5825 0.8104 0.0622
vn -0.8203 0.5596 0.1186
vn -0.9579 0.2381 0.1607
vn -0.9833 -0.0289 0.1795
vn -0.8921 -0.4130 0.1835
vn -0.6426 -0.7501 0.1563
vn -0.3959 -0.9104 0.1202
vn -0.1877 -0.9784 0.0861
vn -0.0043 -0.9985 0.0540
vn 0.1728 -0.9847 0.0212
vn 0.3616 -0.9322 -0.0158
vn 0.5781 -0.8137 -0.0612
vn 0.8175 -0.5637 -0.1179
vn 0.9575 -0.2396 -0.1605
vn 0.9833 0.0285 -0.1795
vn 0.8910 0.4153 -0.1834
vn 0.6390 0.7532 -0.1558
vn 0.3913 0.9125 -0.1195
vn 0.1829 0.9794 -0.0853
vn -0.0024 0.9984 -0.0560
vn -0.1734 0.9847 -0.0148
vn -0.3547 0.9345 0.0309
vn -0.5629 0.8220 0.0864
vn -0.7971 0.5835 0.1553
vn -0.9407 0.2686 0.2070
vn -0.9732 -0.0011 0.2300
vn -0.8875 -0.3981 0.2322
vn -0.6352 -0.7480 0.1924
vn -0.3871 -0.9109 0.1430
vn -0.1811 -0.9786 0.0982
vn -0.0022 -0.9984 0.0571
vn 0.1689 -0.9855 0.0159
vn 0.3502 -0.9362 -0.0297
vn 0.5588 -0.8249 -0.0853
vn 0.7946 -0.5871 -0.1545
vn 0.9405 -0.2697 -0.2069
vn 0.9732 0.0010 -0.2300
vn 0.8862 0.4009 -0.2321
vn 0.6315 0.7513 -0.1917
vn 0.3825 0.9130 -0.1421
vn 0.1764 0.9795 -0.0971
vn -0.0036 0.9983 -0.0575
vn -0.1675 0.9858 -0.0088
vn -0.3405 0.9392 0.0447
vn -0.5402 0.8344 0.1094
vn -0.7705 0.6084 0.1902
vn -0.9200 0.2998 0.2522
vn -0.9597 0.0269 0.2798
vn -0.8795 -0.3845 0.2805
vn -0.6245 -0.7473 0.2270
vn -0.3760 -0.9120 0.1638
vn -0.1737 -0.9788 0.1084
vn -0.0006 -0.9983 0.0588
vn 0.1634 -0.9865 0.0100
vn 0.3366 -0.9406 -0.0435
vn 0.5367 -0.8368 -0.1083
vn 0.7684 -0.6113 -0.1894
vn 0.9198 -0.3006 -0.2521
vn 0.9597 -0.0267 -0.2799
vn 0.8781 0.3878 -0.2803
vn 0.6207 0.7508 -0.2261
vn 0.3715 0.9141 -0.1626
vn 0.1693 0.9797 -0.1072
vn -0.0039 0.9983 -0.0580
vn -0.1600 0.9871 -0.0024
vn -0.3244 0.9441 0.0580
vn -0.5155 0.8469 0.1309
vn -0.7412 0.6331 0.2230
vn -0.8963 0.3307 0.2954
vn -0.9430 0.0542 0.3283
vn -0.8683 -0.3726 0.3274
vn -0.6109 -0.7481 0.2592
vn -0.3636 -0.9136 0.1821
vn -0.1663 -0.9792 0.1166
vn 0.0001 -0.9982 0.0593
vn 0.1564 -0.9877 0.0037
vn 0.3211 -0.9454 -0.0567
vn 0.5125 -0.8488 -0.1297
vn 0.7395 -0.6354 -0.2222
vn 0.8962 -0.3312 -0.2954
vn 0.9430 -0.0536 -0.3283
vn 0.8668 0.3765 -0.3271
vn 0.6071 0.7516 -0.2581
vn 0.3593 0.9156 -0.1807
vn 0.1622 0.9800 -0.1153
vn -0.0029 0.9984 -0.0573
vn -0.1510 0.9885 0.0041
vn -0.3069 0.9491 0.0704
vn -0.4894 0.8590 0.1505
vn -0.7104 0.6567 0.2531
vn -0.8702 0.3602 0.3361
vn -0.9238 0.0798 0.3746
vn -0.8543 -0.3630 0.3720
vn -0.5952 -0.7500 0.2883
vn -0.3506 -0.9154 0.1976
vn -0.1595 -0.9795 0.1229
vn -0.0004 -0.9983 0.0587
vn 0.1480 -0.9890 -0.0028
vn 0.3041 -0.9501 -0.0691
vn 0.4870 -0.8605 -0.1495
vn 0.7091 -0.6584 -0.2525
vn 0.8702 -0.3603 -0.3361
vn 0.9238 -0.0789 -0.3746
vn 0.8527 0.3672 -0.3716
vn 0.5915 0.7535 -0.2870
vn 0.3466 0.9173 -0.1961
vn 0.1558 0.9803 -0.1214
vn -0.0006 0.9984 -0.0559
vn -0.1409 0.9900 0.0105
vn -0.2886 0.9539 0.0819
vn -0.4628 0.8704 0.1684
vn -0.6788 0.6786 0.2806
vn -0.8427 0.3873 0.3740
vn -0.9026 0.1030 0.4181
vn -0.8381 -0.3557 0.4136
vn -0.5784 -0.7529 0.3140
vn -0.3379 -0.9174 0.2103
vn -0.1537 -0.9799 0.1273
vn -0.0022 -0.9984 0.0572
vn 0.1383 -0.9903 -0.0093
vn 0.2863 -0.9547 -0.0807
vn 0.4608 -0.8716 -0.1674
vn 0.6779 -0.6797 -0.2801
vn 0.8428 -0.3872 -0.3740
vn 0.9026 -0.1018 -0.4182
vn 0.8364 0.3603 -0.4131
vn 0.5747 0.7564 -0.3125
vn 0.3342 0.9191 -0.2087
vn 0.1505 0.9806 -0.1259
vn 0.0031 0.9985 -0.0538
vn -0.1298 0.9914 0.0168
vn -0.2698 0.9585 0.0924
vn -0.4362 0.8807 0.1844
vn -0.6473 0.6984 0.3054
vn -0.8145 0.4117 0.4087
vn -0.8802 0.1233 0.4584
vn -0.8204 -0.3507 0.4516
vn -0.5613 -0.7564 0.3359
vn -0.3262 -0.9193 0.2203
vn -0.1495 -0.9802 0.1302
vn -0.0055 -0.9985 0.0551
vn 0.1277 -0.9917 -0.0156
vn 0.2679 -0.9591 -0.0914
vn 0.4348 -0.8816 -0.1836
vn 0.6467 -0.6990 -0.3050
vn 0.8147 -0.4113 -0.4088
vn 0.8803 -0.1218 -0.4585
vn 0.8187 0.3556 -0.4509
vn 0.5578 0.7597 -0.3342
vn 0.3229 0.9208 -0.2186
vn 0.1467 0.9808 -0.1287
vn 0.0069 0.9986 -0.0517
vn -0.1185 0.9927 0.0226
vn -0.2509 0.9626 0.1022
vn -0.4097 0.8902 0.1993
vn -0.6152 0.7165 0.3289
vn -0.7847 0.4343 0.4423
vn -0.8555 0.1416 0.4981
vn -0.8001 -0.3478 0.4887
vn -0.5426 -0.7606 0.3564
vn -0.3143 -0.9212 0.2293
vn -0.1456 -0.9804 0.1326
vn -0.0092 -0.9986 0.0530
vn 0.1165 -0.9930 -0.0214
vn 0.2491 -0.9632 -0.1011
vn 0.4081 -0.8911 -0.1983
vn 0.6145 -0.7173 -0.3284
vn 0.7848 -0.4340 -0.4424
vn 0.8556 -0.1403 -0.4982
vn 0.7985 0.3525 -0.4880
vn 0.5393 0.7638 -0.3546
vn 0.3112 0.9227 -0.2276
vn 0.1429 0.9810 -0.1311
vn 0.0092 0.9987 -0.0503
vn -0.1075 0.9938 0.0280
vn -0.2310 0.9665 0.1118
vn -0.3803 0.8996 0.2145
vn -0.5780 0.7353 0.3539
vn -0.7480 0.4586 0.4798
vn -0.8238 0.1612 0.5435
vn -0.7728 -0.3464 0.5318
vn -0.5179 -0.7664 0.3800
vn -0.2983 -0.9238 0.2401
vn -0.1392 -0.9808 0.1363
vn -0.0118 -0.9986 0.0520
vn 0.1052 -0.9941 -0.0264
vn 0.2288 -0.9672 -0.1102
vn 0.3783 -0.9008 -0.2131
vn 0.5768 -0.7367 -0.3530
vn 0.7480 -0.4587 -0.4797
vn 0.8239 -0.1602 -0.5436
vn 0.7712 0.3511 -0.5310
vn 0.5145 0.7698 -0.3779
vn 0.2949 0.9254 -0.2380
vn 0.1362 0.9815 -0.1344
vn 0.0106 0.9987 -0.0496
vn -0.0958 0.9949 0.0329
vn -0.2085 0.9705 0.1211
vn -0.3460 0.9096 0.2300
vn -0.5327 0.7558 0.3808
vn -0.7010 0.4858 0.5222
vn -0.7812 0.1831 0.5968
vn -0.7350 -0.3463 0.5830
vn -0.4848 -0.7741 0.4071
vn -0.2768 -0.9272 0.2525
vn -0.1296 -0.9815 0.1409
vn -0.0131 -0.9986 0.0515
vn 0.0934 -0.9951 -0.0311
vn 0.2063 -0.9712 -0.1193
vn 0.3439 -0.9108 -0.2283
vn 0.5313 -0.7574 -0.3796
vn 0.7009 -0.4860 -0.5221
vn 0.7813 -0.1821 -0.5969
vn 0.7334 0.3514 -0.5819
vn 0.4812 0.7777 -0.4045
vn 0.2734 0.9288 -0.2500
vn 0.1267 0.9822 -0.1387
vn 0.0115 0.9987 -0.0492
vn -0.0832 0.9958 0.0374
vn -0.1837 0.9743 0.1300
vn -0.3075 0.9194 0.2451
vn -0.4800 0.7767 0.4079
vn -0.6433 0.5143 0.5672
vn -0.7268 0.2060 0.6553
vn -0.6856 -0.3484 0.6392
vn -0.4437 -0.7834 0.4353
vn -0.2510 -0.9310 0.2651
vn -0.1180 -0.9823 0.1457
vn -0.0139 -0.9986 0.0513
vn 0.0810 -0.9961 -0.0353
vn 0.1816 -0.9750 -0.1280
vn 0.3055 -0.9206 -0.2432
vn 0.4785 -0.7783 -0.4065
vn 0.6431 -0.5147 -0.5670
vn 0.7269 -0.2051 -0.6554
vn 0.6840 0.3537 -0.6379
vn 0.4403 0.7870 -0.4323
vn 0.2478 0.9327 -0.2622
vn 0.1153 0.9830 -0.1432
vn 0.0118 0.9987 -0.0490
vn -0.0702 0.9967 0.0413
vn -0.1574 0.9779 0.1379
vn -0.2658 0.9286 0.2589
vn -0.4206 0.7968 0.4339
vn -0.5747 0.5428 0.6125
vn -0.6589 0.2289 0.7165
vn -0.6231 -0.3527 0.6981
vn -0.3949 -0.7936 0.4629
vn -0.2212 -0.9351 0.2770
vn -0.1044 -0.9831 0.1503
vn -0.0140 -0.9986 0.0514
vn 0.0682 -0.9969 -0.0391
vn 0.1555 -0.9785 -0.1357
vn 0.2639 -0.9297 -0.2568
vn 0.4191 -0.7985 -0.4322
vn 0.5744 -0.5433 -0.6123
vn 0.6590 -0.2282 -0.7167
vn 0.6217 0.3580 -0.6967
vn 0.3917 0.7971 -0.4596
vn 0.2183 0.9366 -0.2739
vn 0.1020 0.9838 -0.1476
vn 0.0114 0.9987 -0.0491
vn -0.0573 0.9974 0.0444
vn -0.1306 0.9808 0.1445
vn -0.2224 0.9366 0.2708
vn -0.3564 0.8148 0.4571
vn -0.4962 0.5695 0.6554
vn -0.5777 0.2507 0.7768
vn -0.5474 -0.3586 0.7562
vn -0.3393 -0.8040 0.4883
vn -0.1883 -0.9390 0.2876
vn -0.0892 -0.9840 0.1544
vn -0.0132 -0.9986 0.0515
vn 0.0557 -0.9976 -0.0421
vn 0.1290 -0.9814 -0.1423
vn 0.2208 -0.9376 -0.2686
vn 0.3551 -0.8165 -0.4552
vn 0.4959 -0.5701 -0.6550
vn 0.5777 -0.2502 -0.7769
vn 0.5461 0.3638 -0.7546
vn 0.3366 0.8073 -0.4848
vn 0.1860 0.9405 -0.2845
vn 0.0872 0.9846 -0.1517
vn 0.0102 0.9987 -0.0495
vn -0.0453 0.9979 0.0467
vn -0.1045 0.9832 0.1496
vn -0.1792 0.9431 0.2803
vn -0.2903 0.8300 0.4763
vn -0.4109 0.5927 0.6927
vn -0.4853 0.2698 0.8317
vn -0.4605 -0.3655 0.8090
vn -0.2795 -0.8136 0.5099
vn -0.1539 -0.9426 0.2964
vn -0.0730 -0.9848 0.1578
vn -0.0115 -0.9986 0.0518
vn 0.0440 -0.9980 -0.0444
vn 0.1032 -0.9837 -0.1474
vn 0.1779 -0.9440 -0.2780
vn 0.2892 -0.8315 -0.4743
vn 0.4107 -0.5934 -0.6923
vn 0.4853 -0.2695 -0.8318
vn 0.4594 0.3702 -0.8074
vn 0.2774 0.8165 -0.5063
vn 0.1520 0.9438 -0.2934
vn 0.0715 0.9853 -0.1552
vn 0.0081 0.9987 -0.0499
vn -0.0347 0.9982 0.0482
vn -0.0803 0.9849 0.1533
vn -0.1383 0.9479 0.2872
vn -0.2257 0.8415 0.4909
vn -0.3236 0.6111 0.7224
vn -0.3866 0.2854 0.8770
vn -0.3669 -0.3720 0.8526
vn -0.2186 -0.8215 0.5266
vn -0.1193 -0.9454 0.3031
vn -0.0565 -0.9854 0.1605
vn -0.0091 -0.9986 0.0521
vn 0.0338 -0.9984 -0.0461
vn 0.0794 -0.9853 -0.1511
vn 0.1373 -0.9487 -0.2849
vn 0.2248 -0.8430 -0.4887
vn 0.3233 -0.6119 -0.7219
vn 0.3866 -0.2853 -0.8770
vn 0.3662 0.3760 -0.8512
vn 0.2171 0.8240 -0.5233
vn 0.1180 0.9465 -0.3002
vn 0.0555 0.9859 -0.1580
vn 0.0052 0.9987 -0.0503
vn -0.0259 0.9985 0.0490
vn -0.0591 0.9861 0.1556
vn -0.1013 0.9511 0.2917
vn -0.1657 0.8496 0.5008
vn -0.2393 0.6244 0.7435
vn -0.2881 0.2970 0.9104
vn -0.2730 -0.3771 0.8850
vn -0.1598 -0.8273 0.5385
vn -0.0863 -0.9475 0.3078
vn -0.0404 -0.9859 0.1623
vn -0.0058 -0.9986 0.0523
vn 0.0253 -0.9986 -0.0471
vn 0.0585 -0.9864 -0.1536
vn 0.1007 -0.9518 -0.2896
vn 0.1650 -0.8509 -0.4987
vn 0.2391 -0.6252 -0.7429
vn 0.2880 -0.2971 -0.9104
vn 0.2725 0.3803 -0.8838
vn 0.1588 0.8294 -0.5356
vn 0.0855 0.9484 -0.3052
vn 0.0397 0.9863 -0.1601
vn 0.0017 0.9987 -0.0508
vn -0.0191 0.9986 0.0494
vn -0.0413 0.9868 0.1568
vn -0.0696 0.9532 0.2943
vn -0.1128 0.8547 0.5068
vn -0.1627 0.6331 0.7568
vn -0.1962 0.3048 0.9320
vn -0.1847 -0.3804 0.9062
vn -0.1059 -0.8311 0.5460
vn -0.0560 -0.9489 0.3107
vn -0.0252 -0.9862 0.1635
vn -0.0020 -0.9986 0.0525
vn 0.0188 -0.9987 -0.0478
vn 0.0410 -0.9870 -0.1551
vn 0.0692 -0.9538 -0.2925
vn 0.1124 -0.8559 -0.5048
vn 0.1626 -0.6339 -0.7562
vn 0.1961 -0.3050 -0.9319
vn 0.1845 0.3827 -0.9053
vn 0.1054 0.8327 -0.5436
vn 0.0556 0.9496 -0.3085
vn 0.0248 0.9865 -0.1616
vn -0.0024 0.9987 -0.0511
vn -0.0145 0.9987 0.0495
vn -0.0273 0.9872 0.1574
vn -0.0436 0.9543 0.2956
vn -0.0684 0.8576 0.5098
vn -0.0969 0.6381 0.7638
vn -0.1157 0.3096 0.9438
vn -0.1067 -0.3819 0.9180
vn -0.0587 -0.8330 0.5501
vn -0.0293 -0.9496 0.3122
vn -0.0112 -0.9864 0.1640
vn 0.0023 -0.9986 0.0525
vn 0.0143 -0.9987 -0.0481
vn 0.0271 -0.9874 -0.1559
vn 0.0434 -0.9548 -0.2940
vn 0.0682 -0.8587 -0.5080
vn 0.0968 -0.6389 -0.7632
vn 0.1156 -0.3101 -0.9437
vn 0.1066 0.3834 -0.9174
vn 0.0585 0.8343 -0.5482
vn 0.0290 0.9501 -0.3105
vn 0.0110 0.9866 -0.1625
vn -0.0069 0.9987 -0.0514
vn -0.0118 0.9987 0.0494
vn -0.0170 0.9874 0.1575
vn -0.0234 0.9549 0.2960
vn -0.0329 0.8591 0.5108
vn -0.0433 0.6408 0.7665
vn -0.0491 0.3123 0.9487
vn -0.0414 -0.3820 0.9232
vn -0.0190 -0.8337 0.5519
vn -0.0063 -0.9498 0.3128
vn 0.0013 -0.9864 0.1642
vn 0.0068 -0.9986 0.0525
vn 0.0117 -0.9988 -0.0483
vn 0.0169 -0.9876 -0.1563
vn 0.0233 -0.9553 -0.2946
vn 0.0329 -0.8600 -0.5092
vn 0.0433 -0.6416 -0.7659
vn 0.0491 -0.3131 -0.9484
vn 0.0413 0.3827 -0.9229
vn 0.0190 0.8346 -0.5505
vn 0.0062 0.9502 -0.3115
vn -0.0013 0.9866 -0.1631
vn -0.0127 0.9986 -0.0515
vn -0.0118 0.9987 0.0493
vn -0.0106 0.9875 0.1575
vn -0.0089 0.9552 0.2960
vn -0.0058 0.8596 0.5109
vn -0.0007 0.6419 0.7668
vn 0.0050 0.3139 0.9495
vn 0.0132 -0.3814 0.9243
vn 0.0153 -0.8335 0.5522
vn 0.0145 -0.9497 0.3129
vn 0.0136 -0.9863 0.1642
vn 0.0127 -0.9985 0.0524
vn 0.0118 -0.9988 -0.0484
vn 0.0106 -0.9876 -0.1564
vn 0.0090 -0.9556 -0.2946
vn 0.0058 -0.8606 -0.5092
vn 0.0008 -0.6430 -0.7659
vn -0.0049 -0.3152 -0.9490
vn -0.0132 0.3807 -0.9246
vn -0.0153 0.8340 -0.5516
vn -0.0145 0.9500 -0.3120
vn -0.0136 0.9865 -0.1634
vn -0.0205 0.9985 -0.0514
vn -0.0137 0.9987 0.0495
vn -0.0061 0.9875 0.1575
vn 0.0038 0.9552 0.2959
vn 0.0199 0.8598 0.5103
vn 0.0409 0.6425 0.7652
vn 0.0588 0.3155 0.9471
vn 0.0690 -0.3789 0.9229
vn 0.0516 -0.8322 0.5520
vn 0.0374 -0.9491 0.3129
vn 0.0279 -0.9860 0.1642
vn 0.0206 -0.9984 0.0524
vn 0.0137 -0.9987 -0.0483
vn 0.0062 -0.9877 -0.1562
vn -0.0037 -0.9557 -0.2942
vn -0.0198 -0.8610 -0.5082
vn -0.0408 -0.6439 -0.7641
vn -0.0587 -0.3171 -0.9466
vn -0.0690 0.3779 -0.9233
vn -0.0515 0.8327 -0.5513
vn -0.0373 0.9494 -0.3118
vn -0.0278 0.9862 -0.1632
vn -0.0284 0.9983 -0.0510
vn -0.0144 0.9987 0.0496
vn 0.0009 0.9875 0.1574
vn 0.0209 0.9552 0.2951
vn 0.0527 0.8596 0.5082
vn 0.0926 0.6428 0.7604
vn 0.1246 0.3176 0.9400
vn 0.1362 -0.3732 0.9177
vn 0.0947 -0.8293 0.5508
vn 0.0639 -0.9478 0.3124
vn 0.0439 -0.9855 0.1640
vn 0.0286 -0.9982 0.0524
vn 0.0146 -0.9987 -0.0482
vn -0.0007 -0.9878 -0.1558
vn -0.0206 -0.9558 -0.2933
vn -0.0524 -0.8609 -0.5061
vn -0.0924 -0.6440 -0.7595
vn -0.1245 -0.3188 -0.9396
vn -0.1362 0.3735 -0.9176
vn -0.0945 0.8302 -0.5493
vn -0.0637 0.9483 -0.3109
vn -0.0438 0.9857 -0.1626
vn -0.0349 0.9981 -0.0505
vn -0.0120 0.9987 0.0496
vn 0.0127 0.9876 0.1567
vn 0.0446 0.9549 0.2934
vn 0.0949 0.8586 0.5038
vn 0.1563 0.6417 0.7508
vn 0.2038 0.3194 0.9255
vn 0.2153 -0.3645 0.9060
vn 0.1442 -0.8243 0.5474
vn 0.0931 -0.9458 0.3110
vn 0.0603 -0.9847 0.1633
vn 0.0353 -0.9980 0.0522
vn 0.0124 -0.9988 -0.0480
vn -0.0123 -0.9878 -0.1550
vn -0.0442 -0.9556 -0.2914
vn -0.0944 -0.8599 -0.5016
vn -0.1561 -0.6427 -0.7500
vn -0.2037 -0.3201 -0.9252
vn -0.2152 0.3661 -0.9053
vn -0.1438 0.8259 -0.5452
vn -0.0927 0.9465 -0.3090
vn -0.0599 0.9850 -0.1615
vn -0.0395 0.9980 -0.0500
vn -0.0064 0.9988 0.0493
vn 0.0293 0.9874 0.1553
vn 0.0751 0.9541 0.2901
vn 0.1461 0.8559 0.4960
vn 0.2308 0.6382 0.7345
vn 0.2936 0.3197 0.9009
vn 0.3037 -0.3526 0.8851
vn 0.1993 -0.8172 0.5409
vn 0.1246 -0.9431 0.3084
vn 0.0767 -0.9838 0.1622
vn 0.0401 -0.9978 0.0519
vn 0.0070 -0.9989 -0.0474
vn -0.0286 -0.9878 -0.1533
vn -0.0744 -0.9547 -0.2880
vn -0.1454 -0.8573 -0.4939
vn -0.2305 -0.6390 -0.7339
vn -0.2936 -0.3199 -0.9008
vn -0.3034 0.3557 -0.8840
vn -0.1984 0.8193 -0.5380
vn -0.1237 0.9440 -0.3059
vn -0.0759 0.9842 -0.1600
vn -0.0420 0.9979 -0.0495
vn 0.0027 0.9988 0.0483
vn 0.0507 0.9870 0.1526
vn 0.1118 0.9521 0.2846
vn 0.2049 0.8507 0.4840
vn 0.3127 0.6307 0.7102
vn 0.3895 0.3170 0.8647
vn 0.3969 -0.3383 0.8532
vn 0.2582 -0.8076 0.5302
vn 0.1574 -0.9395 0.3042
vn 0.0925 -0.9827 0.1605
vn 0.0430 -0.9977 0.0517
vn -0.0018 -0.9989 -0.0462
vn -0.0497 -0.9874 -0.1505
vn -0.1108 -0.9529 -0.2825
vn -0.2040 -0.8521 -0.4821
vn -0.3125 -0.6313 -0.7098
vn -0.3895 -0.3166 -0.8649
vn -0.3963 0.3430 -0.8517
vn -0.2567 0.8104 -0.5267
vn -0.1561 0.9407 -0.3013
vn -0.0914 0.9832 -0.1580
vn -0.0423 0.9979 -0.0494
vn 0.0151 0.9988 0.0464
vn 0.0762 0.9860 0.1483
vn 0.1535 0.9487 0.2765
vn 0.2690 0.8422 0.4672
vn 0.3979 0.6183 0.6778
vn 0.4854 0.3102 0.8174
vn 0.4891 -0.3232 0.8101
vn 0.3183 -0.7961 0.5147
vn 0.1905 -0.9353 0.2983
vn 0.1072 -0.9816 0.1582
vn 0.0437 -0.9977 0.0517
vn -0.0138 -0.9989 -0.0442
vn -0.0750 -0.9864 -0.1462
vn -0.1522 -0.9495 -0.2744
vn -0.2679 -0.8435 -0.4655
vn -0.3977 -0.6187 -0.6775
vn -0.4856 -0.3093 -0.8177
vn -0.4881 0.3292 -0.8083
vn -0.3160 0.7995 -0.5108
vn -0.1885 0.9367 -0.2950
vn -0.1056 0.9822 -0.1555
vn -0.0403 0.9980 -0.0497
vn 0.0302 0.9986 0.0434
vn 0.1050 0.9843 0.1422
vn 0.1984 0.9434 0.2656
vn 0.3351 0.8300 0.4458
vn 0.4813 0.6009 0.6382
vn 0.5753 0.2986 0.7615
vn 0.5743 -0.3092 0.7580
vn 0.3763 -0.7834 0.4946
vn 0.2223 -0.9307 0.2905
vn 0.1203 -0.9805 0.1555
vn 0.0421 -0.9978 0.0521
vn -0.0285 -0.9987 -0.0412
vn -0.1034 -0.9847 -0.1401
vn -0.1969 -0.9443 -0.2637
vn -0.3340 -0.8312 -0.4444
vn -0.4812 -0.6010 -0.6382
vn -0.5756 -0.2972 -0.7618
vn -0.5729 0.3162 -0.7561
vn -0.3733 0.7874 -0.4905
vn -0.2197 0.9324 -0.2870
vn -0.1182 0.9812 -0.1527
vn -0.0363 0.9981 -0.0507
vn 0.0472 0.9981 0.0391
vn 0.1355 0.9816 0.1342
vn 0.2446 0.9363 0.2521
vn 0.4000 0.8143 0.4207
vn 0.5587 0.5787 0.5941
vn 0.6549 0.2824 0.7010
vn 0.6482 -0.2983 0.7006
vn 0.4294 -0.7707 0.4708
vn 0.2515 -0.9261 0.2813
vn 0.1313 -0.9795 0.1526
vn 0.0385 -0.9978 0.0531
vn -0.0452 -0.9983 -0.0370
vn -0.1337 -0.9822 -0.1323
vn -0.2429 -0.9372 -0.2503
vn -0.3990 -0.8153 -0.4195
vn -0.5588 -0.5786 -0.5942
vn -0.6553 -0.2806 -0.7014
vn -0.6465 0.3060 -0.6988
vn -0.4256 0.7752 -0.4668
vn -0.2483 0.9280 -0.2778
vn -0.1286 0.9803 -0.1498
vn -0.0307 0.9982 -0.0525
vn 0.0653 0.9973 0.0336
vn 0.1664 0.9782 0.1246
vn 0.2898 0.9275 0.2364
vn 0.4609 0.7957 0.3930
vn 0.6274 0.5532 0.5481
vn 0.7220 0.2624 0.6402
vn 0.7089 -0.2917 0.6422
vn 0.4753 -0.7592 0.4447
vn 0.2770 -0.9218 0.2711
vn 0.1398 -0.9788 0.1497
vn 0.0332 -0.9979 0.0547
vn -0.0631 -0.9975 -0.0316
vn -0.1644 -0.9787 -0.1228
vn -0.2881 -0.9284 -0.2348
vn -0.4601 -0.7966 -0.3922
vn -0.6276 -0.5528 -0.5483
vn -0.7224 -0.2604 -0.6406
vn -0.7069 0.2996 -0.6407
vn -0.4710 0.7640 -0.4409
vn -0.2733 0.9239 -0.2678
vn -0.1368 0.9796 -0.1470
vn -0.0241 0.9982 -0.0550
vn 0.0835 0.9961 0.0270
vn 0.1962 0.9739 0.1137
vn 0.3323 0.9173 0.2193
vn 0.5160 0.7752 0.3644
vn 0.6860 0.5257 0.5030
vn 0.7766 0.2399 0.5825
vn 0.7563 -0.2897 0.5865
vn 0.5129 -0.7498 0.4181
vn 0.2981 -0.9183 0.2607
vn 0.1460 -0.9783 0.1471
vn 0.0268 -0.9980 0.0570
vn -0.0812 -0.9964 -0.0252
vn -0.1942 -0.9745 -0.1121
vn -0.3307 -0.9182 -0.2180
vn -0.5153 -0.7759 -0.3639
vn -0.6863 -0.5250 -0.5033
vn -0.7770 -0.2377 -0.5829
vn -0.7543 0.2975 -0.5853
vn -0.5084 0.7547 -0.4148
vn -0.2941 0.9204 -0.2577
vn -0.1428 0.9791 -0.1447
vn -0.0169 0.9982 -0.0583
vn 0.1010 0.9947 0.0196
vn 0.2241 0.9692 0.1019
vn 0.3710 0.9064 0.2017
vn 0.5643 0.7540 0.3363
vn 0.7349 0.4976 0.4608
vn 0.8199 0.2161 0.5302
vn 0.7922 -0.2918 0.5359
vn 0.5424 -0.7428 0.3926
vn 0.3148 -0.9155 0.2507
vn 0.1500 -0.9780 0.1450
vn 0.0196 -0.9980 0.0600
vn -0.0987 -0.9950 -0.0181
vn -0.2221 -0.9698 -0.1006
vn -0.3695 -0.9073 -0.2007
vn -0.5639 -0.7544 -0.3360
vn -0.7352 -0.4968 -0.4611
vn -0.8202 -0.2139 -0.5305
vn -0.7901 0.2993 -0.5349
vn -0.5379 0.7475 -0.3898
vn -0.3107 0.9175 -0.2481
vn -0.1467 0.9788 -0.1429
vn -0.0101 0.9980 -0.0620
vn 0.1165 0.9931 0.0121
vn 0.2482 0.9645 0.0905
vn 0.4038 0.8959 0.1852
vn 0.6040 0.7339 0.3110
vn 0.7731 0.4714 0.4244
vn 0.8522 0.1934 0.4861
vn 0.8175 -0.2970 0.4934
vn 0.5636 -0.7384 0.3702
vn 0.3267 -0.9136 0.2419
vn 0.1520 -0.9779 0.1436
vn 0.0124 -0.9979 0.0633
vn -0.1145 -0.9934 -0.0109
vn -0.2465 -0.9650 -0.0895
vn -0.4027 -0.8966 -0.1844
vn -0.6038 -0.7341 -0.3108
vn -0.7735 -0.4706 -0.4246
vn -0.8525 -0.1914 -0.4864
vn -0.8157 0.3032 -0.4927
vn -0.5597 0.7425 -0.3681
vn -0.3232 0.9154 -0.2399
vn -0.1491 0.9786 -0.1419
vn -0.0040 0.9979 -0.0654
vn 0.1298 0.9915 0.0051
vn 0.2689 0.9599 0.0799
vn 0.4319 0.8858 0.1699
vn 0.6371 0.7148 0.2882
vn 0.8039 0.4469 0.3925
vn 0.8772 0.1716 0.4484
vn 0.8360 -0.3037 0.4570
vn 0.5799 -0.7356 0.3503
vn 0.3364 -0.9122 0.2340
vn 0.1536 -0.9778 0.1424
vn 0.0064 -0.9978 0.0667
vn -0.1278 -0.9918 -0.0040
vn -0.2671 -0.9604 -0.0789
vn -0.4306 -0.8865 -0.1692
vn -0.6368 -0.7152 -0.2881
vn -0.8041 -0.4462 -0.3927
vn -0.8774 -0.1699 -0.4486
vn -0.8343 0.3093 -0.4564
vn -0.5761 0.7394 -0.3485
vn -0.3329 0.9139 -0.2323
vn -0.1507 0.9785 -0.1410
vn 0.0013 0.9976 -0.0685
vn 0.1425 0.9898 -0.0021
vn 0.2892 0.9548 0.0686
vn 0.4597 0.8747 0.1537
vn 0.6698 0.6940 0.2642
vn 0.8333 0.4201 0.3594
vn 0.9003 0.1474 0.4096
vn 0.8524 -0.3126 0.4191
vn 0.5953 -0.7334 0.3284
vn 0.3466 -0.9107 0.2247
vn 0.1564 -0.9776 0.1407
vn 0.0016 -0.9976 0.0699
vn -0.1400 -0.9901 0.0033
vn -0.2870 -0.9556 -0.0676
vn -0.4580 -0.8757 -0.1529
vn -0.6692 -0.6947 -0.2639
vn -0.8335 -0.4195 -0.3596
vn -0.9005 -0.1457 -0.4098
vn -0.8506 0.3182 -0.4186
vn -0.5911 0.7375 -0.3267
vn -0.3425 0.9127 -0.2230
vn -0.1529 0.9784 -0.1391
vn 0.0057 0.9974 -0.0715
vn 0.1550 0.9879 -0.0101
vn 0.3100 0.9491 0.0558
vn 0.4888 0.8619 0.1350
vn 0.7039 0.6697 0.2368
vn 0.8631 0.3887 0.3223
vn 0.9228 0.1187 0.3666
vn 0.8674 -0.3249 0.3769
vn 0.6102 -0.7322 0.3025
vn 0.3576 -0.9093 0.2128
vn 0.1603 -0.9774 0.1376
vn -0.0023 -0.9973 0.0729
vn -0.1520 -0.9883 0.0114
vn -0.3073 -0.9500 -0.0547
vn -0.4867 -0.8632 -0.1341
vn -0.7030 -0.6708 -0.2363
vn -0.8633 -0.3884 -0.3224
vn -0.9229 -0.1171 -0.3668
vn -0.8655 0.3304 -0.3765
vn -0.6058 0.7365 -0.3010
vn -0.3531 0.9115 -0.2111
vn -0.1563 0.9783 -0.1360
vn 0.0092 0.9972 -0.0742
vn 0.1668 0.9858 -0.0187
vn 0.3307 0.9428 0.0414
vn 0.5184 0.8475 0.1139
vn 0.7383 0.6422 0.2060
vn 0.8921 0.3533 0.2817
vn 0.9434 0.0857 0.3202
vn 0.8798 -0.3409 0.3313
vn 0.6236 -0.7326 0.2729
vn 0.3687 -0.9082 0.1982
vn 0.1651 -0.9773 0.1330
vn -0.0052 -0.9971 0.0756
vn -0.1632 -0.9864 0.0200
vn -0.3275 -0.9440 -0.0402
vn -0.5158 -0.8492 -0.1128
vn -0.7371 -0.6438 -0.2055
vn -0.8921 -0.3532 -0.2817
vn -0.9435 -0.0844 -0.3204
vn -0.8778 0.3462 -0.3310
vn -0.6189 0.7370 -0.2716
vn -0.3637 0.9105 -0.1967
vn -0.1606 0.9782 -0.1315
vn 0.0116 0.9970 -0.0764
vn 0.1774 0.9837 -0.0278
vn 0.3504 0.9362 0.0256
vn 0.5473 0.8321 0.0903
vn 0.7716 0.6123 0.1722
vn 0.9188 0.3147 0.2382
vn 0.9612 0.0494 0.2715
vn 0.8887 -0.3603 0.2835
vn 0.6342 -0.7349 0.2405
vn 0.3788 -0.9076 0.1811
vn 0.1702 -0.9772 0.1269
vn -0.0071 -0.9970 0.0777
vn -0.1733 -0.9844 0.0290
vn -0.3467 -0.9377 -0.0244
vn -0.5443 -0.8341 -0.0893
vn -0.7702 -0.6143 -0.1716
vn -0.9188 -0.3147 -0.2382
vn -0.9612 -0.0483 -0.2716
vn -0.8867 0.3653 -0.2833
vn -0.6294 0.7392 -0.2395
vn -0.3735 0.9100 -0.1798
vn -0.1653 0.9782 -0.1256
vn 0.0129 0.9969 -0.0779
vn 0.1865 0.9818 -0.0371
vn 0.3684 0.9296 0.0086
vn 0.5743 0.8161 0.0648
vn 0.8026 0.5809 0.1360
vn 0.9422 0.2740 0.1928
vn 0.9751 0.0109 0.2216
vn 0.8936 -0.3825 0.2349
vn 0.6411 -0.7392 0.2063
vn 0.3870 -0.9077 0.1620
vn 0.1752 -0.9773 0.1193
vn -0.0081 -0.9968 0.0790
vn -0.1819 -0.9826 0.0382
vn -0.3642 -0.9313 -0.0075
vn -0.5709 -0.8185 -0.0639
vn -0.8009 -0.5833 -0.1354
vn -0.9421 -0.2743 -0.1927
vn -0.9751 -0.0100 -0.2217
vn -0.8916 0.3870 -0.2349
vn -0.6365 0.7434 -0.2055
vn -0.3817 0.9102 -0.1609
vn -0.1700 0.9783 -0.1182
vn 0.0134 0.9968 -0.0787
vn 0.1936 0.9800 -0.0463
vn 0.3838 0.9234 -0.0089
vn 0.5984 0.8003 0.0380
vn 0.8299 0.5491 0.0983
vn 0.9614 0.2328 0.1467
vn 0.9847 -0.0285 0.1719
vn 0.8942 -0.4067 0.1870
vn 0.6440 -0.7456 0.1715
vn 0.3927 -0.9087 0.1415
vn 0.1794 -0.9776 0.1103
vn -0.0084 -0.9968 0.0795
vn -0.1888 -0.9809 0.0472
vn -0.3793 -0.9252 0.0098
vn -0.5947 -0.8031 -0.0372
vn -0.8281 -0.5520 -0.0978
vn -0.9613 -0.2333 -0.1466
vn -0.9847 0.0291 -0.1719
vn -0.8924 0.4107 -0.1870
vn -0.6396 0.7495 -0.1710
vn -0.3875 0.9111 -0.1407
vn -0.1741 0.9786 -0.1095
vn 0.0133 0.9968 -0.0785
vn 0.1988 0.9785 -0.0549
vn 0.3962 0.9178 -0.0265
vn 0.6188 0.7855 0.0108
vn 0.8530 0.5185 0.0602
vn 0.9761 0.1926 0.1011
vn 0.9900 -0.0672 0.1236
vn 0.8909 -0.4318 0.1411
vn 0.6429 -0.7535 0.1374
vn 0.3955 -0.9105 0.1204
vn 0.1824 -0.9781 0.1004
vn -0.0082 -0.9968 0.0791
vn -0.1939 -0.9795 0.0556
vn -0.3915 -0.9198 0.0272
vn -0.6148 -0.7886 -0.0100
vn -0.8510 -0.5218 -0.0597
vn -0.9759 -0.1933 -0.1010
vn -0.9900 0.0676 -0.1237
vn -0.8892 0.4351 -0.1412
vn -0.6388 0.7570 -0.1371
vn -0.3905 0.9127 -0.1200
vn -0.1772 0.9791 -0.0999
vn 0.0129 0.9969 -0.0775
vn 0.2021 0.9774 -0.0627
vn 0.4055 0.9131 -0.0433
vn 0.6350 0.7724 -0.0161
vn 0.8714 0.4901 0.0227
vn 0.9863 0.1549 0.0572
vn 0.9915 -0.1040 0.0779
vn 0.8842 -0.4567 0.0981
vn 0.6383 -0.7626 0.1049
vn 0.3954 -0.9131 0.0997
vn 0.1839 -0.9788 0.0899
vn -0.0080 -0.9969 0.0779
vn -0.1972 -0.9783 0.0631
vn -0.4007 -0.9151 0.0438
vn -0.6310 -0.7756 0.0166
vn -0.8693 -0.4937 -0.0223
vn -0.9861 -0.1558 -0.0571
vn -0.9915 0.1041 -0.0779
vn -0.8828 0.4594 -0.0982
vn -0.6347 0.7656 -0.1049
vn -0.3909 0.9151 -0.0995
vn -0.1791 0.9797 -0.0897
vn 0.0124 0.9971 -0.0757
vn 0.2039 0.9765 -0.0693
vn 0.4117 0.9094 -0.0589
vn 0.6471 0.7613 -0.0417
vn 0.8853 0.4649 -0.0130
vn 0.9926 0.1206 0.0160
vn 0.9898 -0.1378 0.0356
vn 0.8751 -0.4804 0.0588
vn 0.6309 -0.7722 0.0749
vn 0.3928 -0.9162 0.0798
vn 0.1839 -0.9797 0.0794
vn -0.0078 -0.9971 0.0758
vn -0.1992 -0.9775 0.0695
vn -0.4071 -0.9115 0.0592
vn -0.6431 -0.7646 0.0420
vn -0.8833 -0.4686 0.0134
vn -0.9925 -0.1216 -0.0159
vn -0.9898 0.1378 -0.0356
vn -0.8739 0.4825 -0.0589
vn -0.6278 0.7748 -0.0750
vn -0.3887 0.9179 -0.0798
vn -0.1795 0.9806 -0.0793
vn 0.0121 0.9972 -0.0732
vn 0.2045 0.9760 -0.0746
vn 0.4154 0.9067 -0.0728
vn 0.6555 0.7524 -0.0653
vn 0.8952 0.4432 -0.0463
vn 0.9957 0.0903 -0.0220
vn 0.9858 -0.1681 -0.0030
vn 0.8644 -0.5023 0.0234
vn 0.6217 -0.7818 0.0476
vn 0.3882 -0.9195 0.0613
vn 0.1825 -0.9808 0.0690
vn -0.0080 -0.9973 0.0732
vn -0.2002 -0.9769 0.0746
vn -0.4110 -0.9087 0.0729
vn -0.6517 -0.7557 0.0654
vn -0.8933 -0.4470 0.0466
vn -0.9956 -0.0914 0.0221
vn -0.9858 0.1678 0.0030
vn -0.8634 0.5039 -0.0235
vn -0.6190 0.7839 -0.0478
vn -0.3847 0.9210 -0.0615
vn -0.1786 0.9815 -0.0691
vn 0.0120 0.9973 -0.0718
vn 0.2045 0.9758 -0.0770
vn 0.4166 0.9056 -0.0794
vn 0.6587 0.7485 -0.0766
vn 0.8991 0.4332 -0.0624
vn 0.9963 0.0761 -0.0402
vn 0.9830 -0.1822 -0.0212
vn 0.8586 -0.5127 0.0068
vn 0.6166 -0.7865 0.0348
vn 0.3855 -0.9212 0.0525
vn 0.1815 -0.9813 0.0639
vn -0.0082 -0.9974 0.0717
vn -0.2006 -0.9767 0.0769
vn -0.4125 -0.9075 0.0794
vn -0.6551 -0.7516 0.0767
vn -0.8973 -0.4370 0.0626
vn -0.9962 -0.0773 0.0403
vn -0.9831 0.1819 0.0213
vn -0.8578 0.5139 -0.0069
vn -0.6143 0.7883 -0.0350
vn -0.3823 0.9225 -0.0527
vn -0.1780 0.9819 -0.0641
vt 0.000000 1.000000
vt 0.020833 1.000000
vt 0.020833 0.954545
vt 0.000000 0.954545
vt 0.000000 0.045455
vt 0.020833 0.045455
vt 0.020833 0.000000
vt 0.000000 0.000000
vt 0.000000 0.090909
vt 0.020833 0.090909
vt 0.000000 0.136364
vt 0.020833 0.136364
vt 0.000000 0.181818
vt 0.020833 0.181818
vt 0.000000 0.227273
vt 0.020833 0.227273
vt 0.000000 0.272727
vt 0.020833 0.272727
vt 0.000000 0.318182
vt 0.020833 0.318182
vt 0.000000 0.363636
vt 0.020833 0.363636
vt 0.000000 0.409091
vt 0.020833 0.409091
vt 0.000000 0.454545
vt 0.020833 0.454545
vt 0.000000 0.500000
vt 0.020833 0.500000
vt 0.000000 0.545455
vt 0.020833 0.545455
vt 0.000000 0.590909
vt 0.020833 0.590909
vt 0.000000 0.636364
vt 0.020833 0.636364
vt 0.000000 0.681818
vt 0.020833 0.681818
vt 0.000000 0.727273
vt 0.020833 0.727273
vt 0.000000 0.772727
vt 0.020833 0.772727
vt 0.000000 0.818182
vt 0.020833 0.818182
vt 0.000000 0.863636
vt 0.020833 0.863636
vt 0.000000 0.909091
vt 0.020833 0.909091
vt 0.041667 1.000000
vt 0.041667 0.954545
vt 0.041667 0.045455
vt 0.041667 0.000000
vt 0.041667 0.090909
vt 0.041667 0.136364
vt 0.041667 0.181818
vt 0.041667 0.227273
vt 0.041667 0.272727
vt 0.041667 0.318182
vt 0.041667 0.363636
vt 0.041667 0.409091
vt 0.041667 0.454545
vt 0.041667 0.500000
vt 0.041667 0.545455
vt 0.041667 0.590909
vt 0.041667 0.636364
vt 0.041667 0.681818
vt 0.041667 0.727273
vt 0.041667 0.772727
vt 0.041667 0.818182
vt 0.041667 0.863636
vt 0.041667 0.909091
vt 0.062500 1.000000
vt 0.062500 0.954545
vt 0.062500 0.045455
vt 0.062500 0.000000
vt 0.062500 0.090909
vt 0.062500 0.136364
vt 0.062500 0.181818
vt 0.062500 0.227273
vt 0.062500 0.272727
vt 0.062500 0.318182
vt 0.062500 0.363636
vt 0.062500 0.409091
vt 0.062500 0.454545
vt 0.062500 0.500000
vt 0.062500 0.545455
vt 0.062500 0.590909
vt 0.062500 0.636364
vt 0.062500 0.681818
vt 0.062500 0.727273
vt 0.062500 0.772727
vt 0.062500 0.818182
vt 0.062500 0.863636
vt 0.062500 0.909091
vt 0.083333 1.000000
vt 0.083333 0.954545
vt 0.083333 0.045455
vt 0.083333 0.000000
vt 0.083333 0.090909
vt 0.083333 0.136364
vt 0.083333 0.181818
vt 0.083333 0.227273
vt 0.083333 0.272727
vt 0.083333 0.318182
vt 0.083333 0.363636
vt 0.083333 0.409091
vt 0.083333 0.454545
vt 0.083333 0.500000
vt 0.083333 0.545455
vt 0.083333 0.590909
vt 0.083333 0.636364
vt 0.083333 0.681818
vt 0.083333 0.727273
vt 0.083333 0.772727
vt 0.083333 0.818182
vt 0.083333 0.863636
vt 0.083333 0.909091
vt 0.104167 1.000000
vt 0.104167 0.954545
vt 0.104167 0.045455
vt 0.104167 0.000000
vt 0.104167 0.090909
vt 0.104167 0.136364
vt 0.104167 0.181818
vt 0.104167 0.227273
vt 0.104167 0.272727
vt 0.104167 0.318182
vt 0.104167 0.363636
vt 0.104167 0.409091
vt 0.104167 0.454545
vt 0.104167 0.500000
vt 0.104167 0.545455
vt 0.104167 0.590909
vt 0.104167 0.636364
vt 0.104167 0.681818
vt 0.104167 0.727273
vt 0.104167 0.772727
vt 0.104167 0.818182
vt 0.104167 0.863636
vt 0.104167 0.909091
vt 0.125000 1.000000
vt 0.125000 0.954545
vt 0.125000 0.045455
vt 0.125000 0.000000
vt 0.125000 0.090909
vt 0.125000 0.136364
vt 0.125000 0.181818
vt 0.125000 0.227273
vt 0.125000 0.272727
vt 0.125000 0.318182
vt 0.125000 0.363636
vt 0.125000 0.409091
vt 0.125000 0.454545
vt 0.125000 0.500000
vt 0.125000 0.545455
vt 0.125000 0.590909
vt 0.125000 0.636364
vt 0.125000 0.681818
vt 0.125000 0.727273
vt 0.125000 0.772727
vt 0.125000 0.818182
vt 0.125000 0.863636
vt 0.125000 0.909091
vt 0.145833 1.000000
vt 0.145833 0.954545
vt 0.145833 0.045455
vt 0.145833 0.000000
vt 0.145833 0.090909
vt 0.145833 0.136364
vt 0.145833 0.181818
vt 0.145833 0.227273
vt 0.145833 0.272727
vt 0.145833 0.318182
vt 0.145833 0.363636
vt 0.145833 0.409091
vt 0.145833 0.454545
vt 0.145833 0.500000
vt 0.145833 0.545455
vt 0.145833 0.590909
vt 0.145833 0.636364
vt 0.145833 0.681818
vt 0.145833 0.727273
vt 0.145833 0.772727
vt 0.145833 0.818182
vt 0.145833 0.863636
vt 0.145833 0.909091
vt 0.166667 1.000000
vt 0.166667 0.954545
vt 0.166667 0.045455
vt 0.166667 0.000000
vt 0.166667 0.090909
vt 0.166667 0.136364
vt 0.166667 0.181818
vt 0.166667 0.227273
vt 0.166667 0.272727
vt 0.166667 0.318182
vt 0.166667 0.363636
vt 0.166667 0.409091
vt 0.166667 0.454545
vt 0.166667 0.500000
vt 0.166667 0.545455
vt 0.166667 0.590909
vt 0.166667 0.636364
vt 0.166667 0.681818
vt 0.166667 0.727273
vt 0.166667 0.772727
vt 0.166667 0.818182
vt 0.166667 0.863636
vt 0.166667 0.909091
vt 0.187500 1.000000
vt 0.187500 0.954545
vt 0.187500 0.045455
vt 0.187500 0.000000
vt 0.187500 0.090909
vt 0.187500 0.136364
vt 0.187500 0.181818
vt 0.187500 0.227273
vt 0.187500 0.272727
vt 0.187500 0.318182
vt 0.187500 0.363636
vt 0.187500 0.409091
vt 0.187500 0.454545
vt 0.187500 0.500000
vt 0.187500 0.545455
vt 0.187500 0.590909
vt 0.187500 0.636364
vt 0.187500 0.681818
vt 0.187500 0.727273
vt 0.187500 0.772727
vt 0.187500 0.818182
vt 0.187500 0.863636
vt 0.187500 0.909091
vt 0.208333 1.000000
vt 0.208333 0.954545
vt 0.208333 0.045455
vt 0.208333 0.000000
vt 0.208333 0.090909
vt 0.208333 0.136364
vt 0.208333 0.181818
vt 0.208333 0.227273
vt 0.208333 0.272727
vt 0.208333 0.318182
vt 0.208333 0.363636
vt 0.208333 0.409091
vt 0.208333 0.454545
vt 0.208333 0.500000
vt 0.208333 0.545455
vt 0.208333 0.590909
vt 0.208333 0.636364
vt 0.208333 0.681818
vt 0.208333 0.727273
vt 0.208333 0.772727
vt 0.208333 0.818182
vt 0.208333 0.863636
vt 0.208333 0.909091
vt 0.229167 1.000000
vt 0.229167 0.954545
vt 0.229167 0.045455
vt 0.229167 0.000000
vt 0.229167 0.090909
vt 0.229167 0.136364
vt 0.229167 0.181818
vt 0.229167 0.227273
vt 0.229167 0.272727
vt 0.229167 0.318182
vt 0.229167 0.363636
vt 0.229167 0.409091
vt 0.229167 0.454545
vt 0.229167 0.500000
vt 0.229167 0.545455
vt 0.229167 0.590909
vt 0.229167 0.636364
vt 0.229167 0.681818
vt 0.229167 0.727273
vt 0.229167 0.772727
vt 0.229167 0.818182
vt 0.229167 0.863636
vt 0.229167 0.909091
vt 0.250000 1.000000
vt 0.250000 0.954545
vt 0.250000 0.045455
vt 0.250000 0.000000
vt 0.250000 0.090909
vt 0.250000 0.136364
vt 0.250000 0.181818
vt 0.250000 0.227273
vt 0.250000 0.272727
vt 0.250000 0.318182
vt 0.250000 0.363636
vt 0.250000 0.409091
vt 0.250000 0.454545
vt 0.250000 0.500000
vt 0.250000 0.545455
vt 0.250000 0.590909
vt 0.250000 0.636364
vt 0.250000 0.681818
vt 0.250000 0.727273
vt 0.250000 0.772727
vt 0.250000 0.818182
vt 0.250000 0.863636
vt 0.250000 0.909091
vt 0.270833 1.000000
vt 0.270833 0.954545
vt 0.270833 0.045455
vt 0.270833 0.000000
vt 0.270833 0.090909
vt 0.270833 0.136364
vt 0.270833 0.181818
vt 0.270833 0.227273
vt 0.270833 0.272727
vt 0.270833 0.318182
vt 0.270833 0.363636
vt 0.270833 0.409091
vt 0.270833 0.454545
vt 0.270833 0.500000
vt 0.270833 0.545455
vt 0.270833 0.590909
vt 0.270833 0.636364
vt 0.270833 0.681818
vt 0.270833 0.727273
vt 0.270833 0.772727
vt 0.270833 0.818182
vt 0.270833 0.863636
vt 0.270833 0.909091
vt 0.291667 1.000000
vt 0.291667 0.954545
vt 0.291667 0.045455
vt 0.291667 0.000000
vt 0.291667 0.090909
vt 0.291667 0.136364
vt 0.291667 0.181818
vt 0.291667 0.227273
vt 0.291667 0.272727
vt 0.291667 0.318182
vt 0.291667 0.363636
vt 0.291667 0.409091
vt 0.291667 0.454545
vt 0.291667 0.500000
vt 0.291667 0.545455
vt 0.291667 0.590909
vt 0.291667 0.636364
vt 0.291667 0.681818
vt 0.291667 0.727273
vt 0.291667 0.772727
vt 0.291667 0.818182
vt 0.291667 0.863636
vt 0.291667 0.909091
vt 0.312500 1.000000
vt 0.312500 0.954545
vt 0.312500 0.045455
vt 0.312500 0.000000
vt 0.312500 0.090909
vt 0.312500 0.136364
vt 0.312500 0.181818
vt 0.312500 0.227273
vt 0.312500 0.272727
vt 0.312500 0.318182
vt 0.312500 0.363636
vt 0.312500 0.409091
vt 0.312500 0.454545
vt 0.312500 0.500000
vt 0.312500 0.545455
vt 0.312500 0.590909
vt 0.312500 0.636364
vt 0.312500 0.681818
vt 0.312500 0.727273
vt 0.312500 0.772727
vt 0.312500 0.818182
vt 0.312500 0.863636
vt 0.312500 0.909091
vt 0.333333 1.000000
vt 0.333333 0.954545
vt 0.333333 0.045455
vt 0.333333 0.000000
vt 0.333333 0.090909
vt 0.333333 0.136364
vt 0.333333 0.181818
vt 0.333333 0.227273
vt 0.333333 0.272727
vt 0.333333 0.318182
vt 0.333333 0.363636
vt 0.333333 0.409091
vt 0.333333 0.454545
vt 0.333333 0.500000
vt 0.333333 0.545455
vt 0.333333 0.590909
vt 0.333333 0.636364
vt 0.333333 0.681818
vt 0.333333 0.727273
vt 0.333333 0.772727
vt 0.333333 0.818182
vt 0.333333 0.863636
vt 0.333333 0.909091
vt 0.354167 1.000000
vt 0.354167 0.954545
vt 0.354167 0.045455
vt 0.354167 0.000000
vt 0.354167 0.090909
vt 0.354167 0.136364
vt 0.354167 0.181818
vt 0.354167 0.227273
vt 0.354167 0.272727
vt 0.354167 0.318182
vt 0.354167 0.363636
vt 0.354167 0.409091
vt 0.354167 0.454545
vt 0.354167 0.500000
vt 0.354167 0.545455
vt 0.354167 0.590909
vt 0.354167 0.636364
vt 0.354167 0.681818
vt 0.354167 0.727273
vt 0.354167 0.772727
vt 0.354167 0.818182
vt 0.354167 0.863636
vt 0.354167 0.909091
vt 0.375000 1.000000
vt 0.375000 0.954545
vt 0.375000 0.045455
vt 0.375000 0.000000
vt 0.375000 0.090909
vt 0.375000 0.136364
vt 0.375000 0.181818
vt 0.375000 0.227273
vt 0.375000 0.272727
vt 0.375000 0.318182
vt 0.375000 0.363636
vt 0.375000 0.409091
vt 0.375000 0.454545
vt 0.375000 0.500000
vt 0.375000 0.545455
vt 0.375000 0.590909
vt 0.375000 0.636364
vt 0.375000 0.681818
vt 0.375000 0.727273
vt 0.375000 0.772727
vt 0.375000 0.818182
vt 0.375000 0.863636
vt 0.375000 0.909091
vt 0.395833 1.000000
vt 0.395833 0.954545
vt 0.395833 0.045455
vt 0.395833 0.000000
vt 0.395833 0.090909
vt 0.395833 0.136364
vt 0.395833 0.181818
vt 0.395833 0.227273
vt 0.395833 0.272727
vt 0.395833 0.318182
vt 0.395833 0.363636
vt 0.395833 0.409091
vt 0.395833 0.454545
vt 0.395833 0.500000
vt 0.395833 0.545455
vt 0.395833 0.590909
vt 0.395833 0.636364
vt 0.395833 0.681818
vt 0.395833 0.727273
vt 0.395833 0.772727
vt 0.395833 0.818182
vt 0.395833 0.863636
vt 0.395833 0.909091
vt 0.416667 1.000000
vt 0.416667 0.954545
vt 0.416667 0.045455
vt 0.416667 0.000000
vt 0.416667 0.090909
vt 0.416667 0.136364
vt 0.416667 0.181818
vt 0.416667 0.227273
vt 0.416667 0.272727
vt 0.416667 0.318182
vt 0.416667 0.363636
vt 0.416667 0.409091
vt 0.416667 0.454545
vt 0.416667 0.500000
vt 0.416667 0.545455
vt 0.416667 0.590909
vt 0.416667 0.636364
vt 0.416667 0.681818
vt 0.416667 0.727273
vt 0.416667 0.772727
vt 0.416667 0.818182
vt 0.416667 0.863636
vt 0.416667 0.909091
vt 0.437500 1.000000
vt 0.437500 0.954545
vt 0.437500 0.045455
vt 0.437500 0.000000
vt 0.437500 0.090909
vt 0.437500 0.136364
vt 0.437500 0.181818
vt 0.437500 0.227273
vt 0.437500 0.272727
vt 0.437500 0.318182
vt 0.437500 0.363636
vt 0.437500 0.409091
vt 0.437500 0.454545
vt 0.437500 0.500000
vt 0.437500 0.545455
vt 0.437500 0.590909
vt 0.437500 0.636364
vt 0.437500 0.681818
vt 0.437500 0.727273
vt 0.437500 0.772727
vt 0.437500 0.818182
vt 0.437500 0.863636
vt 0.437500 0.909091
vt 0.458333 1.000000
vt 0.458333 0.954545
vt 0.458333 0.045455
vt 0.458333 0.000000
vt 0.458333 0.090909
vt 0.458333 0.136364
vt 0.458333 0.181818
vt 0.458333 0.227273
vt 0.458333 0.272727
vt 0.458333 0.318182
vt 0.458333 0.363636
vt 0.458333 0.409091
vt 0.458333 0.454545
vt 0.458333 0.500000
vt 0.458333 0.545455
vt 0.458333 0.590909
vt 0.458333 0.636364
vt 0.458333 0.681818
vt 0.458333 0.727273
vt 0.458333 0.772727
vt 0.458333 0.818182
vt 0.458333 0.863636
vt 0.458333 0.909091
vt 0.479167 1.000000
vt 0.479167 0.954545
vt 0.479167 0.045455
vt 0.479167 0.000000
vt 0.479167 0.090909
vt 0.479167 0.136364
vt 0.479167 0.181818
vt 0.479167 0.227273
vt 0.479167 0.272727
vt 0.479167 0.318182
vt 0.479167 0.363636
vt 0.479167 0.409091
vt 0.479167 0.454545
vt 0.479167 0.500000
vt 0.479167 0.545455
vt 0.479167 0.590909
vt 0.479167 0.636364
vt 0.479167 0.681818
vt 0.479167 0.727273
vt 0.479167 0.772727
vt 0.479167 0.818182
vt 0.479167 0.863636
vt 0.479167 0.909091
vt 0.500000 1.000000
vt 0.500000 0.954545
vt 0.500000 0.045455
vt 0.500000 0.000000
vt 0.500000 0.090909
vt 0.500000 0.136364
vt 0.500000 0.181818
vt 0.500000 0.227273
vt 0.500000 0.272727
vt 0.500000 0.318182
vt 0.500000 0.363636
vt 0.500000 0.409091
vt 0.500000 0.454545
vt 0.500000 0.500000
vt 0.500000 0.545455
vt 0.500000 0.590909
vt 0.500000 0.636364
vt 0.500000 0.681818
vt 0.500000 0.727273
vt 0.500000 0.772727
vt 0.500000 0.818182
vt 0.500000 0.863636
vt 0.500000 0.909091
vt 0.520833 1.000000
vt 0.520833 0.954545
vt 0.520833 0.045455
vt 0.520833 0.000000
vt 0.520833 0.090909
vt 0.520833 0.136364
vt 0.520833 0.181818
vt 0.520833 0.227273
vt 0.520833 0.272727
vt 0.520833 0.318182
vt 0.520833 0.363636
vt 0.520833 0.409091
vt 0.520833 0.454545
vt 0.520833 0.500000
vt 0.520833 0.545455
vt 0.520833 0.590909
vt 0.520833 0.636364
vt 0.520833 0.681818
vt 0.520833 0.727273
vt 0.520833 0.772727
vt 0.520833 0.818182
vt 0.520833 0.863636
vt 0.520833 0.909091
vt 0.541667 1.000000
vt 0.541667 0.954545
vt 0.541667 0.045455
vt 0.541667 0.000000
vt 0.541667 0.090909
vt 0.541667 0.136364
vt 0.541667 0.181818
vt 0.541667 0.227273
vt 0.541667 0.272727
vt 0.541667 0.318182
vt 0.541667 0.363636
vt 0.541667 0.409091
vt 0.541667 0.454545
vt 0.541667 0.500000
vt 0.541667 0.545455
vt 0.541667 0.590909
vt 0.541667 0.636364
vt 0.541667 0.681818
vt 0.541667 0.727273
vt 0.541667 0.772727
vt 0.541667 0.818182
vt 0.541667 0.863636
vt 0.541667 0.909091
vt 0.562500 1.000000
vt 0.562500 0.954545
vt 0.562500 0.045455
vt 0.562500 0.000000
vt 0.562500 0.090909
vt 0.562500 0.136364
vt 0.562500 0.181818
vt 0.562500 0.227273
vt 0.562500 0.272727
vt 0.562500 0.318182
vt 0.562500 0.363636
vt 0.562500 0.409091
vt 0.562500 0.454545
vt 0.562500 0.500000
vt 0.562500 0.545455
vt 0.562500 0.590909
vt 0.562500 0.636364
vt 0.562500 0.681818
vt 0.562500 0.727273
vt 0.562500 0.772727
vt 0.562500 0.818182
vt 0.562500 0.863636
vt 0.562500 0.909091
vt 0.583333 1.000000
vt 0.583333 0.954545
vt 0.583333 0.045455
vt 0.583333 0.000000
vt 0.583333 0.090909
vt 0.583333 0.136364
vt 0.583333 0.181818
vt 0.583333 0.227273
vt 0.583333 0.272727
vt 0.583333 0.318182
vt 0.583333 0.363636
vt 0.583333 0.409091
vt 0.583333 0.454545
vt 0.583333 0.500000
vt 0.583333 0.545455
vt 0.583333 0.590909
vt 0.583333 0.636364
vt 0.583333 0.681818
vt 0.583333 0.727273
vt 0.583333 0.772727
vt 0.583333 0.818182
vt 0.583333 0.863636
vt 0.583333 0.909091
vt 0.604167 1.000000
vt 0.604167 0.954545
vt 0.604167 0.045455
vt 0.604167 0.000000
vt 0.604167 0.090909
vt 0.604167 0.136364
vt 0.604167 0.181818
vt 0.604167 0.227273
vt 0.604167 0.272727
vt 0.604167 0.318182
vt 0.604167 0.363636
vt 0.604167 0.409091
vt 0.604167 0.454545
vt 0.604167 0.500000
vt 0.604167 0.545455
vt 0.604167 0.590909
vt 0.604167 0.636364
vt 0.604167 0.681818
vt 0.604167 0.727273
vt 0.604167 0.772727
vt 0.604167 0.818182
vt 0.604167 0.863636
vt 0.604167 0.909091
vt 0.625000 1.000000
vt 0.625000 0.954545
vt 0.625000 0.045455
vt 0.625000 0.000000
vt 0.625000 0.090909
vt 0.625000 0.136364
vt 0.625000 0.181818
vt 0.625000 0.227273
vt 0.625000 0.272727
vt 0.625000 0.318182
vt 0.625000 0.363636
vt 0.625000 0.409091
vt 0.625000 0.454545
vt 0.625000 0.500000
vt 0.625000 0.545455
vt 0.625000 0.590909
vt 0.625000 0.636364
vt 0.625000 0.681818
vt 0.625000 0.727273
vt 0.625000 0.772727
vt 0.625000 0.818182
vt 0.625000 0.863636
vt 0.625000 0.909091
vt 0.645833 1.000000
vt 0.645833 0.954545
vt 0.645833 0.045455
vt 0.645833 0.000000
vt 0.645833 0.090909
vt 0.645833 0.136364
vt 0.645833 0.181818
vt 0.645833 0.227273
vt 0.645833 0.272727
vt 0.645833 0.318182
vt 0.645833 0.363636
vt 0.645833 0.409091
vt 0.645833 0.454545
vt 0.645833 0.500000
vt 0.645833 0.545455
vt 0.645833 0.590909
vt 0.645833 0.636364
vt 0.645833 0.681818
vt 0.645833 0.727273
vt 0.645833 0.772727
vt 0.645833 0.818182
vt 0.645833 0.863636
vt 0.645833 0.909091
vt 0.666667 1.000000
vt 0.666667 0.954545
vt 0.666667 0.045455
vt 0.666667 0.000000
vt 0.666667 0.090909
vt 0.666667 0.136364
vt 0.666667 0.181818
vt 0.666667 0.227273
vt 0.666667 0.272727
vt 0.666667 0.318182
vt 0.666667 0.363636
vt 0.666667 0.409091
vt 0.666667 0.454545
vt 0.666667 0.500000
vt 0.666667 0.545455
vt 0.666667 0.590909
vt 0.666667 0.636364
vt 0.666667 0.681818
vt 0.666667 0.727273
vt 0.666667 0.772727
vt 0.666667 0.818182
vt 0.666667 0.863636
vt 0.666667 0.909091
vt 0.687500 1.000000
vt 0.687500 0.954545
vt 0.687500 0.045455
vt 0.687500 0.000000
vt 0.687500 0.090909
vt 0.687500 0.136364
vt 0.687500 0.181818
vt 0.687500 0.227273
vt 0.687500 0.272727
vt 0.687500 0.318182
vt 0.687500 0.363636
vt 0.687500 0.409091
vt 0.687500 0.454545
vt 0.687500 0.500000
vt 0.687500 0.545455
vt 0.687500 0.590909
vt 0.687500 0.636364
vt 0.687500 0.681818
vt 0.687500 0.727273
vt 0.687500 0.772727
vt 0.687500 0.818182
vt 0.687500 0.863636
vt 0.687500 0.909091
vt 0.708333 1.000000
vt 0.708333 0.954545
vt 0.708333 0.045455
vt 0.708333 0.000000
vt 0.708333 0.090909
vt 0.708333 0.136364
vt 0.708333 0.181818
vt 0.708333 0.227273
vt 0.708333 0.272727
vt 0.708333 0.318182
vt 0.708333 0.363636
vt 0.708333 0.409091
vt 0.708333 0.454545
vt 0.708333 0.500000
vt 0.708333 0.545455
vt 0.708333 0.590909
vt 0.708333 0.636364
vt 0.708333 0.681818
vt 0.708333 0.727273
vt 0.708333 0.772727
vt 0.708333 0.818182
vt 0.708333 0.863636
vt 0.708333 0.909091
vt 0.729167 1.000000
vt 0.729167 0.954545
vt 0.729167 0.045455
vt 0.729167 0.000000
vt 0.729167 0.090909
vt 0.729167 0.136364
vt 0.729167 0.181818
vt 0.729167 0.227273
vt 0.729167 0.272727
vt 0.729167 0.318182
vt 0.729167 0.363636
vt 0.729167 0.409091
vt 0.729167 0.454545
vt 0.729167 0.500000
vt 0.729167 0.545455
vt 0.729167 0.590909
vt 0.729167 0.636364
vt 0.729167 0.681818
vt 0.729167 0.727273
vt 0.729167 0.772727
vt 0.729167 0.818182
vt 0.729167 0.863636
vt 0.729167 0.909091
vt 0.750000 1.000000
vt 0.750000 0.954545
vt 0.750000 0.045455
vt 0.750000 0.000000
vt 0.750000 0.090909
vt 0.750000 0.136364
vt 0.750000 0.181818
vt 0.750000 0.227273
vt 0.750000 0.272727
vt 0.750000 0.318182
vt 0.750000 0.363636
vt 0.750000 0.409091
vt 0.750000 0.454545
vt 0.750000 0.500000
vt 0.750000 0.545455
vt 0.750000 0.590909
vt 0.750000 0.636364
vt 0.750000 0.681818
vt 0.750000 0.727273
vt 0.750000 0.772727
vt 0.750000 0.818182
vt 0.750000 0.863636
vt 0.750000 0.909091
vt 0.770833 1.000000
vt 0.770833 0.954545
vt 0.770833 0.045455
vt 0.770833 0.000000
vt 0.770833 0.090909
vt 0.770833 0.136364
vt 0.770833 0.181818
vt 0.770833 0.227273
vt 0.770833 0.272727
vt 0.770833 0.318182
vt 0.770833 0.363636
vt 0.770833 0.409091
vt 0.770833 0.454545
vt 0.770833 0.500000
vt 0.770833 0.545455
vt 0.770833 0.590909
vt 0.770833 0.636364
vt 0.770833 0.681818
vt 0.770833 0.727273
vt 0.770833 0.772727
vt 0.770833 0.818182
vt 0.770833 0.863636
vt 0.770833 0.909091
vt 0.791667 1.000000
vt 0.791667 0.954545
vt 0.791667 0.045455
vt 0.791667 0.000000
vt 0.791667 0.090909
vt 0.791667 0.136364
vt 0.791667 0.181818
vt 0.791667 0.227273
vt 0.791667 0.272727
vt 0.791667 0.318182
vt 0.791667 0.363636
vt 0.791667 0.409091
vt 0.791667 0.454545
vt 0.791667 0.500000
vt 0.791667 0.545455
vt 0.791667 0.590909
vt 0.791667 0.636364
vt 0.791667 0.681818
vt 0.791667 0.727273
vt 0.791667 0.772727
vt 0.791667 0.818182
vt 0.791667 0.863636
vt 0.791667 0.909091
vt 0.812500 1.000000
vt 0.812500 0.954545
vt 0.812500 0.045455
vt 0.812500 0.000000
vt 0.812500 0.090909
vt 0.812500 0.136364
vt 0.812500 0.181818
vt 0.812500 0.227273
vt 0.812500 0.272727
vt 0.812500 0.318182
vt 0.812500 0.363636
vt 0.812500 0.409091
vt 0.812500 0.454545
vt 0.812500 0.500000
vt 0.812500 0.545455
vt 0.812500 0.590909
vt 0.812500 0.636364
vt 0.812500 0.681818
vt 0.812500 0.727273
vt 0.812500 0.772727
vt 0.812500 0.818182
vt 0.812500 0.863636
vt 0.812500 0.909091
vt 0.833333 1.000000
vt 0.833333 0.954545
vt 0.833333 0.045455
vt 0.833333 0.000000
vt 0.833333 0.090909
vt 0.833333 0.136364
vt 0.833333 0.181818
vt 0.833333 0.227273
vt 0.833333 0.272727
vt 0.833333 0.318182
vt 0.833333 0.363636
vt 0.833333 0.409091
vt 0.833333 0.454545
vt 0.833333 0.500000
vt 0.833333 0.545455
vt 0.833333 0.590909
vt 0.833333 0.636364
vt 0.833333 0.681818
vt 0.833333 0.727273
vt 0.833333 0.772727
vt 0.833333 0.818182
vt 0.833333 0.863636
vt 0.833333 0.909091
vt 0.854167 1.000000
vt 0.854167 0.954545
vt 0.854167 0.045455
vt 0.854167 0.000000
vt 0.854167 0.090909
vt 0.854167 0.136364
vt 0.854167 0.181818
vt 0.854167 0.227273
vt 0.854167 0.272727
vt 0.854167 0.318182
vt 0.854167 0.363636
vt 0.854167 0.409091
vt 0.854167 0.454545
vt 0.854167 0.500000
vt 0.854167 0.545455
vt 0.854167 0.590909
vt 0.854167 0.636364
vt 0.854167 0.681818
vt 0.854167 0.727273
vt 0.854167 0.772727
vt 0.854167 0.818182
vt 0.854167 0.863636
vt 0.854167 0.909091
vt 0.875000 1.000000
vt 0.875000 0.954545
vt 0.875000 0.045455
vt 0.875000 0.000000
vt 0.875000 0.090909
vt 0.875000 0.136364
vt 0.875000 0.181818
vt 0.875000 0.227273
vt 0.875000 0.272727
vt 0.875000 0.318182
vt 0.875000 0.363636
vt 0.875000 0.409091
vt 0.875000 0.454545
vt 0.875000 0.500000
vt 0.875000 0.545455
vt 0.875000 0.590909
vt 0.875000 0.636364
vt 0.875000 0.681818
vt 0.875000 0.727273
vt 0.875000 0.772727
vt 0.875000 0.818182
vt 0.875000 0.863636
vt 0.875000 0.909091
vt 0.895833 1.000000
vt 0.895833 0.954545
vt 0.895833 0.045455
vt 0.895833 0.000000
vt 0.895833 0.090909
vt 0.895833 0.136364
vt 0.895833 0.181818
vt 0.895833 0.227273
vt 0.895833 0.272727
vt 0.895833 0.318182
vt 0.895833 0.363636
vt 0.895833 0.409091
vt 0.895833 0.454545
vt 0.895833 0.500000
vt 0.895833 0.545455
vt 0.895833 0.590909
vt 0.895833 0.636364
vt 0.895833 0.681818
vt 0.895833 0.727273
vt 0.895833 0.772727
vt 0.895833 0.818182
vt 0.895833 0.863636
vt 0.895833 0.909091
vt 0.916667 1.000000
vt 0.916667 0.954545
vt 0.916667 0.045455
vt 0.916667 0.000000
vt 0.916667 0.090909
vt 0.916667 0.136364
vt 0.916667 0.181818
vt 0.916667 0.227273
vt 0.916667 0.272727
vt 0.916667 0.318182
vt 0.916667 0.363636
vt 0.916667 0.409091
vt 0.916667 0.454545
vt 0.916667 0.500000
vt 0.916667 0.545455
vt 0.916667 0.590909
vt 0.916667 0.636364
vt 0.916667 0.681818
vt 0.916667 0.727273
vt 0.916667 0.772727
vt 0.916667 0.818182
vt 0.916667 0.863636
vt 0.916667 0.909091
vt 0.937500 1.000000
vt 0.937500 0.954545
vt 0.937500 0.045455
vt 0.937500 0.000000
vt 0.937500 0.090909
vt 0.937500 0.136364
vt 0.937500 0.181818
vt 0.937500 0.227273
vt 0.937500 0.272727
vt 0.937500 0.318182
vt 0.937500 0.363636
vt 0.937500 0.409091
vt 0.937500 0.454545
vt 0.937500 0.500000
vt 0.937500 0.545455
vt 0.937500 0.590909
vt 0.937500 0.636364
vt 0.937500 0.681818
vt 0.937500 0.727273
vt 0.937500 0.772727
vt 0.937500 0.818182
vt 0.937500 0.863636
vt 0.937500 0.909091
vt 0.958333 1.000000
vt 0.958333 0.954545
vt 0.958333 0.045455
vt 0.958333 0.000000
vt 0.958333 0.090909
vt 0.958333 0.136364
vt 0.958333 0.181818
vt 0.958333 0.227273
vt 0.958333 0.272727
vt 0.958333 0.318182
vt 0.958333 0.363636
vt 0.958333 0.409091
vt 0.958333 0.454545
vt 0.958333 0.500000
vt 0.958333 0.545455
vt 0.958333 0.590909
vt 0.958333 0.636364
vt 0.958333 0.681818
vt 0.958333 0.727273
vt 0.958333 0.772727
vt 0.958333 0.818182
vt 0.958333 0.863636
vt 0.958333 0.909091
vt 0.979167 1.000000
vt 0.979167 0.954545
vt 0.979167 0.045455
vt 0.979167 0.000000
vt 0.979167 0.090909
vt 0.979167 0.136364
vt 0.979167 0.181818
vt 0.979167 0.227273
vt 0.979167 0.272727
vt 0.979167 0.318182
vt 0.979167 0.363636
vt 0.979167 0.409091
vt 0.979167 0.454545
vt 0.979167 0.500000
vt 0.979167 0.545455
vt 0.979167 0.590909
vt 0.979167 0.636364
vt 0.979167 0.681818
vt 0.979167 0.727273
vt 0.979167 0.772727
vt 0.979167 0.818182
vt 0.979167 0.863636
vt 0.979167 0.909091
vt 1.000000 1.000000
vt 1.000000 0.954545
vt 1.000000 0.045455
vt 1.000000 0.000000
vt 1.000000 0.090909
vt 1.000000 0.136364
vt 1.000000 0.181818
vt 1.000000 0.227273
vt 1.000000 0.272727
vt 1.000000 0.318182
vt 1.000000 0.363636
vt 1.000000 0.409091
vt 1.000000 0.454545
vt 1.000000 0.500000
vt 1.000000 0.545455
vt 1.000000 0.590909
vt 1.000000 0.636364
vt 1.000000 0.681818
vt 1.000000 0.727273
vt 1.000000 0.772727
vt 1.000000 0.818182
vt 1.000000 0.863636
vt 1.000000 0.909091
s 1
usemtl Braces_Chrome.002
f 3235/3382/3235 3257/3383/3257 3278/3384/3278 3256/3385/3256
f 3236/3386/3236 3258/3387/3258 3257/3388/3257 3235/3389/3235
f 3237/3390/3237 3259/3391/3259 3258/3387/3258 3236/3386/3236
f 3238/3392/3238 3260/3393/3260 3259/3391/3259 3237/3390/3237
f 3239/3394/3239 3261/3395/3261 3260/3393/3260 3238/3392/3238
f 3240/3396/3240 3262/3397/3262 3261/3395/3261 3239/3394/3239
f 3241/3398/3241 3263/3399/3263 3262/3397/3262 3240/3396/3240
f 3242/3400/3242 3264/3401/3264 3263/3399/3263 3241/3398/3241
f 3243/3402/3243 3265/3403/3265 3264/3401/3264 3242/3400/3242
f 3244/3404/3244 3266/3405/3266 3265/3403/3265 3243/3402/3243
f 3245/3406/3245 3267/3407/3267 3266/3405/3266 3244/3404/3244
f 3246/3408/3246 3268/3409/3268 3267/3407/3267 3245/3406/3245
f 3247/3410/3247 3269/3411/3269 3268/3409/3268 3246/3408/3246
f 3248/3412/3248 3270/3413/3270 3269/3411/3269 3247/3410/3247
f 3249/3414/3249 3271/3415/3271 3270/3413/3270 3248/3412/3248
f 3250/3416/3250 3272/3417/3272 3271/3415/3271 3249/3414/3249
f 3251/3418/3251 3273/3419/3273 3272/3417/3272 3250/3416/3250
f 3252/3420/3252 3274/3421/3274 3273/3419/3273 3251/3418/3251
f 3253/3422/3253 3275/3423/3275 3274/3421/3274 3252/3420/3252
f 3254/3424/3254 3276/3425/3276 3275/3423/3275 3253/3422/3253
f 3255/3426/3255 3277/3427/3277 3276/3425/3276 3254/3424/3254
f 3256/3385/3256 3278/3384/3278 3277/3427/3277 3255/3426/3255
f 3257/3383/3257 3279/3428/3279 3300/3429/3300 3278/3384/3278
f 3258/3387/3258 3280/3430/3280 3279/3431/3279 3257/3388/3257
f 3259/3391/3259 3281/3432/3281 3280/3430/3280 3258/3387/3258
f 3260/3393/3260 3282/3433/3282 3281/3432/3281 3259/3391/3259
f 3261/3395/3261 3283/3434/3283 3282/3433/3282 3260/3393/3260
f 3262/3397/3262 3284/3435/3284 3283/3434/3283 3261/3395/3261
f 3263/3399/3263 3285/3436/3285 3284/3435/3284 3262/3397/3262
f 3264/3401/3264 3286/3437/3286 3285/3436/3285 3263/3399/3263
f 3265/3403/3265 3287/3438/3287 3286/3437/3286 3264/3401/3264
f 3266/3405/3266 3288/3439/3288 3287/3438/3287 3265/3403/3265
f 3267/3407/3267 3289/3440/3289 3288/3439/3288 3266/3405/3266
f 3268/3409/3268 3290/3441/3290 3289/3440/3289 3267/3407/3267
f 3269/3411/3269 3291/3442/3291 3290/3441/3290 3268/3409/3268
f 3270/3413/3270 3292/3443/3292 3291/3442/3291 3269/3411/3269
f 3271/3415/3271 3293/3444/3293 3292/3443/3292 3270/3413/3270
f 3272/3417/3272 3294/3445/3294 3293/3444/3293 3271/3415/3271
f 3273/3419/3273 3295/3446/3295 3294/3445/3294 3272/3417/3272
f 3274/3421/3274 3296/3447/3296 3295/3446/3295 3273/3419/3273
f 3275/3423/3275 3297/3448/3297 3296/3447/3296 3274/3421/3274
f 3276/3425/3276 3298/3449/3298 3297/3448/3297 3275/3423/3275
f 3277/3427/3277 3299/3450/3299 3298/3449/3298 3276/3425/3276
f 3278/3384/3278 3300/3429/3300 3299/3450/3299 3277/3427/3277
f 3279/3428/3279 3301/3451/3301 3322/3452/3322 3300/3429/3300
f 3280/3430/3280 3302/3453/3302 3301/3454/3301 3279/3431/3279
f 3281/3432/3281 3303/3455/3303 3302/3453/3302 3280/3430/3280
f 3282/3433/3282 3304/3456/3304 3303/3455/3303 3281/3432/3281
f 3283/3434/3283 3305/3457/3305 3304/3456/3304 3282/3433/3282
f 3284/3435/3284 3306/3458/3306 3305/3457/3305 3283/3434/3283
f 3285/3436/3285 3307/3459/3307 3306/3458/3306 3284/3435/3284
f 3286/3437/3286 3308/3460/3308 3307/3459/3307 3285/3436/3285
f 3287/3438/3287 3309/3461/3309 3308/3460/3308 3286/3437/3286
f 3288/3439/3288 3310/3462/3310 3309/3461/3309 3287/3438/3287
f 3289/3440/3289 3311/3463/3311 3310/3462/3310 3288/3439/3288
f 3290/3441/3290 3312/3464/3312 3311/3463/3311 3289/3440/3289
f 3291/3442/3291 3313/3465/3313 3312/3464/3312 3290/3441/3290
f 3292/3443/3292 3314/3466/3314 3313/3465/3313 3291/3442/3291
f 3293/3444/3293 3315/3467/3315 3314/3466/3314 3292/3443/3292
f 3294/3445/3294 3316/3468/3316 3315/3467/3315 3293/3444/3293
f 3295/3446/3295 3317/3469/3317 3316/3468/3316 3294/3445/3294
f 3296/3447/3296 3318/3470/3318 3317/3469/3317 3295/3446/3295
f 3297/3448/3297 3319/3471/3319 3318/3470/3318 3296/3447/3296
f 3298/3449/3298 3320/3472/3320 3319/3471/3319 3297/3448/3297
f 3299/3450/3299 3321/3473/3321 3320/3472/3320 3298/3449/3298
f 3300/3429/3300 3322/3452/3322 3321/3473/3321 3299/3450/3299
f 3301/3451/3301 3323/3474/3323 3344/3475/3344 3322/3452/3322
f 3302/3453/3302 3324/3476/3324 3323/3477/3323 3301/3454/3301
f 3303/3455/3303 3325/3478/3325 3324/3476/3324 3302/3453/3302
f 3304/3456/3304 3326/3479/3326 3325/3478/3325 3303/3455/3303
f 3305/3457/3305 3327/3480/3327 3326/3479/3326 3304/3456/3304
f 3306/3458/3306 3328/3481/3328 3327/3480/3327 3305/3457/3305
f 3307/3459/3307 3329/3482/3329 3328/3481/3328 3306/3458/3306
f 3308/3460/3308 3330/3483/3330 3329/3482/3329 3307/3459/3307
f 3309/3461/3309 3331/3484/3331 3330/3483/3330 3308/3460/3308
f 3310/3462/3310 3332/3485/3332 3331/3484/3331 3309/3461/3309
f 3311/3463/3311 3333/3486/3333 3332/3485/3332 3310/3462/3310
f 3312/3464/3312 3334/3487/3334 3333/3486/3333 3311/3463/3311
f 3313/3465/3313 3335/3488/3335 3334/3487/3334 3312/3464/3312
f 3314/3466/3314 3336/3489/3336 3335/3488/3335 3313/3465/3313
f 3315/3467/3315 3337/3490/3337 3336/3489/3336 3314/3466/3314
f 3316/3468/3316 3338/3491/3338 3337/3490/3337 3315/3467/3315
f 3317/3469/3317 3339/3492/3339 3338/3491/3338 3316/3468/3316
f 3318/3470/3318 3340/3493/3340 3339/3492/3339 3317/3469/3317
f 3319/3471/3319 3341/3494/3341 3340/3493/3340 3318/3470/3318
f 3320/3472/3320 3342/3495/3342 3341/3494/3341 3319/3471/3319
f 3321/3473/3321 3343/3496/3343 3342/3495/3342 3320/3472/3320
f 3322/3452/3322 3344/3475/3344 3343/3496/3343 3321/3473/3321
f 3323/3474/3323 3345/3497/3345 3366/3498/3366 3344/3475/3344
f 3324/3476/3324 3346/3499/3346 3345/3500/3345 3323/3477/3323
f 3325/3478/3325 3347/3501/3347 3346/3499/3346 3324/3476/3324
f 3326/3479/3326 3348/3502/3348 3347/3501/3347 3325/3478/3325
f 3327/3480/3327 3349/3503/3349 3348/3502/3348 3326/3479/3326
f 3328/3481/3328 3350/3504/3350 3349/3503/3349 3327/3480/3327
f 3329/3482/3329 3351/3505/3351 3350/3504/3350 3328/3481/3328
f 3330/3483/3330 3352/3506/3352 3351/3505/3351 3329/3482/3329
f 3331/3484/3331 3353/3507/3353 3352/3506/3352 3330/3483/3330
f 3332/3485/3332 3354/3508/3354 3353/3507/3353 3331/3484/3331
f 3333/3486/3333 3355/3509/3355 3354/3508/3354 3332/3485/3332
f 3334/3487/3334 3356/3510/3356 3355/3509/3355 3333/3486/3333
f 3335/3488/3335 3357/3511/3357 3356/3510/3356 3334/3487/3334
f 3336/3489/3336 3358/3512/3358 3357/3511/3357 3335/3488/3335
f 3337/3490/3337 3359/3513/3359 3358/3512/3358 3336/3489/3336
f 3338/3491/3338 3360/3514/3360 3359/3513/3359 3337/3490/3337
f 3339/3492/3339 3361/3515/3361 3360/3514/3360 3338/3491/3338
f 3340/3493/3340 3362/3516/3362 3361/3515/3361 3339/3492/3339
f 3341/3494/3341 3363/3517/3363 3362/3516/3362 3340/3493/3340
f 3342/3495/3342 3364/3518/3364 3363/3517/3363 3341/3494/3341
f 3343/3496/3343 3365/3519/3365 3364/3518/3364 3342/3495/3342
f 3344/3475/3344 3366/3498/3366 3365/3519/3365 3343/3496/3343
f 3345/3497/3345 3367/3520/3367 3388/3521/3388 3366/3498/3366
f 3346/3499/3346 3368/3522/3368 3367/3523/3367 3345/3500/3345
f 3347/3501/3347 3369/3524/3369 3368/3522/3368 3346/3499/3346
f 3348/3502/3348 3370/3525/3370 3369/3524/3369 3347/3501/3347
f 3349/3503/3349 3371/3526/3371 3370/3525/3370 3348/3502/3348
f 3350/3504/3350 3372/3527/3372 3371/3526/3371 3349/3503/3349
f 3351/3505/3351 3373/3528/3373 3372/3527/3372 3350/3504/3350
f 3352/3506/3352 3374/3529/3374 3373/3528/3373 3351/3505/3351
f 3353/3507/3353 3375/3530/3375 3374/3529/3374 3352/3506/3352
f 3354/3508/3354 3376/3531/3376 3375/3530/3375 3353/3507/3353
f 3355/3509/3355 3377/3532/3377 3376/3531/3376 3354/3508/3354
f 3356/3510/3356 3378/3533/3378 3377/3532/3377 3355/3509/3355
f 3357/3511/3357 3379/3534/3379 3378/3533/3378 3356/3510/3356
f 3358/3512/3358 3380/3535/3380 3379/3534/3379 3357/3511/3357
f 3359/3513/3359 3381/3536/3381 3380/3535/3380 3358/3512/3358
f 3360/3514/3360 3382/3537/3382 3381/3536/3381 3359/3513/3359
f 3361/3515/3361 3383/3538/3383 3382/3537/3382 3360/3514/3360
f 3362/3516/3362 3384/3539/3384 3383/3538/3383 3361/3515/3361
f 3363/3517/3363 3385/3540/3385 3384/3539/3384 3362/3516/3362
f 3364/3518/3364 3386/3541/3386 3385/3540/3385 3363/3517/3363
f 3365/3519/3365 3387/3542/3387 3386/3541/3386 3364/3518/3364
f 3366/3498/3366 3388/3521/3388 3387/3542/3387 3365/3519/3365
f 3367/3520/3367 3389/3543/3389 3410/3544/3410 3388/3521/3388
f 3368/3522/3368 3390/3545/3390 3389/3546/3389 3367/3523/3367
f 3369/3524/3369 3391/3547/3391 3390/3545/3390 3368/3522/3368
f 3370/3525/3370 3392/3548/3392 3391/3547/3391 3369/3524/3369
f 3371/3526/3371 3393/3549/3393 3392/3548/3392 3370/3525/3370
f 3372/3527/3372 3394/3550/3394 3393/3549/3393 3371/3526/3371
f 3373/3528/3373 3395/3551/3395 3394/3550/3394 3372/3527/3372
f 3374/3529/3374 3396/3552/3396 3395/3551/3395 3373/3528/3373
f 3375/3530/3375 3397/3553/3397 3396/3552/3396 3374/3529/3374
f 3376/3531/3376 3398/3554/3398 3397/3553/3397 3375/3530/3375
f 3377/3532/3377 3399/3555/3399 3398/3554/3398 3376/3531/3376
f 3378/3533/3378 3400/3556/3400 3399/3555/3399 3377/3532/3377
f 3379/3534/3379 3401/3557/3401 3400/3556/3400 3378/3533/3378
f 3380/3535/3380 3402/3558/3402 3401/3557/3401 3379/3534/3379
f 3381/3536/3381 3403/3559/3403 3402/3558/3402 3380/3535/3380
f 3382/3537/3382 3404/3560/3404 3403/3559/3403 3381/3536/3381
f 3383/3538/3383 3405/3561/3405 3404/3560/3404 3382/3537/3382
f 3384/3539/3384 3406/3562/3406 3405/3561/3405 3383/3538/3383
f 3385/3540/3385 3407/3563/3407 3406/3562/3406 3384/3539/3384
f 3386/3541/3386 3408/3564/3408 3407/3563/3407 3385/3540/3385
f 3387/3542/3387 3409/3565/3409 3408/3564/3408 3386/3541/3386
f 3388/3521/3388 3410/3544/3410 3409/3565/3409 3387/3542/3387
f 3389/3543/3389 3411/3566/3411 3432/3567/3432 3410/3544/3410
f 3390/3545/3390 3412/3568/3412 3411/3569/3411 3389/3546/3389
f 3391/3547/3391 3413/3570/3413 3412/3568/3412 3390/3545/3390
f 3392/3548/3392 3414/3571/3414 3413/3570/3413 3391/3547/3391
f 3393/3549/3393 3415/3572/3415 3414/3571/3414 3392/3548/3392
f 3394/3550/3394 3416/3573/3416 3415/3572/3415 3393/3549/3393
f 3395/3551/3395 3417/3574/3417 3416/3573/3416 3394/3550/3394
f 3396/3552/3396 3418/3575/3418 3417/3574/3417 3395/3551/3395
f 3397/3553/3397 3419/3576/3419 3418/3575/3418 3396/3552/3396
f 3398/3554/3398 3420/3577/3420 3419/3576/3419 3397/3553/3397
f 3399/3555/3399 3421/3578/3421 3420/3577/3420 3398/3554/3398
f 3400/3556/3400 3422/3579/3422 3421/3578/3421 3399/3555/3399
f 3401/3557/3401 3423/3580/3423 3422/3579/3422 3400/3556/3400
f 3402/3558/3402 3424/3581/3424 3423/3580/3423 3401/3557/3401
f 3403/3559/3403 3425/3582/3425 3424/3581/3424 3402/3558/3402
f 3404/3560/3404 3426/3583/3426 3425/3582/3425 3403/3559/3403
f 3405/3561/3405 3427/3584/3427 3426/3583/3426 3404/3560/3404
f 3406/3562/3406 3428/3585/3428 3427/3584/3427 3405/3561/3405
f 3407/3563/3407 3429/3586/3429 3428/3585/3428 3406/3562/3406
f 3408/3564/3408 3430/3587/3430 3429/3586/3429 3407/3563/3407
f 3409/3565/3409 3431/3588/3431 3430/3587/3430 3408/3564/3408
f 3410/3544/3410 3432/3567/3432 3431/3588/3431 3409/3565/3409
f 3411/3566/3411 3433/3589/3433 3454/3590/3454 3432/3567/3432
f 3412/3568/3412 3434/3591/3434 3433/3592/3433 3411/3569/3411
f 3413/3570/3413 3435/3593/3435 3434/3591/3434 3412/3568/3412
f 3414/3571/3414 3436/3594/3436 3435/3593/3435 3413/3570/3413
f 3415/3572/3415 3437/3595/3437 3436/3594/3436 3414/3571/3414
f 3416/3573/3416 3438/3596/3438 3437/3595/3437 3415/3572/3415
f 3417/3574/3417 3439/3597/3439 3438/3596/3438 3416/3573/3416
f 3418/3575/3418 3440/3598/3440 3439/3597/3439 3417/3574/3417
f 3419/3576/3419 3441/3599/3441 3440/3598/3440 3418/3575/3418
f 3420/3577/3420 3442/3600/3442 3441/3599/3441 3419/3576/3419
f 3421/3578/3421 3443/3601/3443 3442/3600/3442 3420/3577/3420
f 3422/3579/3422 3444/3602/3444 3443/3601/3443 3421/3578/3421
f 3423/3580/3423 3445/3603/3445 3444/3602/3444 3422/3579/3422
f 3424/3581/3424 3446/3604/3446 3445/3603/3445 3423/3580/3423
f 3425/3582/3425 3447/3605/3447 3446/3604/3446 3424/3581/3424
f 3426/3583/3426 3448/3606/3448 3447/3605/3447 3425/3582/3425
f 3427/3584/3427 3449/3607/3449 3448/3606/3448 3426/3583/3426
f 3428/3585/3428 3450/3608/3450 3449/3607/3449 3427/3584/3427
f 3429/3586/3429 3451/3609/3451 3450/3608/3450 3428/3585/3428
f 3430/3587/3430 3452/3610/3452 3451/3609/3451 3429/3586/3429
f 3431/3588/3431 3453/3611/3453 3452/3610/3452 3430/3587/3430
f 3432/3567/3432 3454/3590/3454 3453/3611/3453 3431/3588/3431
f 3433/3589/3433 3455/3612/3455 3476/3613/3476 3454/3590/3454
f 3434/3591/3434 3456/3614/3456 3455/3615/3455 3433/3592/3433
f 3435/3593/3435 3457/3616/3457 3456/3614/3456 3434/3591/3434
f 3436/3594/3436 3458/3617/3458 3457/3616/3457 3435/3593/3435
f 3437/3595/3437 3459/3618/3459 3458/3617/3458 3436/3594/3436
f 3438/3596/3438 3460/3619/3460 3459/3618/3459 3437/3595/3437
f 3439/3597/3439 3461/3620/3461 3460/3619/3460 3438/3596/3438
f 3440/3598/3440 3462/3621/3462 3461/3620/3461 3439/3597/3439
f 3441/3599/3441 3463/3622/3463 3462/3621/3462 3440/3598/3440
f 3442/3600/3442 3464/3623/3464 3463/3622/3463 3441/3599/3441
f 3443/3601/3443 3465/3624/3465 3464/3623/3464 3442/3600/3442
f 3444/3602/3444 3466/3625/3466 3465/3624/3465 3443/3601/3443
f 3445/3603/3445 3467/3626/3467 3466/3625/3466 3444/3602/3444
f 3446/3604/3446 3468/3627/3468 3467/3626/3467 3445/3603/3445
f 3447/3605/3447 3469/3628/3469 3468/3627/3468 3446/3604/3446
f 3448/3606/3448 3470/3629/3470 3469/3628/3469 3447/3605/3447
f 3449/3607/3449 3471/3630/3471 3470/3629/3470 3448/3606/3448
f 3450/3608/3450 3472/3631/3472 3471/3630/3471 3449/3607/3449
f 3451/3609/3451 3473/3632/3473 3472/3631/3472 3450/3608/3450
f 3452/3610/3452 3474/3633/3474 3473/3632/3473 3451/3609/3451
f 3453/3611/3453 3475/3634/3475 3474/3633/3474 3452/3610/3452
f 3454/3590/3454 3476/3613/3476 3475/3634/3475 3453/3611/3453
f 3455/3612/3455 3477/3635/3477 3498/3636/3498 3476/3613/3476
f 3456/3614/3456 3478/3637/3478 3477/3638/3477 3455/3615/3455
f 3457/3616/3457 3479/3639/3479 3478/3637/3478 3456/3614/3456
f 3458/3617/3458 3480/3640/3480 3479/3639/3479 3457/3616/3457
f 3459/3618/3459 3481/3641/3481 3480/3640/3480 3458/3617/3458
f 3460/3619/3460 3482/3642/3482 3481/3641/3481 3459/3618/3459
f 3461/3620/3461 3483/3643/3483 3482/3642/3482 3460/3619/3460
f 3462/3621/3462 3484/3644/3484 3483/3643/3483 3461/3620/3461
f 3463/3622/3463 3485/3645/3485 3484/3644/3484 3462/3621/3462
f 3464/3623/3464 3486/3646/3486 3485/3645/3485 3463/3622/3463
f 3465/3624/3465 3487/3647/3487 3486/3646/3486 3464/3623/3464
f 3466/3625/3466 3488/3648/3488 3487/3647/3487 3465/3624/3465
f 3467/3626/3467 3489/3649/3489 3488/3648/3488 3466/3625/3466
f 3468/3627/3468 3490/3650/3490 3489/3649/3489 3467/3626/3467
f 3469/3628/3469 3491/3651/3491 3490/3650/3490 3468/3627/3468
f 3470/3629/3470 3492/3652/3492 3491/3651/3491 3469/3628/3469
f 3471/3630/3471 3493/3653/3493 3492/3652/3492 3470/3629/3470
f 3472/3631/3472 3494/3654/3494 3493/3653/3493 3471/3630/3471
f 3473/3632/3473 3495/3655/3495 3494/3654/3494 3472/3631/3472
f 3474/3633/3474 3496/3656/3496 3495/3655/3495 3473/3632/3473
f 3475/3634/3475 3497/3657/3497 3496/3656/3496 3474/3633/3474
f 3476/3613/3476 3498/3636/3498 3497/3657/3497 3475/3634/3475
f 3477/3635/3477 3499/3658/3499 3520/3659/3520 3498/3636/3498
f 3478/3637/3478 3500/3660/3500 3499/3661/3499 3477/3638/3477
f 3479/3639/3479 3501/3662/3501 3500/3660/3500 3478/3637/3478
f 3480/3640/3480 3502/3663/3502 3501/3662/3501 3479/3639/3479
f 3481/3641/3481 3503/3664/3503 3502/3663/3502 3480/3640/3480
f 3482/3642/3482 3504/3665/3504 3503/3664/3503 3481/3641/3481
f 3483/3643/3483 3505/3666/3505 3504/3665/3504 3482/3642/3482
f 3484/3644/3484 3506/3667/3506 3505/3666/3505 3483/3643/3483
f 3485/3645/3485 3507/3668/3507 3506/3667/3506 3484/3644/3484
f 3486/3646/3486 3508/3669/3508 3507/3668/3507 3485/3645/3485
f 3487/3647/3487 3509/3670/3509 3508/3669/3508 3486/3646/3486
f 3488/3648/3488 3510/3671/3510 3509/3670/3509 3487/3647/3487
f 3489/3649/3489 3511/3672/3511 3510/3671/3510 3488/3648/3488
f 3490/3650/3490 3512/3673/3512 3511/3672/3511 3489/3649/3489
f 3491/3651/3491 3513/3674/3513 3512/3673/3512 3490/3650/3490
f 3492/3652/3492 3514/3675/3514 3513/3674/3513 3491/3651/3491
f 3493/3653/3493 3515/3676/3515 3514/3675/3514 3492/3652/3492
f 3494/3654/3494 3516/3677/3516 3515/3676/3515 3493/3653/3493
f 3495/3655/3495 3517/3678/3517 3516/3677/3516 3494/3654/3494
f 3496/3656/3496 3518/3679/3518 3517/3678/3517 3495/3655/3495
f 3497/3657/3497 3519/3680/3519 3518/3679/3518 3496/3656/3496
f 3498/3636/3498 3520/3659/3520 3519/3680/3519 3497/3657/3497
f 3499/3658/3499 3521/3681/3521 3542/3682/3542 3520/3659/3520
f 3500/3660/3500 3522/3683/3522 3521/3684/3521 3499/3661/3499
f 3501/3662/3501 3523/3685/3523 3522/3683/3522 3500/3660/3500
f 3502/3663/3502 3524/3686/3524 3523/3685/3523 3501/3662/3501
f 3503/3664/3503 3525/3687/3525 3524/3686/3524 3502/3663/3502
f 3504/3665/3504 3526/3688/3526 3525/3687/3525 3503/3664/3503
f 3505/3666/3505 3527/3689/3527 3526/3688/3526 3504/3665/3504
f 3506/3667/3506 3528/3690/3528 3527/3689/3527 3505/3666/3505
f 3507/3668/3507 3529/3691/3529 3528/3690/3528 3506/3667/3506
f 3508/3669/3508 3530/3692/3530 3529/3691/3529 3507/3668/3507
f 3509/3670/3509 3531/3693/3531 3530/3692/3530 3508/3669/3508
f 3510/3671/3510 3532/3694/3532 3531/3693/3531 3509/3670/3509
f 3511/3672/3511 3533/3695/3533 3532/3694/3532 3510/3671/3510
f 3512/3673/3512 3534/3696/3534 3533/3695/3533 3511/3672/3511
f 3513/3674/3513 3535/3697/3535 3534/3696/3534 3512/3673/3512
f 3514/3675/3514 3536/3698/3536 3535/3697/3535 3513/3674/3513
f 3515/3676/3515 3537/3699/3537 3536/3698/3536 3514/3675/3514
f 3516/3677/3516 3538/3700/3538 3537/3699/3537 3515/3676/3515
f 3517/3678/3517 3539/3701/3539 3538/3700/3538 3516/3677/3516
f 3518/3679/3518 3540/3702/3540 3539/3701/3539 3517/3678/3517
f 3519/3680/3519 3541/3703/3541 3540/3702/3540 3518/3679/3518
f 3520/3659/3520 3542/3682/3542 3541/3703/3541 3519/3680/3519
f 3521/3681/3521 3543/3704/3543 3564/3705/3564 3542/3682/3542
f 3522/3683/3522 3544/3706/3544 3543/3707/3543 3521/3684/3521
f 3523/3685/3523 3545/3708/3545 3544/3706/3544 3522/3683/3522
f 3524/3686/3524 3546/3709/3546 3545/3708/3545 3523/3685/3523
f 3525/3687/3525 3547/3710/3547 3546/3709/3546 3524/3686/3524
f 3526/3688/3526 3548/3711/3548 3547/3710/3547 3525/3687/3525
f 3527/3689/3527 3549/3712/3549 3548/3711/3548 3526/3688/3526
f 3528/3690/3528 3550/3713/3550 3549/3712/3549 3527/3689/3527
f 3529/3691/3529 3551/3714/3551 3550/3713/3550 3528/3690/3528
f 3530/3692/3530 3552/3715/3552 3551/3714/3551 3529/3691/3529
f 3531/3693/3531 3553/3716/3553 3552/3715/3552 3530/3692/3530
f 3532/3694/3532 3554/3717/3554 3553/3716/3553 3531/3693/3531
f 3533/3695/3533 3555/3718/3555 3554/3717/3554 3532/3694/3532
f 3534/3696/3534 3556/3719/3556 3555/3718/3555 3533/3695/3533
f 3535/3697/3535 3557/3720/3557 3556/3719/3556 3534/3696/3534
f 3536/3698/3536 3558/3721/3558 3557/3720/3557 3535/3697/3535
f 3537/3699/3537 3559/3722/3559 3558/3721/3558 3536/3698/3536
f 3538/3700/3538 3560/3723/3560 3559/3722/3559 3537/3699/3537
f 3539/3701/3539 3561/3724/3561 3560/3723/3560 3538/3700/3538
f 3540/3702/3540 3562/3725/3562 3561/3724/3561 3539/3701/3539
f 3541/3703/3541 3563/3726/3563 3562/3725/3562 3540/3702/3540
f 3542/3682/3542 3564/3705/3564 3563/3726/3563 3541/3703/3541
f 3543/3704/3543 3565/3727/3565 3586/3728/3586 3564/3705/3564
f 3544/3706/3544 3566/3729/3566 3565/3730/3565 3543/3707/3543
f 3545/3708/3545 3567/3731/3567 3566/3729/3566 3544/3706/3544
f 3546/3709/3546 3568/3732/3568 3567/3731/3567 3545/3708/3545
f 3547/3710/3547 3569/3733/3569 3568/3732/3568 3546/3709/3546
f 3548/3711/3548 3570/3734/3570 3569/3733/3569 3547/3710/3547
f 3549/3712/3549 3571/3735/3571 3570/3734/3570 3548/3711/3548
f 3550/3713/3550 3572/3736/3572 3571/3735/3571 3549/3712/3549
f 3551/3714/3551 3573/3737/3573 3572/3736/3572 3550/3713/3550
f 3552/3715/3552 3574/3738/3574 3573/3737/3573 3551/3714/3551
f 3553/3716/3553 3575/3739/3575 3574/3738/3574 3552/3715/3552
f 3554/3717/3554 3576/3740/3576 3575/3739/3575 3553/3716/3553
f 3555/3718/3555 3577/3741/3577 3576/3740/3576 3554/3717/3554
f 3556/3719/3556 3578/3742/3578 3577/3741/3577 3555/3718/3555
f 3557/3720/3557 3579/3743/3579 3578/3742/3578 3556/3719/3556
f 3558/3721/3558 3580/3744/3580 3579/3743/3579 3557/3720/3557
f 3559/3722/3559 3581/3745/3581 3580/3744/3580 3558/3721/3558
f 3560/3723/3560 3582/3746/3582 3581/3745/3581 3559/3722/3559
f 3561/3724/3561 3583/3747/3583 3582/3746/3582 3560/3723/3560
f 3562/3725/3562 3584/3748/3584 3583/3747/3583 3561/3724/3561
f 3563/3726/3563 3585/3749/3585 3584/3748/3584 3562/3725/3562
f 3564/3705/3564 3586/3728/3586 3585/3749/3585 3563/3726/3563
f 3565/3727/3565 3587/3750/3587 3608/3751/3608 3586/3728/3586
f 3566/3729/3566 3588/3752/3588 3587/3753/3587 3565/3730/3565
f 3567/3731/3567 3589/3754/3589 3588/3752/3588 3566/3729/3566
f 3568/3732/3568 3590/3755/3590 3589/3754/3589 3567/3731/3567
f 3569/3733/3569 3591/3756/3591 3590/3755/3590 3568/3732/3568
f 3570/3734/3570 3592/3757/3592 3591/3756/3591 3569/3733/3569
f 3571/3735/3571 3593/3758/3593 3592/3757/3592 3570/3734/3570
f 3572/3736/3572 3594/3759/3594 3593/3758/3593 3571/3735/3571
f 3573/3737/3573 3595/3760/3595 3594/3759/3594 3572/3736/3572
f 3574/3738/3574 3596/3761/3596 3595/3760/3595 3573/3737/3573
f 3575/3739/3575 3597/3762/3597 3596/3761/3596 3574/3738/3574
f 3576/3740/3576 3598/3763/3598 3597/3762/3597 3575/3739/3575
f 3577/3741/3577 3599/3764/3599 3598/3763/3598 3576/3740/3576
f 3578/3742/3578 3600/3765/3600 3599/3764/3599 3577/3741/3577
f 3579/3743/3579 3601/3766/3601 3600/3765/3600 3578/3742/3578
f 3580/3744/3580 3602/3767/3602 3601/3766/3601 3579/3743/3579
f 3581/3745/3581 3603/3768/3603 3602/3767/3602 3580/3744/3580
f 3582/3746/3582 3604/3769/3604 3603/3768/3603 3581/3745/3581
f 3583/3747/3583 3605/3770/3605 3604/3769/3604 3582/3746/3582
f 3584/3748/3584 3606/3771/3606 3605/3770/3605 3583/3747/3583
f 3585/3749/3585 3607/3772/3607 3606/3771/3606 3584/3748/3584
f 3586/3728/3586 3608/3751/3608 3607/3772/3607 3585/3749/3585
f 3587/3750/3587 3609/3773/3609 3630/3774/3630 3608/3751/3608
f 3588/3752/3588 3610/3775/3610 3609/3776/3609 3587/3753/3587
f 3589/3754/3589 3611/3777/3611 3610/3775/3610 3588/3752/3588
f 3590/3755/3590 3612/3778/3612 3611/3777/3611 3589/3754/3589
f 3591/3756/3591 3613/3779/3613 3612/3778/3612 3590/3755/3590
f 3592/3757/3592 3614/3780/3614 3613/3779/3613 3591/3756/3591
f 3593/3758/3593 3615/3781/3615 3614/3780/3614 3592/3757/3592
f 3594/3759/3594 3616/3782/3616 3615/3781/3615 3593/3758/3593
f 3595/3760/3595 3617/3783/3617 3616/3782/3616 3594/3759/3594
f 3596/3761/3596 3618/3784/3618 3617/3783/3617 3595/3760/3595
f 3597/3762/3597 3619/3785/3619 3618/3784/3618 3596/3761/3596
f 3598/3763/3598 3620/3786/3620 3619/3785/3619 3597/3762/3597
f 3599/3764/3599 3621/3787/3621 3620/3786/3620 3598/3763/3598
f 3600/3765/3600 3622/3788/3622 3621/3787/3621 3599/3764/3599
f 3601/3766/3601 3623/3789/3623 3622/3788/3622 3600/3765/3600
f 3602/3767/3602 3624/3790/3624 3623/3789/3623 3601/3766/3601
f 3603/3768/3603 3625/3791/3625 3624/3790/3624 3602/3767/3602
f 3604/3769/3604 3626/3792/3626 3625/3791/3625 3603/3768/3603
f 3605/3770/3605 3627/3793/3627 3626/3792/3626 3604/3769/3604
f 3606/3771/3606 3628/3794/3628 3627/3793/3627 3605/3770/3605
f 3607/3772/3607 3629/3795/3629 3628/3794/3628 3606/3771/3606
f 3608/3751/3608 3630/3774/3630 3629/3795/3629 3607/3772/3607
f 3609/3773/3609 3631/3796/3631 3652/3797/3652 3630/3774/3630
f 3610/3775/3610 3632/3798/3632 3631/3799/3631 3609/3776/3609
f 3611/3777/3611 3633/3800/3633 3632/3798/3632 3610/3775/3610
f 3612/3778/3612 3634/3801/3634 3633/3800/3633 3611/3777/3611
f 3613/3779/3613 3635/3802/3635 3634/3801/3634 3612/3778/3612
f 3614/3780/3614 3636/3803/3636 3635/3802/3635 3613/3779/3613
f 3615/3781/3615 3637/3804/3637 3636/3803/3636 3614/3780/3614
f 3616/3782/3616 3638/3805/3638 3637/3804/3637 3615/3781/3615
f 3617/3783/3617 3639/3806/3639 3638/3805/3638 3616/3782/3616
f 3618/3784/3618 3640/3807/3640 3639/3806/3639 3617/3783/3617
f 3619/3785/3619 3641/3808/3641 3640/3807/3640 3618/3784/3618
f 3620/3786/3620 3642/3809/3642 3641/3808/3641 3619/3785/3619
f 3621/3787/3621 3643/3810/3643 3642/3809/3642 3620/3786/3620
f 3622/3788/3622 3644/3811/3644 3643/3810/3643 3621/3787/3621
f 3623/3789/3623 3645/3812/3645 3644/3811/3644 3622/3788/3622
f 3624/3790/3624 3646/3813/3646 3645/3812/3645 3623/3789/3623
f 3625/3791/3625 3647/3814/3647 3646/3813/3646 3624/3790/3624
f 3626/3792/3626 3648/3815/3648 3647/3814/3647 3625/3791/3625
f 3627/3793/3627 3649/3816/3649 3648/3815/3648 3626/3792/3626
f 3628/3794/3628 3650/3817/3650 3649/3816/3649 3627/3793/3627
f 3629/3795/3629 3651/3818/3651 3650/3817/3650 3628/3794/3628
f 3630/3774/3630 3652/3797/3652 3651/3818/3651 3629/3795/3629
f 3631/3796/3631 3653/3819/3653 3674/3820/3674 3652/3797/3652
f 3632/3798/3632 3654/3821/3654 3653/3822/3653 3631/3799/3631
f 3633/3800/3633 3655/3823/3655 3654/3821/3654 3632/3798/3632
f 3634/3801/3634 3656/3824/3656 3655/3823/3655 3633/3800/3633
f 3635/3802/3635 3657/3825/3657 3656/3824/3656 3634/3801/3634
f 3636/3803/3636 3658/3826/3658 3657/3825/3657 3635/3802/3635
f 3637/3804/3637 3659/3827/3659 3658/3826/3658 3636/3803/3636
f 3638/3805/3638 3660/3828/3660 3659/3827/3659 3637/3804/3637
f 3639/3806/3639 3661/3829/3661 3660/3828/3660 3638/3805/3638
f 3640/3807/3640 3662/3830/3662 3661/3829/3661 3639/3806/3639
f 3641/3808/3641 3663/3831/3663 3662/3830/3662 3640/3807/3640
f 3642/3809/3642 3664/3832/3664 3663/3831/3663 3641/3808/3641
f 3643/3810/3643 3665/3833/3665 3664/3832/3664 3642/3809/3642
f 3644/3811/3644 3666/3834/3666 3665/3833/3665 3643/3810/3643
f 3645/3812/3645 3667/3835/3667 3666/3834/3666 3644/3811/3644
f 3646/3813/3646 3668/3836/3668 3667/3835/3667 3645/3812/3645
f 3647/3814/3647 3669/3837/3669 3668/3836/3668 3646/3813/3646
f 3648/3815/3648 3670/3838/3670 3669/3837/3669 3647/3814/3647
f 3649/3816/3649 3671/3839/3671 3670/3838/3670 3648/3815/3648
f 3650/3817/3650 3672/3840/3672 3671/3839/3671 3649/3816/3649
f 3651/3818/3651 3673/3841/3673 3672/3840/3672 3650/3817/3650
f 3652/3797/3652 3674/3820/3674 3673/3841/3673 3651/3818/3651
f 3653/3819/3653 3675/3842/3675 3696/3843/3696 3674/3820/3674
f 3654/3821/3654 3676/3844/3676 3675/3845/3675 3653/3822/3653
f 3655/3823/3655 3677/3846/3677 3676/3844/3676 3654/3821/3654
f 3656/3824/3656 3678/3847/3678 3677/3846/3677 3655/3823/3655
f 3657/3825/3657 3679/3848/3679 3678/3847/3678 3656/3824/3656
f 3658/3826/3658 3680/3849/3680 3679/3848/3679 3657/3825/3657
f 3659/3827/3659 3681/3850/3681 3680/3849/3680 3658/3826/3658
f 3660/3828/3660 3682/3851/3682 3681/3850/3681 3659/3827/3659
f 3661/3829/3661 3683/3852/3683 3682/3851/3682 3660/3828/3660
f 3662/3830/3662 3684/3853/3684 3683/3852/3683 3661/3829/3661
f 3663/3831/3663 3685/3854/3685 3684/3853/3684 3662/3830/3662
f 3664/3832/3664 3686/3855/3686 3685/3854/3685 3663/3831/3663
f 3665/3833/3665 3687/3856/3687 3686/3855/3686 3664/3832/3664
f 3666/3834/3666 3688/3857/3688 3687/3856/3687 3665/3833/3665
f 3667/3835/3667 3689/3858/3689 3688/3857/3688 3666/3834/3666
f 3668/3836/3668 3690/3859/3690 3689/3858/3689 3667/3835/3667
f 3669/3837/3669 3691/3860/3691 3690/3859/3690 3668/3836/3668
f 3670/3838/3670 3692/3861/3692 3691/3860/3691 3669/3837/3669
f 3671/3839/3671 3693/3862/3693 3692/3861/3692 3670/3838/3670
f 3672/3840/3672 3694/3863/3694 3693/3862/3693 3671/3839/3671
f 3673/3841/3673 3695/3864/3695 3694/3863/3694 3672/3840/3672
f 3674/3820/3674 3696/3843/3696 3695/3864/3695 3673/3841/3673
f 3675/3842/3675 3697/3865/3697 3718/3866/3718 3696/3843/3696
f 3676/3844/3676 3698/3867/3698 3697/3868/3697 3675/3845/3675
f 3677/3846/3677 3699/3869/3699 3698/3867/3698 3676/3844/3676
f 3678/3847/3678 3700/3870/3700 3699/3869/3699 3677/3846/3677
f 3679/3848/3679 3701/3871/3701 3700/3870/3700 3678/3847/3678
f 3680/3849/3680 3702/3872/3702 3701/3871/3701 3679/3848/3679
f 3681/3850/3681 3703/3873/3703 3702/3872/3702 3680/3849/3680
f 3682/3851/3682 3704/3874/3704 3703/3873/3703 3681/3850/3681
f 3683/3852/3683 3705/3875/3705 3704/3874/3704 3682/3851/3682
f 3684/3853/3684 3706/3876/3706 3705/3875/3705 3683/3852/3683
f 3685/3854/3685 3707/3877/3707 3706/3876/3706 3684/3853/3684
f 3686/3855/3686 3708/3878/3708 3707/3877/3707 3685/3854/3685
f 3687/3856/3687 3709/3879/3709 3708/3878/3708 3686/3855/3686
f 3688/3857/3688 3710/3880/3710 3709/3879/3709 3687/3856/3687
f 3689/3858/3689 3711/3881/3711 3710/3880/3710 3688/3857/3688
f 3690/3859/3690 3712/3882/3712 3711/3881/3711 3689/3858/3689
f 3691/3860/3691 3713/3883/3713 3712/3882/3712 3690/3859/3690
f 3692/3861/3692 3714/3884/3714 3713/3883/3713 3691/3860/3691
f 3693/3862/3693 3715/3885/3715 3714/3884/3714 3692/3861/3692
f 3694/3863/3694 3716/3886/3716 3715/3885/3715 3693/3862/3693
f 3695/3864/3695 3717/3887/3717 3716/3886/3716 3694/3863/3694
f 3696/3843/3696 3718/3866/3718 3717/3887/3717 3695/3864/3695
f 3697/3865/3697 3719/3888/3719 3740/3889/3740 3718/3866/3718
f 3698/3867/3698 3720/3890/3720 3719/3891/3719 3697/3868/3697
f 3699/3869/3699 3721/3892/3721 3720/3890/3720 3698/3867/3698
f 3700/3870/3700 3722/3893/3722 3721/3892/3721 3699/3869/3699
f 3701/3871/3701 3723/3894/3723 3722/3893/3722 3700/3870/3700
f 3702/3872/3702 3724/3895/3724 3723/3894/3723 3701/3871/3701
f 3703/3873/3703 3725/3896/3725 3724/3895/3724 3702/3872/3702
f 3704/3874/3704 3726/3897/3726 3725/3896/3725 3703/3873/3703
f 3705/3875/3705 3727/3898/3727 3726/3897/3726 3704/3874/3704
f 3706/3876/3706 3728/3899/3728 3727/3898/3727 3705/3875/3705
f 3707/3877/3707 3729/3900/3729 3728/3899/3728 3706/3876/3706
f 3708/3878/3708 3730/3901/3730 3729/3900/3729 3707/3877/3707
f 3709/3879/3709 3731/3902/3731 3730/3901/3730 3708/3878/3708
f 3710/3880/3710 3732/3903/3732 3731/3902/3731 3709/3879/3709
f 3711/3881/3711 3733/3904/3733 3732/3903/3732 3710/3880/3710
f 3712/3882/3712 3734/3905/3734 3733/3904/3733 3711/3881/3711
f 3713/3883/3713 3735/3906/3735 3734/3905/3734 3712/3882/3712
f 3714/3884/3714 3736/3907/3736 3735/3906/3735 3713/3883/3713
f 3715/3885/3715 3737/3908/3737 3736/3907/3736 3714/3884/3714
f 3716/3886/3716 3738/3909/3738 3737/3908/3737 3715/3885/3715
f 3717/3887/3717 3739/3910/3739 3738/3909/3738 3716/3886/3716
f 3718/3866/3718 3740/3889/3740 3739/3910/3739 3717/3887/3717
f 3719/3888/3719 3741/3911/3741 3762/3912/3762 3740/3889/3740
f 3720/3890/3720 3742/3913/3742 3741/3914/3741 3719/3891/3719
f 3721/3892/3721 3743/3915/3743 3742/3913/3742 3720/3890/3720
f 3722/3893/3722 3744/3916/3744 3743/3915/3743 3721/3892/3721
f 3723/3894/3723 3745/3917/3745 3744/3916/3744 3722/3893/3722
f 3724/3895/3724 3746/3918/3746 3745/3917/3745 3723/3894/3723
f 3725/3896/3725 3747/3919/3747 3746/3918/3746 3724/3895/3724
f 3726/3897/3726 3748/3920/3748 3747/3919/3747 3725/3896/3725
f 3727/3898/3727 3749/3921/3749 3748/3920/3748 3726/3897/3726
f 3728/3899/3728 3750/3922/3750 3749/3921/3749 3727/3898/3727
f 3729/3900/3729 3751/3923/3751 3750/3922/3750 3728/3899/3728
f 3730/3901/3730 3752/3924/3752 3751/3923/3751 3729/3900/3729
f 3731/3902/3731 3753/3925/3753 3752/3924/3752 3730/3901/3730
f 3732/3903/3732 3754/3926/3754 3753/3925/3753 3731/3902/3731
f 3733/3904/3733 3755/3927/3755 3754/3926/3754 3732/3903/3732
f 3734/3905/3734 3756/3928/3756 3755/3927/3755 3733/3904/3733
f 3735/3906/3735 3757/3929/3757 3756/3928/3756 3734/3905/3734
f 3736/3907/3736 3758/3930/3758 3757/3929/3757 3735/3906/3735
f 3737/3908/3737 3759/3931/3759 3758/3930/3758 3736/3907/3736
f 3738/3909/3738 3760/3932/3760 3759/3931/3759 3737/3908/3737
f 3739/3910/3739 3761/3933/3761 3760/3932/3760 3738/3909/3738
f 3740/3889/3740 3762/3912/3762 3761/3933/3761 3739/3910/3739
f 3741/3911/3741 3763/3934/3763 3784/3935/3784 3762/3912/3762
f 3742/3913/3742 3764/3936/3764 3763/3937/3763 3741/3914/3741
f 3743/3915/3743 3765/3938/3765 3764/3936/3764 3742/3913/3742
f 3744/3916/3744 3766/3939/3766 3765/3938/3765 3743/3915/3743
f 3745/3917/3745 3767/3940/3767 3766/3939/3766 3744/3916/3744
f 3746/3918/3746 3768/3941/3768 3767/3940/3767 3745/3917/3745
f 3747/3919/3747 3769/3942/3769 3768/3941/3768 3746/3918/3746
f 3748/3920/3748 3770/3943/3770 3769/3942/3769 3747/3919/3747
f 3749/3921/3749 3771/3944/3771 3770/3943/3770 3748/3920/3748
f 3750/3922/3750 3772/3945/3772 3771/3944/3771 3749/3921/3749
f 3751/3923/3751 3773/3946/3773 3772/3945/3772 3750/3922/3750
f 3752/3924/3752 3774/3947/3774 3773/3946/3773 3751/3923/3751
f 3753/3925/3753 3775/3948/3775 3774/3947/3774 3752/3924/3752
f 3754/3926/3754 3776/3949/3776 3775/3948/3775 3753/3925/3753
f 3755/3927/3755 3777/3950/3777 3776/3949/3776 3754/3926/3754
f 3756/3928/3756 3778/3951/3778 3777/3950/3777 3755/3927/3755
f 3757/3929/3757 3779/3952/3779 3778/3951/3778 3756/3928/3756
f 3758/3930/3758 3780/3953/3780 3779/3952/3779 3757/3929/3757
f 3759/3931/3759 3781/3954/3781 3780/3953/3780 3758/3930/3758
f 3760/3932/3760 3782/3955/3782 3781/3954/3781 3759/3931/3759
f 3761/3933/3761 3783/3956/3783 3782/3955/3782 3760/3932/3760
f 3762/3912/3762 3784/3935/3784 3783/3956/3783 3761/3933/3761
f 3763/3934/3763 3785/3957/3785 3806/3958/3806 3784/3935/3784
f 3764/3936/3764 3786/3959/3786 3785/3960/3785 3763/3937/3763
f 3765/3938/3765 3787/3961/3787 3786/3959/3786 3764/3936/3764
f 3766/3939/3766 3788/3962/3788 3787/3961/3787 3765/3938/3765
f 3767/3940/3767 3789/3963/3789 3788/3962/3788 3766/3939/3766
f 3768/3941/3768 3790/3964/3790 3789/3963/3789 3767/3940/3767
f 3769/3942/3769 3791/3965/3791 3790/3964/3790 3768/3941/3768
f 3770/3943/3770 3792/3966/3792 3791/3965/3791 3769/3942/3769
f 3771/3944/3771 3793/3967/3793 3792/3966/3792 3770/3943/3770
f 3772/3945/3772 3794/3968/3794 3793/3967/3793 3771/3944/3771
f 3773/3946/3773 3795/3969/3795 3794/3968/3794 3772/3945/3772
f 3774/3947/3774 3796/3970/3796 3795/3969/3795 3773/3946/3773
f 3775/3948/3775 3797/3971/3797 3796/3970/3796 3774/3947/3774
f 3776/3949/3776 3798/3972/3798 3797/3971/3797 3775/3948/3775
f 3777/3950/3777 3799/3973/3799 3798/3972/3798 3776/3949/3776
f 3778/3951/3778 3800/3974/3800 3799/3973/3799 3777/3950/3777
f 3779/3952/3779 3801/3975/3801 3800/3974/3800 3778/3951/3778
f 3780/3953/3780 3802/3976/3802 3801/3975/3801 3779/3952/3779
f 3781/3954/3781 3803/3977/3803 3802/3976/3802 3780/3953/3780
f 3782/3955/3782 3804/3978/3804 3803/3977/3803 3781/3954/3781
f 3783/3956/3783 3805/3979/3805 3804/3978/3804 3782/3955/3782
f 3784/3935/3784 3806/3958/3806 3805/3979/3805 3783/3956/3783
f 3785/3957/3785 3807/3980/3807 3828/3981/3828 3806/3958/3806
f 3786/3959/3786 3808/3982/3808 3807/3983/3807 3785/3960/3785
f 3787/3961/3787 3809/3984/3809 3808/3982/3808 3786/3959/3786
f 3788/3962/3788 3810/3985/3810 3809/3984/3809 3787/3961/3787
f 3789/3963/3789 3811/3986/3811 3810/3985/3810 3788/3962/3788
f 3790/3964/3790 3812/3987/3812 3811/3986/3811 3789/3963/3789
f 3791/3965/3791 3813/3988/3813 3812/3987/3812 3790/3964/3790
f 3792/3966/3792 3814/3989/3814 3813/3988/3813 3791/3965/3791
f 3793/3967/3793 3815/3990/3815 3814/3989/3814 3792/3966/3792
f 3794/3968/3794 3816/3991/3816 3815/3990/3815 3793/3967/3793
f 3795/3969/3795 3817/3992/3817 3816/3991/3816 3794/3968/3794
f 3796/3970/3796 3818/3993/3818 3817/3992/3817 3795/3969/3795
f 3797/3971/3797 3819/3994/3819 3818/3993/3818 3796/3970/3796
f 3798/3972/3798 3820/3995/3820 3819/3994/3819 3797/3971/3797
f 3799/3973/3799 3821/3996/3821 3820/3995/3820 3798/3972/3798
f 3800/3974/3800 3822/3997/3822 3821/3996/3821 3799/3973/3799
f 3801/3975/3801 3823/3998/3823 3822/3997/3822 3800/3974/3800
f 3802/3976/3802 3824/3999/3824 3823/3998/3823 3801/3975/3801
f 3803/3977/3803 3825/4000/3825 3824/3999/3824 3802/3976/3802
f 3804/3978/3804 3826/4001/3826 3825/4000/3825 3803/3977/3803
f 3805/3979/3805 3827/4002/3827 3826/4001/3826 3804/3978/3804
f 3806/3958/3806 3828/3981/3828 3827/4002/3827 3805/3979/3805
f 3807/3980/3807 3829/4003/3829 3850/4004/3850 3828/3981/3828
f 3808/3982/3808 3830/4005/3830 3829/4006/3829 3807/3983/3807
f 3809/3984/3809 3831/4007/3831 3830/4005/3830 3808/3982/3808
f 3810/3985/3810 3832/4008/3832 3831/4007/3831 3809/3984/3809
f 3811/3986/3811 3833/4009/3833 3832/4008/3832 3810/3985/3810
f 3812/3987/3812 3834/4010/3834 3833/4009/3833 3811/3986/3811
f 3813/3988/3813 3835/4011/3835 3834/4010/3834 3812/3987/3812
f 3814/3989/3814 3836/4012/3836 3835/4011/3835 3813/3988/3813
f 3815/3990/3815 3837/4013/3837 3836/4012/3836 3814/3989/3814
f 3816/3991/3816 3838/4014/3838 3837/4013/3837 3815/3990/3815
f 3817/3992/3817 3839/4015/3839 3838/4014/3838 3816/3991/3816
f 3818/3993/3818 3840/4016/3840 3839/4015/3839 3817/3992/3817
f 3819/3994/3819 3841/4017/3841 3840/4016/3840 3818/3993/3818
f 3820/3995/3820 3842/4018/3842 3841/4017/3841 3819/3994/3819
f 3821/3996/3821 3843/4019/3843 3842/4018/3842 3820/3995/3820
f 3822/3997/3822 3844/4020/3844 3843/4019/3843 3821/3996/3821
f 3823/3998/3823 3845/4021/3845 3844/4020/3844 3822/3997/3822
f 3824/3999/3824 3846/4022/3846 3845/4021/3845 3823/3998/3823
f 3825/4000/3825 3847/4023/3847 3846/4022/3846 3824/3999/3824
f 3826/4001/3826 3848/4024/3848 3847/4023/3847 3825/4000/3825
f 3827/4002/3827 3849/4025/3849 3848/4024/3848 3826/4001/3826
f 3828/3981/3828 3850/4004/3850 3849/4025/3849 3827/4002/3827
f 3829/4003/3829 3851/4026/3851 3872/4027/3872 3850/4004/3850
f 3830/4005/3830 3852/4028/3852 3851/4029/3851 3829/4006/3829
f 3831/4007/3831 3853/4030/3853 3852/4028/3852 3830/4005/3830
f 3832/4008/3832 3854/4031/3854 3853/4030/3853 3831/4007/3831
f 3833/4009/3833 3855/4032/3855 3854/4031/3854 3832/4008/3832
f 3834/4010/3834 3856/4033/3856 3855/4032/3855 3833/4009/3833
f 3835/4011/3835 3857/4034/3857 3856/4033/3856 3834/4010/3834
f 3836/4012/3836 3858/4035/3858 3857/4034/3857 3835/4011/3835
f 3837/4013/3837 3859/4036/3859 3858/4035/3858 3836/4012/3836
f 3838/4014/3838 3860/4037/3860 3859/4036/3859 3837/4013/3837
f 3839/4015/3839 3861/4038/3861 3860/4037/3860 3838/4014/3838
f 3840/4016/3840 3862/4039/3862 3861/4038/3861 3839/4015/3839
f 3841/4017/3841 3863/4040/3863 3862/4039/3862 3840/4016/3840
f 3842/4018/3842 3864/4041/3864 3863/4040/3863 3841/4017/3841
f 3843/4019/3843 3865/4042/3865 3864/4041/3864 3842/4018/3842
f 3844/4020/3844 3866/4043/3866 3865/4042/3865 3843/4019/3843
f 3845/4021/3845 3867/4044/3867 3866/4043/3866 3844/4020/3844
f 3846/4022/3846 3868/4045/3868 3867/4044/3867 3845/4021/3845
f 3847/4023/3847 3869/4046/3869 3868/4045/3868 3846/4022/3846
f 3848/4024/3848 3870/4047/3870 3869/4046/3869 3847/4023/3847
f 3849/4025/3849 3871/4048/3871 3870/4047/3870 3848/4024/3848
f 3850/4004/3850 3872/4027/3872 3871/4048/3871 3849/4025/3849
f 3851/4026/3851 3873/4049/3873 3894/4050/3894 3872/4027/3872
f 3852/4028/3852 3874/4051/3874 3873/4052/3873 3851/4029/3851
f 3853/4030/3853 3875/4053/3875 3874/4051/3874 3852/4028/3852
f 3854/4031/3854 3876/4054/3876 3875/4053/3875 3853/4030/3853
f 3855/4032/3855 3877/4055/3877 3876/4054/3876 3854/4031/3854
f 3856/4033/3856 3878/4056/3878 3877/4055/3877 3855/4032/3855
f 3857/4034/3857 3879/4057/3879 3878/4056/3878 3856/4033/3856
f 3858/4035/3858 3880/4058/3880 3879/4057/3879 3857/4034/3857
f 3859/4036/3859 3881/4059/3881 3880/4058/3880 3858/4035/3858
f 3860/4037/3860 3882/4060/3882 3881/4059/3881 3859/4036/3859
f 3861/4038/3861 3883/4061/3883 3882/4060/3882 3860/4037/3860
f 3862/4039/3862 3884/4062/3884 3883/4061/3883 3861/4038/3861
f 3863/4040/3863 3885/4063/3885 3884/4062/3884 3862/4039/3862
f 3864/4041/3864 3886/4064/3886 3885/4063/3885 3863/4040/3863
f 3865/4042/3865 3887/4065/3887 3886/4064/3886 3864/4041/3864
f 3866/4043/3866 3888/4066/3888 3887/4065/3887 3865/4042/3865
f 3867/4044/3867 3889/4067/3889 3888/4066/3888 3866/4043/3866
f 3868/4045/3868 3890/4068/3890 3889/4067/3889 3867/4044/3867
f 3869/4046/3869 3891/4069/3891 3890/4068/3890 3868/4045/3868
f 3870/4047/3870 3892/4070/3892 3891/4069/3891 3869/4046/3869
f 3871/4048/3871 3893/4071/3893 3892/4070/3892 3870/4047/3870
f 3872/4027/3872 3894/4050/3894 3893/4071/3893 3871/4048/3871
f 3873/4049/3873 3895/4072/3895 3916/4073/3916 3894/4050/3894
f 3874/4051/3874 3896/4074/3896 3895/4075/3895 3873/4052/3873
f 3875/4053/3875 3897/4076/3897 3896/4074/3896 3874/4051/3874
f 3876/4054/3876 3898/4077/3898 3897/4076/3897 3875/4053/3875
f 3877/4055/3877 3899/4078/3899 3898/4077/3898 3876/4054/3876
f 3878/4056/3878 3900/4079/3900 3899/4078/3899 3877/4055/3877
f 3879/4057/3879 3901/4080/3901 3900/4079/3900 3878/4056/3878
f 3880/4058/3880 3902/4081/3902 3901/4080/3901 3879/4057/3879
f 3881/4059/3881 3903/4082/3903 3902/4081/3902 3880/4058/3880
f 3882/4060/3882 3904/4083/3904 3903/4082/3903 3881/4059/3881
f 3883/4061/3883 3905/4084/3905 3904/4083/3904 3882/4060/3882
f 3884/4062/3884 3906/4085/3906 3905/4084/3905 3883/4061/3883
f 3885/4063/3885 3907/4086/3907 3906/4085/3906 3884/4062/3884
f 3886/4064/3886 3908/4087/3908 3907/4086/3907 3885/4063/3885
f 3887/4065/3887 3909/4088/3909 3908/4087/3908 3886/4064/3886
f 3888/4066/3888 3910/4089/3910 3909/4088/3909 3887/4065/3887
f 3889/4067/3889 3911/4090/3911 3910/4089/3910 3888/4066/3888
f 3890/4068/3890 3912/4091/3912 3911/4090/3911 3889/4067/3889
f 3891/4069/3891 3913/4092/3913 3912/4091/3912 3890/4068/3890
f 3892/4070/3892 3914/4093/3914 3913/4092/3913 3891/4069/3891
f 3893/4071/3893 3915/4094/3915 3914/4093/3914 3892/4070/3892
f 3894/4050/3894 3916/4073/3916 3915/4094/3915 3893/4071/3893
f 3895/4072/3895 3917/4095/3917 3938/4096/3938 3916/4073/3916
f 3896/4074/3896 3918/4097/3918 3917/4098/3917 3895/4075/3895
f 3897/4076/3897 3919/4099/3919 3918/4097/3918 3896/4074/3896
f 3898/4077/3898 3920/4100/3920 3919/4099/3919 3897/4076/3897
f 3899/4078/3899 3921/4101/3921 3920/4100/3920 3898/4077/3898
f 3900/4079/3900 3922/4102/3922 3921/4101/3921 3899/4078/3899
f 3901/4080/3901 3923/4103/3923 3922/4102/3922 3900/4079/3900
f 3902/4081/3902 3924/4104/3924 3923/4103/3923 3901/4080/3901
f 3903/4082/3903 3925/4105/3925 3924/4104/3924 3902/4081/3902
f 3904/4083/3904 3926/4106/3926 3925/4105/3925 3903/4082/3903
f 3905/4084/3905 3927/4107/3927 3926/4106/3926 3904/4083/3904
f 3906/4085/3906 3928/4108/3928 3927/4107/3927 3905/4084/3905
f 3907/4086/3907 3929/4109/3929 3928/4108/3928 3906/4085/3906
f 3908/4087/3908 3930/4110/3930 3929/4109/3929 3907/4086/3907
f 3909/4088/3909 3931/4111/3931 3930/4110/3930 3908/4087/3908
f 3910/4089/3910 3932/4112/3932 3931/4111/3931 3909/4088/3909
f 3911/4090/3911 3933/4113/3933 3932/4112/3932 3910/4089/3910
f 3912/4091/3912 3934/4114/3934 3933/4113/3933 3911/4090/3911
f 3913/4092/3913 3935/4115/3935 3934/4114/3934 3912/4091/3912
f 3914/4093/3914 3936/4116/3936 3935/4115/3935 3913/4092/3913
f 3915/4094/3915 3937/4117/3937 3936/4116/3936 3914/4093/3914
f 3916/4073/3916 3938/4096/3938 3937/4117/3937 3915/4094/3915
f 3917/4095/3917 3939/4118/3939 3960/4119/3960 3938/4096/3938
f 3918/4097/3918 3940/4120/3940 3939/4121/3939 3917/4098/3917
f 3919/4099/3919 3941/4122/3941 3940/4120/3940 3918/4097/3918
f 3920/4100/3920 3942/4123/3942 3941/4122/3941 3919/4099/3919
f 3921/4101/3921 3943/4124/3943 3942/4123/3942 3920/4100/3920
f 3922/4102/3922 3944/4125/3944 3943/4124/3943 3921/4101/3921
f 3923/4103/3923 3945/4126/3945 3944/4125/3944 3922/4102/3922
f 3924/4104/3924 3946/4127/3946 3945/4126/3945 3923/4103/3923
f 3925/4105/3925 3947/4128/3947 3946/4127/3946 3924/4104/3924
f 3926/4106/3926 3948/4129/3948 3947/4128/3947 3925/4105/3925
f 3927/4107/3927 3949/4130/3949 3948/4129/3948 3926/4106/3926
f 3928/4108/3928 3950/4131/3950 3949/4130/3949 3927/4107/3927
f 3929/4109/3929 3951/4132/3951 3950/4131/3950 3928/4108/3928
f 3930/4110/3930 3952/4133/3952 3951/4132/3951 3929/4109/3929
f 3931/4111/3931 3953/4134/3953 3952/4133/3952 3930/4110/3930
f 3932/4112/3932 3954/4135/3954 3953/4134/3953 3931/4111/3931
f 3933/4113/3933 3955/4136/3955 3954/4135/3954 3932/4112/3932
f 3934/4114/3934 3956/4137/3956 3955/4136/3955 3933/4113/3933
f 3935/4115/3935 3957/4138/3957 3956/4137/3956 3934/4114/3934
f 3936/4116/3936 3958/4139/3958 3957/4138/3957 3935/4115/3935
f 3937/4117/3937 3959/4140/3959 3958/4139/3958 3936/4116/3936
f 3938/4096/3938 3960/4119/3960 3959/4140/3959 3937/4117/3937
f 3939/4118/3939 3961/4141/3961 3982/4142/3982 3960/4119/3960
f 3940/4120/3940 3962/4143/3962 3961/4144/3961 3939/4121/3939
f 3941/4122/3941 3963/4145/3963 3962/4143/3962 3940/4120/3940
f 3942/4123/3942 3964/4146/3964 3963/4145/3963 3941/4122/3941
f 3943/4124/3943 3965/4147/3965 3964/4146/3964 3942/4123/3942
f 3944/4125/3944 3966/4148/3966 3965/4147/3965 3943/4124/3943
f 3945/4126/3945 3967/4149/3967 3966/4148/3966 3944/4125/3944
f 3946/4127/3946 3968/4150/3968 3967/4149/3967 3945/4126/3945
f 3947/4128/3947 3969/4151/3969 3968/4150/3968 3946/4127/3946
f 3948/4129/3948 3970/4152/3970 3969/4151/3969 3947/4128/3947
f 3949/4130/3949 3971/4153/3971 3970/4152/3970 3948/4129/3948
f 3950/4131/3950 3972/4154/3972 3971/4153/3971 3949/4130/3949
f 3951/4132/3951 3973/4155/3973 3972/4154/3972 3950/4131/3950
f 3952/4133/3952 3974/4156/3974 3973/4155/3973 3951/4132/3951
f 3953/4134/3953 3975/4157/3975 3974/4156/3974 3952/4133/3952
f 3954/4135/3954 3976/4158/3976 3975/4157/3975 3953/4134/3953
f 3955/4136/3955 3977/4159/3977 3976/4158/3976 3954/4135/3954
f 3956/4137/3956 3978/4160/3978 3977/4159/3977 3955/4136/3955
f 3957/4138/3957 3979/4161/3979 3978/4160/3978 3956/4137/3956
f 3958/4139/3958 3980/4162/3980 3979/4161/3979 3957/4138/3957
f 3959/4140/3959 3981/4163/3981 3980/4162/3980 3958/4139/3958
f 3960/4119/3960 3982/4142/3982 3981/4163/3981 3959/4140/3959
f 3961/4141/3961 3983/4164/3983 4004/4165/4004 3982/4142/3982
f 3962/4143/3962 3984/4166/3984 3983/4167/3983 3961/4144/3961
f 3963/4145/3963 3985/4168/3985 3984/4166/3984 3962/4143/3962
f 3964/4146/3964 3986/4169/3986 3985/4168/3985 3963/4145/3963
f 3965/4147/3965 3987/4170/3987 3986/4169/3986 3964/4146/3964
f 3966/4148/3966 3988/4171/3988 3987/4170/3987 3965/4147/3965
f 3967/4149/3967 3989/4172/3989 3988/4171/3988 3966/4148/3966
f 3968/4150/3968 3990/4173/3990 3989/4172/3989 3967/4149/3967
f 3969/4151/3969 3991/4174/3991 3990/4173/3990 3968/4150/3968
f 3970/4152/3970 3992/4175/3992 3991/4174/3991 3969/4151/3969
f 3971/4153/3971 3993/4176/3993 3992/4175/3992 3970/4152/3970
f 3972/4154/3972 3994/4177/3994 3993/4176/3993 3971/4153/3971
f 3973/4155/3973 3995/4178/3995 3994/4177/3994 3972/4154/3972
f 3974/4156/3974 3996/4179/3996 3995/4178/3995 3973/4155/3973
f 3975/4157/3975 3997/4180/3997 3996/4179/3996 3974/4156/3974
f 3976/4158/3976 3998/4181/3998 3997/4180/3997 3975/4157/3975
f 3977/4159/3977 3999/4182/3999 3998/4181/3998 3976/4158/3976
f 3978/4160/3978 4000/4183/4000 3999/4182/3999 3977/4159/3977
f 3979/4161/3979 4001/4184/4001 4000/4183/4000 3978/4160/3978
f 3980/4162/3980 4002/4185/4002 4001/4184/4001 3979/4161/3979
f 3981/4163/3981 4003/4186/4003 4002/4185/4002 3980/4162/3980
f 3982/4142/3982 4004/4165/4004 4003/4186/4003 3981/4163/3981
f 3983/4164/3983 4005/4187/4005 4026/4188/4026 4004/4165/4004
f 3984/4166/3984 4006/4189/4006 4005/4190/4005 3983/4167/3983
f 3985/4168/3985 4007/4191/4007 4006/4189/4006 3984/4166/3984
f 3986/4169/3986 4008/4192/4008 4007/4191/4007 3985/4168/3985
f 3987/4170/3987 4009/4193/4009 4008/4192/4008 3986/4169/3986
f 3988/4171/3988 4010/4194/4010 4009/4193/4009 3987/4170/3987
f 3989/4172/3989 4011/4195/4011 4010/4194/4010 3988/4171/3988
f 3990/4173/3990 4012/4196/4012 4011/4195/4011 3989/4172/3989
f 3991/4174/3991 4013/4197/4013 4012/4196/4012 3990/4173/3990
f 3992/4175/3992 4014/4198/4014 4013/4197/4013 3991/4174/3991
f 3993/4176/3993 4015/4199/4015 4014/4198/4014 3992/4175/3992
f 3994/4177/3994 4016/4200/4016 4015/4199/4015 3993/4176/3993
f 3995/4178/3995 4017/4201/4017 4016/4200/4016 3994/4177/3994
f 3996/4179/3996 4018/4202/4018 4017/4201/4017 3995/4178/3995
f 3997/4180/3997 4019/4203/4019 4018/4202/4018 3996/4179/3996
f 3998/4181/3998 4020/4204/4020 4019/4203/4019 3997/4180/3997
f 3999/4182/3999 4021/4205/4021 4020/4204/4020 3998/4181/3998
f 4000/4183/4000 4022/4206/4022 4021/4205/4021 3999/4182/3999
f 4001/4184/4001 4023/4207/4023 4022/4206/4022 4000/4183/4000
f 4002/4185/4002 4024/4208/4024 4023/4207/4023 4001/4184/4001
f 4003/4186/4003 4025/4209/4025 4024/4208/4024 4002/4185/4002
f 4004/4165/4004 4026/4188/4026 4025/4209/4025 4003/4186/4003
f 4005/4187/4005 4027/4210/4027 4048/4211/4048 4026/4188/4026
f 4006/4189/4006 4028/4212/4028 4027/4213/4027 4005/4190/4005
f 4007/4191/4007 4029/4214/4029 4028/4212/4028 4006/4189/4006
f 4008/4192/4008 4030/4215/4030 4029/4214/4029 4007/4191/4007
f 4009/4193/4009 4031/4216/4031 4030/4215/4030 4008/4192/4008
f 4010/4194/4010 4032/4217/4032 4031/4216/4031 4009/4193/4009
f 4011/4195/4011 4033/4218/4033 4032/4217/4032 4010/4194/4010
f 4012/4196/4012 4034/4219/4034 4033/4218/4033 4011/4195/4011
f 4013/4197/4013 4035/4220/4035 4034/4219/4034 4012/4196/4012
f 4014/4198/4014 4036/4221/4036 4035/4220/4035 4013/4197/4013
f 4015/4199/4015 4037/4222/4037 4036/4221/4036 4014/4198/4014
f 4016/4200/4016 4038/4223/4038 4037/4222/4037 4015/4199/4015
f 4017/4201/4017 4039/4224/4039 4038/4223/4038 4016/4200/4016
f 4018/4202/4018 4040/4225/4040 4039/4224/4039 4017/4201/4017
f 4019/4203/4019 4041/4226/4041 4040/4225/4040 4018/4202/4018
f 4020/4204/4020 4042/4227/4042 4041/4226/4041 4019/4203/4019
f 4021/4205/4021 4043/4228/4043 4042/4227/4042 4020/4204/4020
f 4022/4206/4022 4044/4229/4044 4043/4228/4043 4021/4205/4021
f 4023/4207/4023 4045/4230/4045 4044/4229/4044 4022/4206/4022
f 4024/4208/4024 4046/4231/4046 4045/4230/4045 4023/4207/4023
f 4025/4209/4025 4047/4232/4047 4046/4231/4046 4024/4208/4024
f 4026/4188/4026 4048/4211/4048 4047/4232/4047 4025/4209/4025
f 4027/4210/4027 4049/4233/4049 4070/4234/4070 4048/4211/4048
f 4028/4212/4028 4050/4235/4050 4049/4236/4049 4027/4213/4027
f 4029/4214/4029 4051/4237/4051 4050/4235/4050 4028/4212/4028
f 4030/4215/4030 4052/4238/4052 4051/4237/4051 4029/4214/4029
f 4031/4216/4031 4053/4239/4053 4052/4238/4052 4030/4215/4030
f 4032/4217/4032 4054/4240/4054 4053/4239/4053 4031/4216/4031
f 4033/4218/4033 4055/4241/4055 4054/4240/4054 4032/4217/4032
f 4034/4219/4034 4056/4242/4056 4055/4241/4055 4033/4218/4033
f 4035/4220/4035 4057/4243/4057 4056/4242/4056 4034/4219/4034
f 4036/4221/4036 4058/4244/4058 4057/4243/4057 4035/4220/4035
f 4037/4222/4037 4059/4245/4059 4058/4244/4058 4036/4221/4036
f 4038/4223/4038 4060/4246/4060 4059/4245/4059 4037/4222/4037
f 4039/4224/4039 4061/4247/4061 4060/4246/4060 4038/4223/4038
f 4040/4225/4040 4062/4248/4062 4061/4247/4061 4039/4224/4039
f 4041/4226/4041 4063/4249/4063 4062/4248/4062 4040/4225/4040
f 4042/4227/4042 4064/4250/4064 4063/4249/4063 4041/4226/4041
f 4043/4228/4043 4065/4251/4065 4064/4250/4064 4042/4227/4042
f 4044/4229/4044 4066/4252/4066 4065/4251/4065 4043/4228/4043
f 4045/4230/4045 4067/4253/4067 4066/4252/4066 4044/4229/4044
f 4046/4231/4046 4068/4254/4068 4067/4253/4067 4045/4230/4045
f 4047/4232/4047 4069/4255/4069 4068/4254/4068 4046/4231/4046
f 4048/4211/4048 4070/4234/4070 4069/4255/4069 4047/4232/4047
f 4049/4233/4049 4071/4256/4071 4092/4257/4092 4070/4234/4070
f 4050/4235/4050 4072/4258/4072 4071/4259/4071 4049/4236/4049
f 4051/4237/4051 4073/4260/4073 4072/4258/4072 4050/4235/4050
f 4052/4238/4052 4074/4261/4074 4073/4260/4073 4051/4237/4051
f 4053/4239/4053 4075/4262/4075 4074/4261/4074 4052/4238/4052
f 4054/4240/4054 4076/4263/4076 4075/4262/4075 4053/4239/4053
f 4055/4241/4055 4077/4264/4077 4076/4263/4076 4054/4240/4054
f 4056/4242/4056 4078/4265/4078 4077/4264/4077 4055/4241/4055
f 4057/4243/4057 4079/4266/4079 4078/4265/4078 4056/4242/4056
f 4058/4244/4058 4080/4267/4080 4079/4266/4079 4057/4243/4057
f 4059/4245/4059 4081/4268/4081 4080/4267/4080 4058/4244/4058
f 4060/4246/4060 4082/4269/4082 4081/4268/4081 4059/4245/4059
f 4061/4247/4061 4083/4270/4083 4082/4269/4082 4060/4246/4060
f 4062/4248/4062 4084/4271/4084 4083/4270/4083 4061/4247/4061
f 4063/4249/4063 4085/4272/4085 4084/4271/4084 4062/4248/4062
f 4064/4250/4064 4086/4273/4086 4085/4272/4085 4063/4249/4063
f 4065/4251/4065 4087/4274/4087 4086/4273/4086 4064/4250/4064
f 4066/4252/4066 4088/4275/4088 4087/4274/4087 4065/4251/4065
f 4067/4253/4067 4089/4276/4089 4088/4275/4088 4066/4252/4066
f 4068/4254/4068 4090/4277/4090 4089/4276/4089 4067/4253/4067
f 4069/4255/4069 4091/4278/4091 4090/4277/4090 4068/4254/4068
f 4070/4234/4070 4092/4257/4092 4091/4278/4091 4069/4255/4069
f 4071/4256/4071 4093/4279/4093 4114/4280/4114 4092/4257/4092
f 4072/4258/4072 4094/4281/4094 4093/4282/4093 4071/4259/4071
f 4073/4260/4073 4095/4283/4095 4094/4281/4094 4072/4258/4072
f 4074/4261/4074 4096/4284/4096 4095/4283/4095 4073/4260/4073
f 4075/4262/4075 4097/4285/4097 4096/4284/4096 4074/4261/4074
f 4076/4263/4076 4098/4286/4098 4097/4285/4097 4075/4262/4075
f 4077/4264/4077 4099/4287/4099 4098/4286/4098 4076/4263/4076
f 4078/4265/4078 4100/4288/4100 4099/4287/4099 4077/4264/4077
f 4079/4266/4079 4101/4289/4101 4100/4288/4100 4078/4265/4078
f 4080/4267/4080 4102/4290/4102 4101/4289/4101 4079/4266/4079
f 4081/4268/4081 4103/4291/4103 4102/4290/4102 4080/4267/4080
f 4082/4269/4082 4104/4292/4104 4103/4291/4103 4081/4268/4081
f 4083/4270/4083 4105/4293/4105 4104/4292/4104 4082/4269/4082
f 4084/4271/4084 4106/4294/4106 4105/4293/4105 4083/4270/4083
f 4085/4272/4085 4107/4295/4107 4106/4294/4106 4084/4271/4084
f 4086/4273/4086 4108/4296/4108 4107/4295/4107 4085/4272/4085
f 4087/4274/4087 4109/4297/4109 4108/4296/4108 4086/4273/4086
f 4088/4275/4088 4110/4298/4110 4109/4297/4109 4087/4274/4087
f 4089/4276/4089 4111/4299/4111 4110/4298/4110 4088/4275/4088
f 4090/4277/4090 4112/4300/4112 4111/4299/4111 4089/4276/4089
f 4091/4278/4091 4113/4301/4113 4112/4300/4112 4090/4277/4090
f 4092/4257/4092 4114/4280/4114 4113/4301/4113 4091/4278/4091
f 4093/4279/4093 4115/4302/4115 4136/4303/4136 4114/4280/4114
f 4094/4281/4094 4116/4304/4116 4115/4305/4115 4093/4282/4093
f 4095/4283/4095 4117/4306/4117 4116/4304/4116 4094/4281/4094
f 4096/4284/4096 4118/4307/4118 4117/4306/4117 4095/4283/4095
f 4097/4285/4097 4119/4308/4119 4118/4307/4118 4096/4284/4096
f 4098/4286/4098 4120/4309/4120 4119/4308/4119 4097/4285/4097
f 4099/4287/4099 4121/4310/4121 4120/4309/4120 4098/4286/4098
f 4100/4288/4100 4122/4311/4122 4121/4310/4121 4099/4287/4099
f 4101/4289/4101 4123/4312/4123 4122/4311/4122 4100/4288/4100
f 4102/4290/4102 4124/4313/4124 4123/4312/4123 4101/4289/4101
f 4103/4291/4103 4125/4314/4125 4124/4313/4124 4102/4290/4102
f 4104/4292/4104 4126/4315/4126 4125/4314/4125 4103/4291/4103
f 4105/4293/4105 4127/4316/4127 4126/4315/4126 4104/4292/4104
f 4106/4294/4106 4128/4317/4128 4127/4316/4127 4105/4293/4105
f 4107/4295/4107 4129/4318/4129 4128/4317/4128 4106/4294/4106
f 4108/4296/4108 4130/4319/4130 4129/4318/4129 4107/4295/4107
f 4109/4297/4109 4131/4320/4131 4130/4319/4130 4108/4296/4108
f 4110/4298/4110 4132/4321/4132 4131/4320/4131 4109/4297/4109
f 4111/4299/4111 4133/4322/4133 4132/4321/4132 4110/4298/4110
f 4112/4300/4112 4134/4323/4134 4133/4322/4133 4111/4299/4111
f 4113/4301/4113 4135/4324/4135 4134/4323/4134 4112/4300/4112
f 4114/4280/4114 4136/4303/4136 4135/4324/4135 4113/4301/4113
f 4115/4302/4115 4137/4325/4137 4158/4326/4158 4136/4303/4136
f 4116/4304/4116 4138/4327/4138 4137/4328/4137 4115/4305/4115
f 4117/4306/4117 4139/4329/4139 4138/4327/4138 4116/4304/4116
f 4118/4307/4118 4140/4330/4140 4139/4329/4139 4117/4306/4117
f 4119/4308/4119 4141/4331/4141 4140/4330/4140 4118/4307/4118
f 4120/4309/4120 4142/4332/4142 4141/4331/4141 4119/4308/4119
f 4121/4310/4121 4143/4333/4143 4142/4332/4142 4120/4309/4120
f 4122/4311/4122 4144/4334/4144 4143/4333/4143 4121/4310/4121
f 4123/4312/4123 4145/4335/4145 4144/4334/4144 4122/4311/4122
f 4124/4313/4124 4146/4336/4146 4145/4335/4145 4123/4312/4123
f 4125/4314/4125 4147/4337/4147 4146/4336/4146 4124/4313/4124
f 4126/4315/4126 4148/4338/4148 4147/4337/4147 4125/4314/4125
f 4127/4316/4127 4149/4339/4149 4148/4338/4148 4126/4315/4126
f 4128/4317/4128 4150/4340/4150 4149/4339/4149 4127/4316/4127
f 4129/4318/4129 4151/4341/4151 4150/4340/4150 4128/4317/4128
f 4130/4319/4130 4152/4342/4152 4151/4341/4151 4129/4318/4129
f 4131/4320/4131 4153/4343/4153 4152/4342/4152 4130/4319/4130
f 4132/4321/4132 4154/4344/4154 4153/4343/4153 4131/4320/4131
f 4133/4322/4133 4155/4345/4155 4154/4344/4154 4132/4321/4132
f 4134/4323/4134 4156/4346/4156 4155/4345/4155 4133/4322/4133
f 4135/4324/4135 4157/4347/4157 4156/4346/4156 4134/4323/4134
f 4136/4303/4136 4158/4326/4158 4157/4347/4157 4135/4324/4135
f 4137/4325/4137 4159/4348/4159 4180/4349/4180 4158/4326/4158
f 4138/4327/4138 4160/4350/4160 4159/4351/4159 4137/4328/4137
f 4139/4329/4139 4161/4352/4161 4160/4350/4160 4138/4327/4138
f 4140/4330/4140 4162/4353/4162 4161/4352/4161 4139/4329/4139
f 4141/4331/4141 4163/4354/4163 4162/4353/4162 4140/4330/4140
f 4142/4332/4142 4164/4355/4164 4163/4354/4163 4141/4331/4141
f 4143/4333/4143 4165/4356/4165 4164/4355/4164 4142/4332/4142
f 4144/4334/4144 4166/4357/4166 4165/4356/4165 4143/4333/4143
f 4145/4335/4145 4167/4358/4167 4166/4357/4166 4144/4334/4144
f 4146/4336/4146 4168/4359/4168 4167/4358/4167 4145/4335/4145
f 4147/4337/4147 4169/4360/4169 4168/4359/4168 4146/4336/4146
f 4148/4338/4148 4170/4361/4170 4169/4360/4169 4147/4337/4147
f 4149/4339/4149 4171/4362/4171 4170/4361/4170 4148/4338/4148
f 4150/4340/4150 4172/4363/4172 4171/4362/4171 4149/4339/4149
f 4151/4341/4151 4173/4364/4173 4172/4363/4172 4150/4340/4150
f 4152/4342/4152 4174/4365/4174 4173/4364/4173 4151/4341/4151
f 4153/4343/4153 4175/4366/4175 4174/4365/4174 4152/4342/4152
f 4154/4344/4154 4176/4367/4176 4175/4366/4175 4153/4343/4153
f 4155/4345/4155 4177/4368/4177 4176/4367/4176 4154/4344/4154
f 4156/4346/4156 4178/4369/4178 4177/4368/4177 4155/4345/4155
f 4157/4347/4157 4179/4370/4179 4178/4369/4178 4156/4346/4156
f 4158/4326/4158 4180/4349/4180 4179/4370/4179 4157/4347/4157
f 4159/4348/4159 4181/4371/4181 4202/4372/4202 4180/4349/4180
f 4160/4350/4160 4182/4373/4182 4181/4374/4181 4159/4351/4159
f 4161/4352/4161 4183/4375/4183 4182/4373/4182 4160/4350/4160
f 4162/4353/4162 4184/4376/4184 4183/4375/4183 4161/4352/4161
f 4163/4354/4163 4185/4377/4185 4184/4376/4184 4162/4353/4162
f 4164/4355/4164 4186/4378/4186 4185/4377/4185 4163/4354/4163
f 4165/4356/4165 4187/4379/4187 4186/4378/4186 4164/4355/4164
f 4166/4357/4166 4188/4380/4188 4187/4379/4187 4165/4356/4165
f 4167/4358/4167 4189/4381/4189 4188/4380/4188 4166/4357/4166
f 4168/4359/4168 4190/4382/4190 4189/4381/4189 4167/4358/4167
f 4169/4360/4169 4191/4383/4191 4190/4382/4190 4168/4359/4168
f 4170/4361/4170 4192/4384/4192 4191/4383/4191 4169/4360/4169
f 4171/4362/4171 4193/4385/4193 4192/4384/4192 4170/4361/4170
f 4172/4363/4172 4194/4386/4194 4193/4385/4193 4171/4362/4171
f 4173/4364/4173 4195/4387/4195 4194/4386/4194 4172/4363/4172
f 4174/4365/4174 4196/4388/4196 4195/4387/4195 4173/4364/4173
f 4175/4366/4175 4197/4389/4197 4196/4388/4196 4174/4365/4174
f 4176/4367/4176 4198/4390/4198 4197/4389/4197 4175/4366/4175
f 4177/4368/4177 4199/4391/4199 4198/4390/4198 4176/4367/4176
f 4178/4369/4178 4200/4392/4200 4199/4391/4199 4177/4368/4177
f 4179/4370/4179 4201/4393/4201 4200/4392/4200 4178/4369/4178
f 4180/4349/4180 4202/4372/4202 4201/4393/4201 4179/4370/4179
f 4181/4371/4181 4203/4394/4203 4224/4395/4224 4202/4372/4202
f 4182/4373/4182 4204/4396/4204 4203/4397/4203 4181/4374/4181
f 4183/4375/4183 4205/4398/4205 4204/4396/4204 4182/4373/4182
f 4184/4376/4184 4206/4399/4206 4205/4398/4205 4183/4375/4183
f 4185/4377/4185 4207/4400/4207 4206/4399/4206 4184/4376/4184
f 4186/4378/4186 4208/4401/4208 4207/4400/4207 4185/4377/4185
f 4187/4379/4187 4209/4402/4209 4208/4401/4208 4186/4378/4186
f 4188/4380/4188 4210/4403/4210 4209/4402/4209 4187/4379/4187
f 4189/4381/4189 4211/4404/4211 4210/4403/4210 4188/4380/4188
f 4190/4382/4190 4212/4405/4212 4211/4404/4211 4189/4381/4189
f 4191/4383/4191 4213/4406/4213 4212/4405/4212 4190/4382/4190
f 4192/4384/4192 4214/4407/4214 4213/4406/4213 4191/4383/4191
f 4193/4385/4193 4215/4408/4215 4214/4407/4214 4192/4384/4192
f 4194/4386/4194 4216/4409/4216 4215/4408/4215 4193/4385/4193
f 4195/4387/4195 4217/4410/4217 4216/4409/4216 4194/4386/4194
f 4196/4388/4196 4218/4411/4218 4217/4410/4217 4195/4387/4195
f 4197/4389/4197 4219/4412/4219 4218/4411/4218 4196/4388/4196
f 4198/4390/4198 4220/4413/4220 4219/4412/4219 4197/4389/4197
f 4199/4391/4199 4221/4414/4221 4220/4413/4220 4198/4390/4198
f 4200/4392/4200 4222/4415/4222 4221/4414/4221 4199/4391/4199
f 4201/4393/4201 4223/4416/4223 4222/4415/4222 4200/4392/4200
f 4202/4372/4202 4224/4395/4224 4223/4416/4223 4201/4393/4201
f 4203/4394/4203 4225/4417/4225 4246/4418/4246 4224/4395/4224
f 4204/4396/4204 4226/4419/4226 4225/4420/4225 4203/4397/4203
f 4205/4398/4205 4227/4421/4227 4226/4419/4226 4204/4396/4204
f 4206/4399/4206 4228/4422/4228 4227/4421/4227 4205/4398/4205
f 4207/4400/4207 4229/4423/4229 4228/4422/4228 4206/4399/4206
f 4208/4401/4208 4230/4424/4230 4229/4423/4229 4207/4400/4207
f 4209/4402/4209 4231/4425/4231 4230/4424/4230 4208/4401/4208
f 4210/4403/4210 4232/4426/4232 4231/4425/4231 4209/4402/4209
f 4211/4404/4211 4233/4427/4233 4232/4426/4232 4210/4403/4210
f 4212/4405/4212 4234/4428/4234 4233/4427/4233 4211/4404/4211
f 4213/4406/4213 4235/4429/4235 4234/4428/4234 4212/4405/4212
f 4214/4407/4214 4236/4430/4236 4235/4429/4235 4213/4406/4213
f 4215/4408/4215 4237/4431/4237 4236/4430/4236 4214/4407/4214
f 4216/4409/4216 4238/4432/4238 4237/4431/4237 4215/4408/4215
f 4217/4410/4217 4239/4433/4239 4238/4432/4238 4216/4409/4216
f 4218/4411/4218 4240/4434/4240 4239/4433/4239 4217/4410/4217
f 4219/4412/4219 4241/4435/4241 4240/4434/4240 4218/4411/4218
f 4220/4413/4220 4242/4436/4242 4241/4435/4241 4219/4412/4219
f 4221/4414/4221 4243/4437/4243 4242/4436/4242 4220/4413/4220
f 4222/4415/4222 4244/4438/4244 4243/4437/4243 4221/4414/4221
f 4223/4416/4223 4245/4439/4245 4244/4438/4244 4222/4415/4222
f 4224/4395/4224 4246/4418/4246 4245/4439/4245 4223/4416/4223
f 4225/4417/4225 4247/4440/4247 4268/4441/4268 4246/4418/4246
f 4226/4419/4226 4248/4442/4248 4247/4443/4247 4225/4420/4225
f 4227/4421/4227 4249/4444/4249 4248/4442/4248 4226/4419/4226
f 4228/4422/4228 4250/4445/4250 4249/4444/4249 4227/4421/4227
f 4229/4423/4229 4251/4446/4251 4250/4445/4250 4228/4422/4228
f 4230/4424/4230 4252/4447/4252 4251/4446/4251 4229/4423/4229
f 4231/4425/4231 4253/4448/4253 4252/4447/4252 4230/4424/4230
f 4232/4426/4232 4254/4449/4254 4253/4448/4253 4231/4425/4231
f 4233/4427/4233 4255/4450/4255 4254/4449/4254 4232/4426/4232
f 4234/4428/4234 4256/4451/4256 4255/4450/4255 4233/4427/4233
f 4235/4429/4235 4257/4452/4257 4256/4451/4256 4234/4428/4234
f 4236/4430/4236 4258/4453/4258 4257/4452/4257 4235/4429/4235
f 4237/4431/4237 4259/4454/4259 4258/4453/4258 4236/4430/4236
f 4238/4432/4238 4260/4455/4260 4259/4454/4259 4237/4431/4237
f 4239/4433/4239 4261/4456/4261 4260/4455/4260 4238/4432/4238
f 4240/4434/4240 4262/4457/4262 4261/4456/4261 4239/4433/4239
f 4241/4435/4241 4263/4458/4263 4262/4457/4262 4240/4434/4240
f 4242/4436/4242 4264/4459/4264 4263/4458/4263 4241/4435/4241
f 4243/4437/4243 4265/4460/4265 4264/4459/4264 4242/4436/4242
f 4244/4438/4244 4266/4461/4266 4265/4460/4265 4243/4437/4243
f 4245/4439/4245 4267/4462/4267 4266/4461/4266 4244/4438/4244
f 4246/4418/4246 4268/4441/4268 4267/4462/4267 4245/4439/4245
f 4247/4440/4247 4269/4463/4269 4290/4464/4290 4268/4441/4268
f 4248/4442/4248 4270/4465/4270 4269/4466/4269 4247/4443/4247
f 4249/4444/4249 4271/4467/4271 4270/4465/4270 4248/4442/4248
f 4250/4445/4250 4272/4468/4272 4271/4467/4271 4249/4444/4249
f 4251/4446/4251 4273/4469/4273 4272/4468/4272 4250/4445/4250
f 4252/4447/4252 4274/4470/4274 4273/4469/4273 4251/4446/4251
f 4253/4448/4253 4275/4471/4275 4274/4470/4274 4252/4447/4252
f 4254/4449/4254 4276/4472/4276 4275/4471/4275 4253/4448/4253
f 4255/4450/4255 4277/4473/4277 4276/4472/4276 4254/4449/4254
f 4256/4451/4256 4278/4474/4278 4277/4473/4277 4255/4450/4255
f 4257/4452/4257 4279/4475/4279 4278/4474/4278 4256/4451/4256
f 4258/4453/4258 4280/4476/4280 4279/4475/4279 4257/4452/4257
f 4259/4454/4259 4281/4477/4281 4280/4476/4280 4258/4453/4258
f 4260/4455/4260 4282/4478/4282 4281/4477/4281 4259/4454/4259
f 4261/4456/4261 4283/4479/4283 4282/4478/4282 4260/4455/4260
f 4262/4457/4262 4284/4480/4284 4283/4479/4283 4261/4456/4261
f 4263/4458/4263 4285/4481/4285 4284/4480/4284 4262/4457/4262
f 4264/4459/4264 4286/4482/4286 4285/4481/4285 4263/4458/4263
f 4265/4460/4265 4287/4483/4287 4286/4482/4286 4264/4459/4264
f 4266/4461/4266 4288/4484/4288 4287/4483/4287 4265/4460/4265
f 4267/4462/4267 4289/4485/4289 4288/4484/4288 4266/4461/4266
f 4268/4441/4268 4290/4464/4290 4289/4485/4289 4267/4462/4267
f 4269/4463/4269 4291/4486/4291 4312/4487/4312 4290/4464/4290
f 4270/4465/4270 4292/4488/4292 4291/4489/4291 4269/4466/4269
f 4271/4467/4271 4293/4490/4293 4292/4488/4292 4270/4465/4270
f 4272/4468/4272 4294/4491/4294 4293/4490/4293 4271/4467/4271
f 4273/4469/4273 4295/4492/4295 4294/4491/4294 4272/4468/4272
f 4274/4470/4274 4296/4493/4296 4295/4492/4295 4273/4469/4273
f 4275/4471/4275 4297/4494/4297 4296/4493/4296 4274/4470/4274
f 4276/4472/4276 4298/4495/4298 4297/4494/4297 4275/4471/4275
f 4277/4473/4277 4299/4496/4299 4298/4495/4298 4276/4472/4276
f 4278/4474/4278 4300/4497/4300 4299/4496/4299 4277/4473/4277
f 4279/4475/4279 4301/4498/4301 4300/4497/4300 4278/4474/4278
f 4280/4476/4280 4302/4499/4302 4301/4498/4301 4279/4475/4279
f 4281/4477/4281 4303/4500/4303 4302/4499/4302 4280/4476/4280
f 4282/4478/4282 4304/4501/4304 4303/4500/4303 4281/4477/4281
f 4283/4479/4283 4305/4502/4305 4304/4501/4304 4282/4478/4282
f 4284/4480/4284 4306/4503/4306 4305/4502/4305 4283/4479/4283
f 4285/4481/4285 4307/4504/4307 4306/4503/4306 4284/4480/4284
f 4286/4482/4286 4308/4505/4308 4307/4504/4307 4285/4481/4285
f 4287/4483/4287 4309/4506/4309 4308/4505/4308 4286/4482/4286
f 4288/4484/4288 4310/4507/4310 4309/4506/4309 4287/4483/4287
f 4289/4485/4289 4311/4508/4311 4310/4507/4310 4288/4484/4288
f 4290/4464/4290 4312/4487/4312 4311/4508/4311 4289/4485/4289
